name,email,phone,address,city,state,zip,country
Elite Distributors,elite@oscorp.com,+1-402-599-7623,9475 Lake Dr,San Antonio,CO,14256,US
Apex Industries,apex@oscorp.com,+1-891-691-7726,6729 Lake Dr,Nashville,TX,79149,US
United Corp,united@initech.com,+1-247-827-3074,6527 Main St,Phoenix,GA,42365,US
Allied Enterprises,allied@umbrella.com,+1-935-424-5956,532 Market St,Austin,CO,20303,US
Global Corp,global@stark.com,+1-281-458-4156,4017 Oak Ave,Dallas,GA,16192,US
Superior Corp,superior@hooli.com,+1-546-408-6429,1058 Park Ave,Austin,IL,71205,US
Global Logistics,global@wayne.com,+1-600-695-2925,6880 Market St,Boston,OH,63324,US
Allied Distributors,allied@wayne.com,+1-477-585-8442,4479 Washington Blvd,Philadelphia,GA,71478,US
Superior Corp,superior@cyberdyne.com,+1-233-950-4607,5799 Broadway,San Antonio,MN,20181,US
Superior Corp,superior@oscorp.com,+1-996-270-8105,2485 Hill Rd,Denver,GA,79356,US
First Trading Co,first@cyberdyne.com,+1-201-914-5504,3129 Washington Blvd,Seattle,IL,58752,US
Apex Logistics,apex@massive.com,+1-763-137-8661,6302 Lake Dr,Nashville,NY,94351,US
Superior Distributors,superior@umbrella.com,+1-213-618-3289,9383 Elm St,Chicago,TX,42086,US
Global Supplies,global@acmecorp.com,+1-492-375-7755,443 Washington Blvd,San Antonio,AZ,77388,US
Global Enterprises,global@umbrella.com,+1-478-509-9359,727 Market St,New York,CO,78444,US
United Logistics,united@initech.com,+1-355-913-2531,4534 Elm St,Denver,CA,35459,US
Premier Enterprises,premier@cyberdyne.com,+1-744-759-5551,2897 Elm St,Denver,OH,93440,US
Elite Supplies,elite@massive.com,+1-517-377-9860,9637 Market St,New York,FL,96472,US
Allied Supplies,allied@acmecorp.com,+1-289-733-7704,1703 Oak Ave,Chicago,IL,64273,US
Allied Industries,allied@stark.com,+1-433-940-4551,9761 Lake Dr,Chicago,CA,41660,US
Elite Corp,elite@umbrella.com,+1-756-760-8327,6007 Broadway,New York,GA,65639,US
First Distributors,first@hooli.com,+1-200-629-8421,992 Main St,Austin,AZ,66359,US
Elite Corp,elite@acmecorp.com,+1-624-614-4123,4126 Hill Rd,Seattle,WA,99671,US
Premier Logistics,premier@acmecorp.com,+1-462-953-8312,6390 Market St,Los Angeles,MN,75706,US
Allied Logistics,allied@initech.com,+1-809-573-9961,7378 Lake Dr,Nashville,FL,66605,US
Apex Industries,apex@umbrella.com,+1-778-706-6674,6618 Market St,Philadelphia,AZ,88728,US
Superior Industries,superior@oscorp.com,+1-950-461-3962,2417 Oak Ave,San Diego,TX,14770,US
Elite Industries,elite@umbrella.com,+1-772-156-6418,1969 Washington Blvd,Boston,OH,42096,US
Allied Corp,allied@umbrella.com,+1-984-872-1448,1882 Oak Ave,Atlanta,CA,82205,US
Apex Trading Co,apex@cyberdyne.com,+1-983-296-1261,8823 Park Ave,Portland,GA,91295,US
Allied Enterprises,allied@hooli.com,+1-960-449-2816,1514 River Rd,San Diego,CO,78757,US
Allied Supplies,allied@globex.com,+1-588-687-4751,6949 River Rd,Miami,TN,98989,US
United Trading Co,united@cyberdyne.com,+1-432-239-2933,3993 Broadway,Phoenix,NY,53870,US
Premier Corp,premier@hooli.com,+1-709-354-6659,9134 Oak Ave,Denver,CA,25989,US
First Enterprises,first@wayne.com,+1-864-988-2111,7536 River Rd,Philadelphia,IL,95865,US
Superior Industries,superior@cyberdyne.com,+1-239-572-4883,9025 Broadway,Portland,OR,33830,US
Allied Supplies,allied@initech.com,+1-284-719-9209,2222 Park Ave,New York,NY,74945,US
United Supplies,united@cyberdyne.com,+1-995-271-4338,3003 Hill Rd,Atlanta,PA,59867,US
Apex Logistics,apex@cyberdyne.com,+1-718-776-5659,8048 Washington Blvd,Nashville,WA,22763,US
Premier Industries,premier@acmecorp.com,+1-428-167-7020,7444 Oak Ave,Phoenix,CA,85571,US
United Supplies,united@cyberdyne.com,+1-944-153-3982,2775 Lake Dr,San Antonio,FL,90700,US
Elite Supplies,elite@oscorp.com,+1-333-571-5426,4257 Broadway,Houston,CO,13164,US
Premier Industries,premier@acmecorp.com,+1-296-368-2050,2961 Market St,San Antonio,WA,99286,US
Elite Industries,elite@stark.com,+1-994-486-3537,7381 Broadway,Portland,OR,86074,US
Allied Corp,allied@cyberdyne.com,+1-763-265-6534,6794 Hill Rd,Miami,IL,20913,US
First Industries,first@oscorp.com,+1-883-499-4028,3067 Park Ave,Dallas,OR,25288,US
Allied Enterprises,allied@stark.com,+1-434-652-5906,2528 Main St,San Diego,GA,43868,US
First Corp,first@acmecorp.com,+1-417-857-1624,4127 Lake Dr,San Diego,FL,90742,US
Superior Industries,superior@massive.com,+1-530-416-9296,3210 River Rd,Houston,MA,86579,US
Apex Logistics,apex@stark.com,+1-877-893-1577,8082 Oak Ave,Houston,NY,79659,US
Elite Enterprises,elite@massive.com,+1-455-517-6710,2062 Lake Dr,Phoenix,CO,44245,US
Premier Logistics,premier@globex.com,+1-319-460-2177,8667 River Rd,Phoenix,IL,97915,US
First Enterprises,first@massive.com,+1-423-530-3650,1248 Main St,Denver,CA,95177,US
Elite Industries,elite@cyberdyne.com,+1-486-294-4407,5284 Oak Ave,San Antonio,FL,69309,US
Allied Industries,allied@stark.com,+1-807-830-4226,5581 Washington Blvd,Seattle,CA,34859,US
Allied Enterprises,allied@umbrella.com,+1-818-529-4060,1901 Washington Blvd,Dallas,TX,30164,US
First Corp,first@cyberdyne.com,+1-824-358-1142,9854 Elm St,Minneapolis,TX,12699,US
First Enterprises,first@initech.com,+1-263-379-8813,372 Main St,Chicago,OR,56506,US
Elite Trading Co,elite@cyberdyne.com,+1-869-751-5176,998 River Rd,New York,GA,31407,US
United Supplies,united@umbrella.com,+1-304-782-4343,6955 Broadway,Denver,TX,16496,US
United Industries,united@cyberdyne.com,+1-833-637-6908,7252 Market St,Minneapolis,CA,67443,US
Elite Trading Co,elite@cyberdyne.com,+1-511-626-9765,229 Park Ave,Dallas,FL,72342,US
Premier Corp,premier@oscorp.com,+1-474-591-6429,6539 Elm St,Seattle,MN,18663,US
Global Trading Co,global@acmecorp.com,+1-548-731-6405,3717 Hill Rd,Boston,TX,70067,US
Apex Logistics,apex@umbrella.com,+1-657-256-5570,5195 Broadway,Los Angeles,IL,35270,US
United Enterprises,united@acmecorp.com,+1-971-992-1483,4045 Elm St,Dallas,GA,69213,US
Superior Industries,superior@umbrella.com,+1-768-724-2559,9816 Elm St,Miami,MA,78705,US
Global Corp,global@oscorp.com,+1-772-129-5813,4076 Hill Rd,Chicago,AZ,87607,US
Superior Distributors,superior@globex.com,+1-312-597-9414,2835 Main St,Austin,TX,70353,US
Premier Trading Co,premier@massive.com,+1-363-798-6668,8517 Lake Dr,Chicago,MA,29501,US
Elite Trading Co,elite@globex.com,+1-392-109-2444,8481 Broadway,San Antonio,CA,57907,US
Allied Enterprises,allied@globex.com,+1-532-449-7610,9930 Hill Rd,Houston,PA,24589,US
Allied Industries,allied@initech.com,+1-399-230-4681,6085 Washington Blvd,Denver,CA,25912,US
United Distributors,united@oscorp.com,+1-820-839-8458,6894 Washington Blvd,Seattle,OH,72058,US
United Logistics,united@cyberdyne.com,+1-358-431-3733,9060 Market St,San Diego,FL,22623,US
First Corp,first@oscorp.com,+1-331-333-2674,3091 Washington Blvd,Portland,MA,24932,US
United Enterprises,united@wayne.com,+1-309-457-5353,4089 Elm St,San Diego,TN,93466,US
First Trading Co,first@wayne.com,+1-510-286-4544,2760 Market St,Philadelphia,PA,31704,US
United Industries,united@massive.com,+1-235-868-2715,7895 Broadway,San Diego,PA,37176,US
Premier Logistics,premier@acmecorp.com,+1-863-458-5247,467 Park Ave,Los Angeles,AZ,84022,US
Allied Logistics,allied@stark.com,+1-601-931-9511,177 Market St,Austin,IL,77028,US
Apex Distributors,apex@cyberdyne.com,+1-743-411-4778,7464 Lake Dr,Denver,NY,90311,US
Allied Logistics,allied@umbrella.com,+1-557-622-9414,9495 River Rd,Boston,OR,27713,US
Superior Supplies,superior@cyberdyne.com,+1-320-352-1737,1340 Main St,Boston,MA,12303,US
First Corp,first@wayne.com,+1-453-390-8225,1036 Market St,New York,OR,59470,US
Global Trading Co,global@initech.com,+1-285-322-7578,4313 Washington Blvd,Minneapolis,FL,72689,US
Premier Distributors,premier@hooli.com,+1-326-811-7401,3198 Market St,Austin,OH,68276,US
United Corp,united@cyberdyne.com,+1-597-937-1097,9861 Elm St,Philadelphia,PA,91539,US
Superior Trading Co,superior@initech.com,+1-645-291-2403,3508 Washington Blvd,Phoenix,TN,47807,US
Elite Distributors,elite@stark.com,+1-869-852-1644,8406 Hill Rd,Phoenix,FL,93535,US
United Logistics,united@acmecorp.com,+1-833-891-6219,9583 Elm St,Miami,WA,26881,US
Superior Corp,superior@cyberdyne.com,+1-412-250-2015,2692 Market St,New York,TN,34464,US
Apex Corp,apex@hooli.com,+1-480-208-9512,1702 Lake Dr,San Diego,PA,44016,US
United Trading Co,united@cyberdyne.com,+1-870-141-9343,2687 Market St,Boston,GA,75373,US
Global Supplies,global@acmecorp.com,+1-405-636-3541,5451 Broadway,Miami,AZ,84194,US
Premier Enterprises,premier@cyberdyne.com,+1-253-805-7411,8211 Oak Ave,Boston,TN,86952,US
Global Industries,global@umbrella.com,+1-422-183-6732,8831 Hill Rd,Chicago,GA,44985,US
Apex Distributors,apex@cyberdyne.com,+1-200-335-2449,1863 Market St,Philadelphia,PA,59514,US
Elite Enterprises,elite@umbrella.com,+1-854-730-1101,9741 Washington Blvd,Dallas,CA,12641,US
Premier Enterprises,premier@wayne.com,+1-447-733-6625,5643 Broadway,San Diego,GA,22067,US
Global Logistics,global@globex.com,+1-588-125-3576,7825 Washington Blvd,Denver,NY,10654,US
Apex Logistics,apex@globex.com,+1-798-175-5685,4768 Main St,Miami,MN,20808,US
Superior Corp,superior@oscorp.com,+1-951-432-9459,9831 Lake Dr,Philadelphia,MA,22546,US
Elite Logistics,elite@stark.com,+1-922-698-9395,5142 Lake Dr,Los Angeles,OH,99455,US
Superior Enterprises,superior@cyberdyne.com,+1-966-674-7533,8064 Main St,Seattle,FL,60904,US
Superior Distributors,superior@massive.com,+1-793-296-6792,9613 Elm St,New York,IL,58288,US
Global Enterprises,global@massive.com,+1-335-496-4873,3322 Main St,Phoenix,WA,74660,US
Allied Logistics,allied@acmecorp.com,+1-449-787-8495,4300 River Rd,Houston,TX,30796,US
Elite Supplies,elite@umbrella.com,+1-321-691-8972,1174 Elm St,Minneapolis,PA,80021,US
Superior Industries,superior@stark.com,+1-656-687-3758,2490 Washington Blvd,Seattle,TX,44885,US
Premier Distributors,premier@cyberdyne.com,+1-556-987-3186,9631 Main St,Minneapolis,GA,87149,US
Apex Enterprises,apex@hooli.com,+1-810-199-8416,694 Washington Blvd,Philadelphia,TN,19127,US
Superior Trading Co,superior@globex.com,+1-804-157-5730,3252 Broadway,Philadelphia,CA,78318,US
Global Supplies,global@massive.com,+1-997-629-9723,8577 Elm St,New York,TX,51448,US
United Trading Co,united@globex.com,+1-330-962-3713,2015 Park Ave,Chicago,MN,56902,US
Superior Supplies,superior@wayne.com,+1-990-862-8684,6575 Hill Rd,San Antonio,TX,10556,US
First Logistics,first@massive.com,+1-442-781-6068,604 Broadway,Nashville,FL,58451,US
Superior Industries,superior@oscorp.com,+1-618-437-5080,1447 Elm St,San Diego,OH,32179,US
Apex Distributors,apex@hooli.com,+1-996-324-9891,6775 Main St,Minneapolis,TN,74263,US
Global Industries,global@acmecorp.com,+1-919-436-7523,6470 River Rd,San Antonio,TX,43087,US
Superior Logistics,superior@globex.com,+1-929-179-6544,7362 Washington Blvd,Denver,FL,47881,US
Allied Enterprises,allied@oscorp.com,+1-317-296-1798,2243 Hill Rd,Austin,WA,85891,US
Elite Enterprises,elite@oscorp.com,+1-620-721-6394,6435 Lake Dr,Denver,WA,10863,US
Global Corp,global@oscorp.com,+1-377-560-2653,4088 Washington Blvd,Seattle,GA,65835,US
Premier Logistics,premier@oscorp.com,+1-265-642-7938,3054 Elm St,Boston,IL,86090,US
Premier Distributors,premier@globex.com,+1-719-808-5314,3377 Main St,Boston,PA,88261,US
Global Supplies,global@hooli.com,+1-536-980-7200,4110 Park Ave,San Diego,IL,67199,US
Apex Enterprises,apex@oscorp.com,+1-467-111-2275,4818 Broadway,Portland,IL,56255,US
Allied Logistics,allied@stark.com,+1-312-897-7092,4050 River Rd,New York,IL,74510,US
Elite Distributors,elite@umbrella.com,+1-236-459-4831,9813 Broadway,Los Angeles,GA,51018,US
Apex Corp,apex@stark.com,+1-727-369-1159,5069 Washington Blvd,Phoenix,TX,39006,US
United Supplies,united@umbrella.com,+1-973-862-4117,1951 Hill Rd,Atlanta,OH,92516,US
Elite Corp,elite@initech.com,+1-808-371-8302,9136 Oak Ave,Chicago,FL,54382,US
United Enterprises,united@wayne.com,+1-649-333-9620,5704 Lake Dr,New York,WA,18295,US
Elite Distributors,elite@acmecorp.com,+1-257-667-6178,1377 Market St,Austin,AZ,25346,US
Superior Enterprises,superior@umbrella.com,+1-690-923-9330,4073 Hill Rd,New York,WA,90935,US
Elite Distributors,elite@umbrella.com,+1-360-997-9231,3772 Market St,Minneapolis,MA,97524,US
First Industries,first@umbrella.com,+1-898-235-3547,1737 River Rd,Minneapolis,OH,71189,US
First Corp,first@hooli.com,+1-928-806-7150,6620 Broadway,Dallas,CA,38632,US
Allied Corp,allied@globex.com,+1-797-540-7897,6968 Washington Blvd,Dallas,TX,73556,US
Superior Industries,superior@massive.com,+1-296-387-1213,9219 Elm St,Miami,CO,83855,US
Superior Distributors,superior@hooli.com,+1-253-321-5802,9745 Oak Ave,Dallas,PA,51118,US
Superior Distributors,superior@wayne.com,+1-734-688-8362,1675 Oak Ave,New York,TN,55232,US
Apex Distributors,apex@hooli.com,+1-943-685-1782,2766 Lake Dr,Los Angeles,CA,54962,US
Allied Corp,allied@stark.com,+1-538-421-9670,8288 Lake Dr,Nashville,MA,52807,US
Superior Enterprises,superior@oscorp.com,+1-309-445-7083,8611 Market St,New York,TN,44335,US
United Industries,united@oscorp.com,+1-412-427-6383,1147 River Rd,Minneapolis,TX,98795,US
Premier Distributors,premier@massive.com,+1-515-408-6283,8404 Main St,Phoenix,WA,17521,US
Allied Industries,allied@acmecorp.com,+1-209-674-2914,4044 Washington Blvd,Austin,MA,95284,US
First Enterprises,first@wayne.com,+1-651-657-1676,6610 Market St,San Diego,OR,96728,US
Superior Distributors,superior@acmecorp.com,+1-989-508-7482,3818 Market St,Los Angeles,IL,31021,US
Allied Logistics,allied@massive.com,+1-223-992-4023,9083 River Rd,Seattle,CA,52289,US
Premier Distributors,premier@hooli.com,+1-981-133-2682,8949 Elm St,Austin,MN,55990,US
First Industries,first@umbrella.com,+1-899-490-8333,8373 Lake Dr,Boston,OH,11657,US
Premier Supplies,premier@massive.com,+1-293-335-1229,4618 Washington Blvd,Minneapolis,PA,95632,US
United Distributors,united@umbrella.com,+1-351-205-1322,180 Park Ave,Portland,IL,13335,US
First Industries,first@stark.com,+1-366-184-1210,4428 Oak Ave,Boston,OH,37060,US
United Enterprises,united@stark.com,+1-529-647-5709,3502 Main St,Miami,WA,25830,US
Superior Industries,superior@oscorp.com,+1-728-905-8008,4223 Lake Dr,Philadelphia,NY,76573,US
Apex Trading Co,apex@oscorp.com,+1-406-716-1290,6114 River Rd,Philadelphia,MA,40958,US
Allied Supplies,allied@hooli.com,+1-483-568-4490,5583 Washington Blvd,Dallas,TN,14837,US
First Corp,first@massive.com,+1-469-577-8250,7822 Washington Blvd,Nashville,GA,40192,US
Superior Enterprises,superior@globex.com,+1-227-439-2413,9072 Park Ave,New York,WA,20060,US
Elite Corp,elite@massive.com,+1-321-657-5988,3528 Market St,Denver,TN,36762,US
First Logistics,first@initech.com,+1-332-804-7025,7505 Market St,Atlanta,WA,67063,US
Global Logistics,global@initech.com,+1-242-435-6286,3793 Market St,San Antonio,OH,50514,US
Apex Supplies,apex@cyberdyne.com,+1-807-109-4360,9572 Park Ave,Portland,TX,83171,US
Apex Industries,apex@acmecorp.com,+1-519-937-8050,4286 Main St,Miami,GA,58887,US
United Industries,united@oscorp.com,+1-969-136-9488,4518 Elm St,New York,AZ,90281,US
United Logistics,united@wayne.com,+1-929-514-9352,7909 River Rd,Minneapolis,OH,65370,US
Premier Enterprises,premier@initech.com,+1-284-230-5576,1900 Park Ave,Minneapolis,TN,76131,US
First Enterprises,first@hooli.com,+1-361-808-1918,6166 Hill Rd,Dallas,OH,78509,US
Allied Trading Co,allied@stark.com,+1-696-347-3646,1027 Washington Blvd,Dallas,WA,55165,US
Apex Corp,apex@stark.com,+1-696-554-6692,7571 River Rd,Minneapolis,PA,53996,US
Superior Supplies,superior@massive.com,+1-775-439-2752,3955 Washington Blvd,Phoenix,AZ,58845,US
Allied Enterprises,allied@umbrella.com,+1-251-214-3212,5967 River Rd,Portland,PA,93396,US
Elite Industries,elite@globex.com,+1-658-804-3160,9809 Park Ave,San Antonio,GA,40207,US
Global Supplies,global@stark.com,+1-533-514-3261,4164 Hill Rd,San Antonio,WA,60581,US
United Logistics,united@wayne.com,+1-888-966-8378,2312 Park Ave,Portland,PA,16166,US
Global Logistics,global@acmecorp.com,+1-464-209-8195,5931 Washington Blvd,Chicago,CO,79327,US
United Trading Co,united@globex.com,+1-842-264-6914,1532 Main St,Nashville,OH,27209,US
Superior Industries,superior@initech.com,+1-932-735-2297,9612 Hill Rd,San Diego,IL,22813,US
United Trading Co,united@stark.com,+1-519-109-9930,1538 River Rd,Nashville,AZ,35362,US
Apex Supplies,apex@acmecorp.com,+1-562-326-5949,5533 Main St,Denver,PA,45719,US
Apex Distributors,apex@initech.com,+1-434-824-7270,4825 Elm St,Chicago,TX,60964,US
Apex Distributors,apex@stark.com,+1-419-336-2318,146 Park Ave,Minneapolis,MN,39024,US
United Corp,united@umbrella.com,+1-860-342-4856,493 Washington Blvd,Atlanta,GA,93483,US
Apex Distributors,apex@initech.com,+1-744-663-3031,7390 Broadway,Los Angeles,GA,71985,US
United Trading Co,united@globex.com,+1-406-260-7249,7708 Lake Dr,Chicago,FL,16843,US
Allied Corp,allied@acmecorp.com,+1-370-390-4404,1075 Park Ave,New York,OR,70353,US
Elite Distributors,elite@cyberdyne.com,+1-739-881-8469,1425 Park Ave,Austin,TX,90415,US
First Enterprises,first@oscorp.com,+1-715-783-4651,335 Washington Blvd,Houston,GA,65426,US
Apex Supplies,apex@hooli.com,+1-484-612-4983,3349 Main St,Atlanta,NY,72401,US
First Distributors,first@hooli.com,+1-474-252-7469,8563 Washington Blvd,Miami,IL,93112,US
Elite Enterprises,elite@wayne.com,+1-661-432-4008,9233 River Rd,Philadelphia,TX,28695,US
Allied Distributors,allied@acmecorp.com,+1-710-693-1884,7837 Elm St,Dallas,TX,67744,US
Elite Distributors,elite@hooli.com,+1-558-349-7548,2826 Park Ave,Atlanta,PA,93231,US
First Enterprises,first@hooli.com,+1-570-372-3899,322 Market St,Dallas,GA,84557,US
Apex Distributors,apex@initech.com,+1-910-124-3178,9938 Hill Rd,Minneapolis,TN,43172,US
Premier Industries,premier@acmecorp.com,+1-202-714-3114,5089 Oak Ave,Houston,FL,26539,US
Premier Logistics,premier@initech.com,+1-513-206-3816,6855 Broadway,San Antonio,IL,84534,US
First Corp,first@wayne.com,+1-319-926-7812,2541 Lake Dr,New York,CA,70421,US
Superior Corp,superior@hooli.com,+1-247-385-7281,2696 Main St,Portland,TN,19847,US
First Enterprises,first@massive.com,+1-216-125-1677,5266 Elm St,Nashville,NY,39667,US
First Industries,first@hooli.com,+1-394-124-9174,1756 Oak Ave,Denver,CA,47447,US
First Supplies,first@umbrella.com,+1-851-165-6866,1333 Broadway,Atlanta,GA,72990,US
Elite Enterprises,elite@massive.com,+1-536-325-5535,8738 Elm St,Minneapolis,GA,97940,US
Allied Enterprises,allied@acmecorp.com,+1-923-604-4388,7800 Broadway,San Antonio,GA,65518,US
Premier Logistics,premier@initech.com,+1-838-676-4816,5399 Elm St,Portland,MN,93024,US
Superior Trading Co,superior@oscorp.com,+1-475-843-9532,7927 Main St,Minneapolis,FL,42558,US
Allied Supplies,allied@globex.com,+1-917-941-7664,2909 Hill Rd,Austin,OH,10173,US
Apex Industries,apex@wayne.com,+1-896-204-6443,2153 Park Ave,Austin,IL,84046,US
Apex Trading Co,apex@hooli.com,+1-687-486-1336,3397 Lake Dr,Austin,TN,49614,US
Apex Distributors,apex@stark.com,+1-256-963-5452,8295 Park Ave,Dallas,TN,86524,US
Allied Trading Co,allied@umbrella.com,+1-659-168-3394,2005 Elm St,Austin,AZ,74781,US
Apex Supplies,apex@cyberdyne.com,+1-850-120-8199,2614 Elm St,Denver,TN,43631,US
Premier Corp,premier@stark.com,+1-803-800-9512,8260 Oak Ave,Boston,CA,76007,US
Elite Corp,elite@stark.com,+1-911-794-9308,574 Oak Ave,Seattle,CO,41709,US
Global Supplies,global@acmecorp.com,+1-505-625-5909,9706 Market St,Portland,IL,44293,US
Allied Corp,allied@acmecorp.com,+1-740-648-9800,8772 Market St,Portland,MA,18234,US
Allied Logistics,allied@initech.com,+1-929-147-6362,7087 Oak Ave,Philadelphia,FL,12729,US
Allied Supplies,allied@stark.com,+1-408-892-9388,7096 Oak Ave,New York,PA,56350,US
Elite Industries,elite@massive.com,+1-811-764-2669,7887 River Rd,Minneapolis,MA,32507,US
Elite Enterprises,elite@massive.com,+1-671-421-8818,354 Main St,Seattle,GA,67042,US
Global Corp,global@acmecorp.com,+1-987-145-1884,234 Market St,Boston,WA,82797,US
First Logistics,first@massive.com,+1-752-231-2165,6821 Park Ave,San Antonio,OH,40976,US
Premier Logistics,premier@umbrella.com,+1-603-104-4408,2117 Hill Rd,Phoenix,TN,25362,US
Global Corp,global@hooli.com,+1-848-713-7895,6593 Hill Rd,Denver,OR,89590,US
Allied Corp,allied@hooli.com,+1-354-491-6175,3790 Lake Dr,Chicago,WA,49451,US
Superior Industries,superior@massive.com,+1-781-637-7064,9924 Main St,Miami,NY,93007,US
Premier Industries,premier@cyberdyne.com,+1-580-476-5511,7556 Elm St,Seattle,NY,83850,US
Apex Corp,apex@initech.com,+1-590-546-3197,7699 Main St,Nashville,CA,96044,US
Apex Supplies,apex@globex.com,+1-958-965-5419,5692 Washington Blvd,Phoenix,CO,73265,US
Premier Corp,premier@wayne.com,+1-371-195-5889,1099 Market St,San Antonio,FL,28610,US
Premier Industries,premier@stark.com,+1-708-303-3045,5569 Lake Dr,Seattle,MN,35592,US
Apex Enterprises,apex@initech.com,+1-370-340-2356,6182 Market St,Houston,AZ,80624,US
Superior Logistics,superior@massive.com,+1-398-479-1183,2125 Elm St,Houston,TN,12310,US
Premier Enterprises,premier@cyberdyne.com,+1-479-279-2903,3170 Market St,Philadelphia,CA,27659,US
Superior Corp,superior@massive.com,+1-776-753-7558,9021 Broadway,Miami,OR,51110,US
United Distributors,united@hooli.com,+1-811-867-6766,7508 Market St,Philadelphia,MN,60919,US
Premier Supplies,premier@wayne.com,+1-458-866-9133,425 Market St,San Antonio,WA,35987,US
Global Industries,global@cyberdyne.com,+1-687-349-2713,7285 Broadway,Minneapolis,OH,15705,US
Superior Enterprises,superior@umbrella.com,+1-790-950-5121,1221 Broadway,Houston,GA,62108,US
Allied Trading Co,allied@acmecorp.com,+1-766-178-3709,2043 Main St,San Diego,WA,97725,US
Elite Logistics,elite@hooli.com,+1-863-839-3420,6240 Oak Ave,San Diego,TX,93554,US
United Distributors,united@acmecorp.com,+1-962-238-9898,6640 Elm St,Dallas,NY,41686,US
Superior Industries,superior@stark.com,+1-764-193-3868,9128 Main St,Phoenix,CA,79792,US
United Enterprises,united@globex.com,+1-698-717-9564,9152 Hill Rd,Chicago,OH,85515,US
Premier Logistics,premier@oscorp.com,+1-395-181-3677,8740 Broadway,Los Angeles,CA,92235,US
Premier Supplies,premier@wayne.com,+1-637-356-7726,3540 Oak Ave,Portland,MN,50834,US
Apex Industries,apex@oscorp.com,+1-944-129-5324,5277 Broadway,New York,OR,38047,US
Premier Distributors,premier@acmecorp.com,+1-496-816-6170,232 Oak Ave,Chicago,MN,98673,US
First Enterprises,first@hooli.com,+1-964-920-9659,3390 River Rd,Atlanta,AZ,64236,US
Global Corp,global@massive.com,+1-373-250-4511,3106 Hill Rd,Minneapolis,PA,53754,US
Global Corp,global@wayne.com,+1-410-339-3686,695 Park Ave,Philadelphia,WA,47516,US
Superior Supplies,superior@umbrella.com,+1-895-346-5689,4850 Broadway,Austin,IL,52333,US
Superior Trading Co,superior@stark.com,+1-984-968-9083,3153 Washington Blvd,San Diego,TX,32757,US
Superior Supplies,superior@initech.com,+1-820-504-7285,8565 Broadway,Houston,OH,79492,US
Apex Distributors,apex@umbrella.com,+1-909-392-7227,1498 Main St,San Diego,OR,18616,US
Apex Enterprises,apex@initech.com,+1-789-539-8546,8968 Market St,Denver,FL,50376,US
Superior Enterprises,superior@stark.com,+1-962-443-6207,1297 Washington Blvd,Philadelphia,TX,42136,US
First Logistics,first@stark.com,+1-256-773-5143,2206 Broadway,Dallas,OH,80958,US
Premier Supplies,premier@cyberdyne.com,+1-702-506-8729,2770 Oak Ave,Denver,IL,12419,US
United Supplies,united@initech.com,+1-265-360-5450,8294 Market St,Miami,FL,53139,US
Global Industries,global@globex.com,+1-347-606-7966,6029 Elm St,San Antonio,MN,25452,US
First Supplies,first@stark.com,+1-577-781-7200,2672 Market St,Houston,OR,70039,US
United Corp,united@globex.com,+1-465-404-3709,9808 Broadway,Dallas,GA,93616,US
Allied Industries,allied@umbrella.com,+1-539-172-5438,8941 Elm St,Boston,MN,37558,US
United Supplies,united@globex.com,+1-390-304-2182,4967 Main St,Boston,PA,32077,US
Global Distributors,global@initech.com,+1-656-725-4494,2636 Washington Blvd,Minneapolis,WA,20842,US
United Corp,united@hooli.com,+1-970-892-4038,1656 Oak Ave,Phoenix,TX,95029,US
Allied Corp,allied@acmecorp.com,+1-492-267-2029,497 Broadway,Seattle,FL,24737,US
Global Industries,global@initech.com,+1-278-280-9390,9098 Market St,Chicago,TX,75542,US
Elite Supplies,elite@cyberdyne.com,+1-770-803-1625,1630 Market St,Nashville,MA,27656,US
Premier Supplies,premier@umbrella.com,+1-348-769-5217,5782 Market St,New York,CO,93438,US
Apex Distributors,apex@umbrella.com,+1-530-667-3200,9671 Washington Blvd,Minneapolis,NY,89333,US
Elite Industries,elite@acmecorp.com,+1-250-168-4878,3780 Broadway,San Antonio,CO,31794,US
First Industries,first@oscorp.com,+1-228-929-6217,5264 Lake Dr,Portland,TN,12176,US
Premier Supplies,premier@cyberdyne.com,+1-216-957-7249,5532 Market St,Houston,OH,46706,US
Allied Enterprises,allied@umbrella.com,+1-623-630-8586,9457 Park Ave,Denver,MA,84222,US
Allied Logistics,allied@umbrella.com,+1-361-686-8129,3507 Park Ave,Austin,MA,47792,US
Global Corp,global@hooli.com,+1-457-897-4041,1429 Oak Ave,Phoenix,GA,47942,US
Superior Corp,superior@initech.com,+1-809-526-1514,2131 Elm St,Minneapolis,PA,30897,US
First Industries,first@cyberdyne.com,+1-488-174-1290,7777 Main St,San Antonio,CO,21630,US
United Distributors,united@stark.com,+1-587-416-7123,656 Park Ave,Austin,CO,64294,US
United Logistics,united@globex.com,+1-288-191-2074,7254 Broadway,Phoenix,WA,88301,US
United Supplies,united@oscorp.com,+1-623-741-8441,9849 Oak Ave,Chicago,WA,80361,US
Superior Trading Co,superior@massive.com,+1-851-969-7085,7661 Washington Blvd,New York,TN,83797,US
Premier Trading Co,premier@massive.com,+1-654-304-5863,1809 Main St,Houston,OH,95636,US
Apex Logistics,apex@stark.com,+1-992-645-8885,8872 Hill Rd,Austin,AZ,55403,US
Elite Enterprises,elite@oscorp.com,+1-401-232-1109,8693 Park Ave,Minneapolis,TN,61369,US
Elite Enterprises,elite@hooli.com,+1-561-775-8489,7941 Washington Blvd,San Antonio,TX,20658,US
United Supplies,united@stark.com,+1-831-487-2734,1591 Market St,Miami,AZ,98828,US
Superior Enterprises,superior@umbrella.com,+1-858-989-3373,856 Market St,Portland,OH,17547,US
First Supplies,first@cyberdyne.com,+1-506-659-8349,7713 Broadway,Phoenix,WA,59095,US
Global Industries,global@acmecorp.com,+1-357-356-8521,5181 River Rd,Austin,GA,29512,US
Global Trading Co,global@hooli.com,+1-209-349-2322,8311 Park Ave,Los Angeles,PA,23906,US
First Supplies,first@wayne.com,+1-357-427-2647,9356 Oak Ave,Nashville,IL,56773,US
First Industries,first@hooli.com,+1-790-433-7365,7539 River Rd,San Diego,TX,73162,US
First Trading Co,first@globex.com,+1-981-393-2537,4384 Park Ave,Los Angeles,MA,68035,US
Superior Enterprises,superior@globex.com,+1-256-562-9237,7988 Elm St,Nashville,OR,51828,US
Elite Supplies,elite@hooli.com,+1-754-733-4580,6514 Broadway,Portland,IL,92416,US
Allied Logistics,allied@umbrella.com,+1-934-428-9126,6223 River Rd,Seattle,PA,86277,US
First Distributors,first@umbrella.com,+1-268-239-5541,5099 Park Ave,San Antonio,GA,42471,US
United Enterprises,united@globex.com,+1-855-703-9333,5211 Main St,Phoenix,CO,41230,US
First Supplies,first@hooli.com,+1-901-811-6707,6646 Lake Dr,New York,GA,20464,US
Allied Logistics,allied@hooli.com,+1-777-717-3155,3383 Market St,Miami,TX,61293,US
United Logistics,united@stark.com,+1-247-568-3976,778 Main St,Nashville,GA,76219,US
First Supplies,first@cyberdyne.com,+1-207-887-2889,1728 Oak Ave,Atlanta,OH,81118,US
Global Corp,global@initech.com,+1-989-543-8399,6496 Lake Dr,Atlanta,GA,78421,US
Global Supplies,global@oscorp.com,+1-548-795-5818,4957 Broadway,Portland,TX,58872,US
Elite Logistics,elite@initech.com,+1-306-966-3876,6785 River Rd,Portland,CA,72303,US
United Distributors,united@hooli.com,+1-940-454-5076,8739 Broadway,Atlanta,CO,10660,US
United Logistics,united@wayne.com,+1-650-351-2503,364 Park Ave,Dallas,TX,78359,US
Apex Corp,apex@umbrella.com,+1-953-221-1951,1987 Elm St,Miami,CA,84959,US
Apex Enterprises,apex@acmecorp.com,+1-336-560-6838,6913 Main St,Boston,PA,78733,US
Superior Enterprises,superior@oscorp.com,+1-531-255-6411,1427 Main St,Atlanta,IL,69421,US
Apex Trading Co,apex@stark.com,+1-908-611-4011,280 Hill Rd,Houston,AZ,11276,US
Apex Supplies,apex@hooli.com,+1-965-373-4852,5736 River Rd,Phoenix,OH,61712,US
Allied Supplies,allied@stark.com,+1-286-355-4329,1295 Main St,Minneapolis,AZ,88032,US
First Distributors,first@stark.com,+1-717-899-5264,967 Lake Dr,Houston,MA,35342,US
Global Distributors,global@umbrella.com,+1-594-707-4073,7261 Elm St,Atlanta,GA,52419,US
Apex Enterprises,apex@cyberdyne.com,+1-669-283-8861,6105 River Rd,Boston,MA,98681,US
Elite Trading Co,elite@globex.com,+1-575-909-7614,1680 Broadway,Los Angeles,IL,89075,US
Superior Corp,superior@stark.com,+1-734-509-2431,8386 Hill Rd,Chicago,TX,89474,US
First Trading Co,first@stark.com,+1-294-528-5660,1810 Lake Dr,Denver,TN,42377,US
Apex Trading Co,apex@hooli.com,+1-780-337-8465,2312 Oak Ave,Chicago,FL,65248,US
United Supplies,united@acmecorp.com,+1-747-445-8968,986 Park Ave,San Diego,NY,23564,US
United Logistics,united@hooli.com,+1-722-746-7195,4716 Hill Rd,Los Angeles,CA,92726,US
United Enterprises,united@stark.com,+1-283-393-3839,4146 Oak Ave,Dallas,TN,13603,US
First Industries,first@globex.com,+1-464-160-4103,4472 Washington Blvd,Denver,WA,44659,US
Premier Industries,premier@stark.com,+1-700-540-6620,4307 Broadway,Philadelphia,IL,89158,US
Allied Corp,allied@massive.com,+1-745-515-7352,2727 Market St,Phoenix,MN,87522,US
Global Trading Co,global@umbrella.com,+1-856-217-5420,3692 River Rd,Phoenix,OH,25009,US
Global Industries,global@cyberdyne.com,+1-326-343-7889,5508 Main St,Dallas,IL,68725,US
Allied Trading Co,allied@cyberdyne.com,+1-663-594-8568,4428 Main St,San Antonio,MA,39047,US
Superior Distributors,superior@massive.com,+1-547-888-7211,816 Park Ave,Atlanta,CO,55587,US
Premier Supplies,premier@hooli.com,+1-777-426-7009,1840 Lake Dr,Dallas,WA,49978,US
Apex Supplies,apex@initech.com,+1-210-169-9493,1286 Elm St,Denver,PA,34064,US
Global Trading Co,global@stark.com,+1-297-938-5035,6856 Broadway,Phoenix,CO,38327,US
Apex Industries,apex@globex.com,+1-550-208-4414,9217 Hill Rd,Los Angeles,TN,61097,US
Premier Supplies,premier@acmecorp.com,+1-736-815-1672,7009 River Rd,Houston,OH,41133,US
Apex Enterprises,apex@umbrella.com,+1-350-359-6493,7428 Hill Rd,Boston,AZ,52856,US
First Corp,first@stark.com,+1-602-703-8229,220 Washington Blvd,Austin,NY,75562,US
Global Industries,global@hooli.com,+1-942-871-8138,6544 Market St,Denver,TX,50812,US
Elite Logistics,elite@wayne.com,+1-355-741-4764,8682 Lake Dr,Minneapolis,TX,65956,US
Global Trading Co,global@umbrella.com,+1-702-367-2774,7920 Main St,Nashville,MN,71576,US
Apex Enterprises,apex@wayne.com,+1-470-960-3635,5021 Lake Dr,Atlanta,OR,68419,US
Allied Logistics,allied@wayne.com,+1-975-413-6452,8892 Park Ave,Phoenix,TN,18930,US
Superior Trading Co,superior@globex.com,+1-502-490-7234,5728 Washington Blvd,Seattle,MN,55200,US
United Corp,united@wayne.com,+1-683-124-2827,7818 Washington Blvd,Houston,CA,57355,US
Global Logistics,global@oscorp.com,+1-904-764-1859,8707 Broadway,Houston,CO,73312,US
Global Trading Co,global@oscorp.com,+1-255-563-9294,1936 Washington Blvd,San Diego,GA,98327,US
Superior Distributors,superior@stark.com,+1-329-265-7775,1996 Hill Rd,Nashville,OH,61184,US
United Supplies,united@wayne.com,+1-256-964-1124,9849 River Rd,Boston,OH,84033,US
Global Supplies,global@cyberdyne.com,+1-778-139-9498,8519 Hill Rd,Seattle,GA,49076,US
Apex Industries,apex@oscorp.com,+1-669-799-6194,4453 Main St,New York,OH,16830,US
Premier Trading Co,premier@acmecorp.com,+1-672-612-3163,9024 Park Ave,Portland,TX,50241,US
Superior Corp,superior@cyberdyne.com,+1-426-622-4959,8674 Park Ave,Boston,OH,74126,US
Superior Trading Co,superior@initech.com,+1-261-620-4943,3000 Main St,Boston,OR,33627,US
Allied Logistics,allied@initech.com,+1-267-242-4561,2436 Oak Ave,Dallas,IL,50141,US
Elite Enterprises,elite@cyberdyne.com,+1-719-592-5080,6407 Main St,Chicago,MA,50785,US
Allied Trading Co,allied@cyberdyne.com,+1-460-877-7855,3166 Market St,Philadelphia,NY,98928,US
Superior Supplies,superior@initech.com,+1-845-390-8887,7263 Lake Dr,Minneapolis,CO,14625,US
Premier Industries,premier@massive.com,+1-624-692-8527,7435 Washington Blvd,Chicago,TX,87332,US
United Trading Co,united@massive.com,+1-246-568-9742,9925 Lake Dr,Phoenix,WA,88357,US
Elite Supplies,elite@stark.com,+1-431-871-5426,522 Park Ave,Austin,OR,65691,US
Apex Trading Co,apex@globex.com,+1-565-454-1727,6935 Park Ave,San Antonio,TN,46038,US
Allied Distributors,allied@massive.com,+1-609-157-2724,7658 Broadway,Denver,AZ,56008,US
Superior Industries,superior@initech.com,+1-960-171-5676,8364 River Rd,Dallas,FL,68712,US
First Trading Co,first@stark.com,+1-347-843-1114,3743 Main St,Los Angeles,CO,88660,US
Apex Logistics,apex@umbrella.com,+1-558-323-7218,9577 Hill Rd,Minneapolis,CA,41297,US
Superior Distributors,superior@globex.com,+1-313-822-5511,1798 Market St,San Antonio,OR,93540,US
First Trading Co,first@massive.com,+1-295-939-4656,7912 Hill Rd,Boston,MN,79962,US
Superior Trading Co,superior@hooli.com,+1-462-356-9187,6538 Park Ave,Boston,GA,51865,US
Allied Corp,allied@initech.com,+1-980-941-8696,8590 Broadway,Miami,MA,35652,US
First Distributors,first@cyberdyne.com,+1-969-855-7949,1161 Oak Ave,Nashville,TX,14326,US
First Enterprises,first@acmecorp.com,+1-665-100-8169,8818 Oak Ave,Atlanta,CO,61255,US
Superior Distributors,superior@acmecorp.com,+1-222-278-2017,7940 Market St,Dallas,OR,79524,US
Allied Supplies,allied@massive.com,+1-780-925-1219,1995 Hill Rd,Portland,FL,62397,US
Apex Supplies,apex@initech.com,+1-359-647-6602,3986 Broadway,Austin,MA,86358,US
First Industries,first@hooli.com,+1-262-103-6067,4030 Washington Blvd,Chicago,TN,26136,US
Superior Industries,superior@cyberdyne.com,+1-364-721-7646,7959 Hill Rd,Philadelphia,TN,78011,US
Superior Corp,superior@umbrella.com,+1-909-415-4848,7213 Broadway,Houston,TX,60017,US
United Trading Co,united@wayne.com,+1-726-652-8404,7641 Market St,Atlanta,PA,25924,US
Allied Logistics,allied@initech.com,+1-936-618-9514,8197 Washington Blvd,Minneapolis,PA,52053,US
Global Trading Co,global@oscorp.com,+1-607-147-6635,186 Lake Dr,Phoenix,GA,36215,US
Apex Corp,apex@hooli.com,+1-650-138-9625,8109 Elm St,Austin,TN,31742,US
Allied Industries,allied@oscorp.com,+1-683-597-5588,1182 Park Ave,San Antonio,OR,80263,US
Premier Corp,premier@hooli.com,+1-686-377-5419,1799 Washington Blvd,Houston,OH,68481,US
Global Distributors,global@initech.com,+1-474-978-8731,9274 Lake Dr,San Diego,TN,39702,US
Premier Corp,premier@umbrella.com,+1-281-823-1668,3981 Main St,Atlanta,AZ,20344,US
Apex Corp,apex@initech.com,+1-774-212-5101,644 Washington Blvd,Portland,PA,18999,US
Premier Trading Co,premier@globex.com,+1-824-605-8420,936 Park Ave,Denver,MA,96819,US
Allied Corp,allied@massive.com,+1-511-586-7411,8733 Elm St,Portland,IL,13080,US
United Logistics,united@cyberdyne.com,+1-206-683-3590,3939 Main St,Boston,GA,98854,US
Global Enterprises,global@massive.com,+1-338-236-4555,9951 River Rd,Philadelphia,IL,11513,US
Allied Corp,allied@umbrella.com,+1-345-146-4637,1742 River Rd,Austin,GA,37449,US
First Distributors,first@oscorp.com,+1-394-244-5324,3882 Elm St,Miami,PA,64795,US
Superior Industries,superior@acmecorp.com,+1-724-531-1889,9955 Oak Ave,Austin,FL,85280,US
Apex Distributors,apex@cyberdyne.com,+1-676-117-8140,5221 Hill Rd,Phoenix,NY,44816,US
Allied Industries,allied@hooli.com,+1-321-917-8035,8961 Elm St,Nashville,OH,39425,US
Elite Trading Co,elite@umbrella.com,+1-284-215-5071,9297 Oak Ave,Boston,TN,80160,US
Apex Corp,apex@cyberdyne.com,+1-575-920-8582,6116 Market St,Portland,GA,62292,US
Premier Distributors,premier@acmecorp.com,+1-568-939-3806,246 Washington Blvd,Minneapolis,NY,78357,US
Superior Distributors,superior@massive.com,+1-218-841-7578,2768 Hill Rd,Chicago,FL,16964,US
Allied Supplies,allied@stark.com,+1-996-619-8371,6895 Oak Ave,Minneapolis,IL,68130,US
First Enterprises,first@hooli.com,+1-568-244-4659,3195 Oak Ave,New York,GA,30778,US
Allied Logistics,allied@wayne.com,+1-281-278-9759,8384 Washington Blvd,Philadelphia,TX,51048,US
Apex Enterprises,apex@initech.com,+1-389-526-2284,7039 Main St,New York,CO,73092,US
Allied Supplies,allied@hooli.com,+1-428-233-8169,4687 Market St,Los Angeles,WA,37713,US
United Industries,united@massive.com,+1-641-694-1605,2228 Hill Rd,Denver,TN,26120,US
Allied Industries,allied@massive.com,+1-885-708-7876,9369 Lake Dr,New York,TN,40635,US
Premier Corp,premier@wayne.com,+1-673-827-2645,616 Hill Rd,Miami,MN,99670,US
First Distributors,first@hooli.com,+1-259-961-1047,4639 Main St,Miami,OH,97268,US
Premier Industries,premier@wayne.com,+1-213-138-8513,4834 Elm St,Minneapolis,OH,36143,US
Apex Corp,apex@umbrella.com,+1-737-191-8559,2019 Oak Ave,Nashville,FL,86267,US
Apex Enterprises,apex@umbrella.com,+1-216-458-4411,2112 Oak Ave,Miami,CA,13552,US
Premier Supplies,premier@umbrella.com,+1-340-571-9851,5165 Broadway,San Diego,FL,16879,US
First Industries,first@stark.com,+1-986-492-4452,6235 Market St,Chicago,MN,75732,US
Global Enterprises,global@acmecorp.com,+1-500-420-3942,9457 Hill Rd,Seattle,PA,66253,US
Allied Trading Co,allied@globex.com,+1-223-591-2396,6595 Market St,Denver,TX,17333,US
Superior Corp,superior@initech.com,+1-466-475-1742,5032 Lake Dr,Austin,PA,31302,US
Elite Trading Co,elite@hooli.com,+1-725-810-8406,2445 Oak Ave,Boston,NY,81718,US
Allied Corp,allied@oscorp.com,+1-330-210-3573,3680 Park Ave,San Diego,FL,31613,US
Global Trading Co,global@massive.com,+1-654-781-1914,7415 Market St,San Antonio,PA,11550,US
United Distributors,united@oscorp.com,+1-292-778-7093,2625 Washington Blvd,Minneapolis,IL,50052,US
Global Industries,global@oscorp.com,+1-706-257-7098,6446 Oak Ave,New York,CA,31449,US
United Logistics,united@cyberdyne.com,+1-251-572-5360,5631 Market St,Chicago,GA,40216,US
Allied Supplies,allied@cyberdyne.com,+1-405-175-8099,2425 Washington Blvd,Phoenix,IL,63956,US
Elite Supplies,elite@umbrella.com,+1-419-651-9308,9691 Elm St,Philadelphia,IL,17975,US
Premier Distributors,premier@oscorp.com,+1-831-926-7027,1179 Lake Dr,Boston,FL,11107,US
Global Trading Co,global@initech.com,+1-490-551-9410,1620 River Rd,Austin,CA,38966,US
Premier Distributors,premier@umbrella.com,+1-464-264-4441,9424 Park Ave,Dallas,IL,80151,US
First Logistics,first@umbrella.com,+1-231-718-3040,7953 Main St,Minneapolis,MN,74291,US
United Enterprises,united@acmecorp.com,+1-639-417-2055,6969 Market St,San Diego,WA,41875,US
Global Distributors,global@acmecorp.com,+1-855-296-7630,3524 Elm St,Dallas,CA,14814,US
Allied Logistics,allied@stark.com,+1-594-653-4669,6121 Lake Dr,Phoenix,MN,90949,US
Apex Logistics,apex@hooli.com,+1-635-270-9003,2940 River Rd,Denver,TX,36034,US
Global Enterprises,global@stark.com,+1-298-966-3834,3763 Park Ave,Atlanta,TX,49957,US
Apex Enterprises,apex@wayne.com,+1-581-266-1476,7594 Main St,Phoenix,MN,61044,US
Allied Logistics,allied@oscorp.com,+1-746-464-5043,1030 Lake Dr,Chicago,TN,86226,US
Global Distributors,global@stark.com,+1-748-257-1985,4961 Hill Rd,Phoenix,OH,11353,US
United Supplies,united@acmecorp.com,+1-429-615-8276,7871 Oak Ave,Phoenix,GA,63963,US
Superior Logistics,superior@stark.com,+1-483-235-4916,3253 Oak Ave,Minneapolis,OR,62320,US
First Enterprises,first@initech.com,+1-407-557-1727,164 Lake Dr,New York,AZ,78219,US
Global Supplies,global@stark.com,+1-407-174-3887,8455 Oak Ave,Denver,TN,51344,US
First Logistics,first@globex.com,+1-852-551-3150,2527 Park Ave,Denver,OH,83991,US
Elite Industries,elite@massive.com,+1-515-517-3704,4333 Hill Rd,Los Angeles,TX,50064,US
First Industries,first@massive.com,+1-373-465-6307,2720 Washington Blvd,Denver,TX,61382,US
Elite Industries,elite@wayne.com,+1-465-317-7958,1792 Hill Rd,Philadelphia,TN,15650,US
First Corp,first@oscorp.com,+1-821-401-8448,7655 Washington Blvd,Denver,PA,67659,US
Elite Industries,elite@acmecorp.com,+1-464-376-7855,953 Park Ave,Boston,IL,45178,US
United Corp,united@acmecorp.com,+1-300-485-4312,1442 Elm St,Chicago,CO,19702,US
Allied Trading Co,allied@wayne.com,+1-631-975-8592,7357 Washington Blvd,Philadelphia,WA,22579,US
Apex Trading Co,apex@initech.com,+1-290-990-8448,7052 Broadway,Austin,FL,94915,US
Apex Enterprises,apex@massive.com,+1-395-903-4205,9532 Park Ave,Boston,CA,14727,US
United Enterprises,united@oscorp.com,+1-687-157-2986,8252 Oak Ave,San Antonio,OR,87324,US
Superior Industries,superior@oscorp.com,+1-626-911-2365,654 River Rd,Atlanta,OR,23726,US
Superior Enterprises,superior@oscorp.com,+1-566-730-8987,4675 Main St,Phoenix,OR,82135,US
First Corp,first@globex.com,+1-571-153-1095,4216 River Rd,Austin,IL,10276,US
Apex Industries,apex@cyberdyne.com,+1-506-919-2238,8321 Main St,Austin,IL,21269,US
Apex Enterprises,apex@initech.com,+1-474-156-9355,4393 Elm St,Boston,MN,31305,US
First Industries,first@globex.com,+1-677-861-7748,6156 Broadway,Phoenix,TN,65992,US
Elite Supplies,elite@stark.com,+1-299-293-6698,1582 Lake Dr,Dallas,IL,43483,US
First Corp,first@massive.com,+1-711-859-1282,7903 Elm St,Austin,AZ,83214,US
Premier Supplies,premier@oscorp.com,+1-524-307-2447,8114 River Rd,Minneapolis,IL,96622,US
Global Trading Co,global@hooli.com,+1-474-945-6853,6088 Park Ave,New York,GA,69565,US
United Industries,united@hooli.com,+1-757-123-8216,411 River Rd,Dallas,FL,99158,US
Premier Trading Co,premier@hooli.com,+1-504-778-1362,1389 Park Ave,Los Angeles,IL,75623,US
Elite Enterprises,elite@acmecorp.com,+1-339-165-6076,6546 Elm St,Phoenix,MA,21319,US
Allied Supplies,allied@cyberdyne.com,+1-236-155-5651,3233 Market St,Austin,IL,70374,US
Allied Enterprises,allied@initech.com,+1-696-559-4534,1905 Hill Rd,New York,AZ,63981,US
Apex Supplies,apex@umbrella.com,+1-961-664-7016,7783 Washington Blvd,Los Angeles,GA,34212,US
United Industries,united@umbrella.com,+1-441-290-8369,9492 Broadway,Miami,TN,67478,US
First Corp,first@initech.com,+1-362-955-2175,590 Main St,Miami,TN,25387,US
Elite Distributors,elite@initech.com,+1-875-851-6196,1193 Broadway,Chicago,GA,89462,US
First Trading Co,first@globex.com,+1-521-375-5841,1840 River Rd,Denver,TN,81863,US
First Trading Co,first@globex.com,+1-210-239-8406,5439 Lake Dr,Philadelphia,OR,22795,US
Global Industries,global@umbrella.com,+1-960-563-7087,826 Park Ave,Houston,TN,71847,US
Global Supplies,global@wayne.com,+1-560-765-9027,4359 Park Ave,Houston,MA,44882,US
Elite Industries,elite@umbrella.com,+1-864-725-2517,424 Oak Ave,Seattle,NY,41639,US
United Enterprises,united@oscorp.com,+1-930-213-6215,1650 Broadway,Denver,PA,88832,US
Elite Corp,elite@umbrella.com,+1-529-978-5515,6874 Main St,Philadelphia,OR,82199,US
Elite Industries,elite@wayne.com,+1-440-509-4524,1242 Park Ave,Phoenix,TN,40954,US
Apex Distributors,apex@hooli.com,+1-454-532-1253,2409 Market St,Nashville,GA,72258,US
Global Industries,global@massive.com,+1-685-251-5992,5123 Broadway,Portland,AZ,61452,US
United Trading Co,united@hooli.com,+1-705-657-3787,485 Market St,Nashville,CO,43789,US
Superior Industries,superior@stark.com,+1-750-884-6473,3688 Market St,San Antonio,CA,12962,US
United Industries,united@wayne.com,+1-312-884-5021,3003 Elm St,Chicago,NY,80186,US
Allied Distributors,allied@wayne.com,+1-406-146-2215,5163 Market St,Minneapolis,AZ,76537,US
Global Supplies,global@globex.com,+1-777-991-6254,7592 Park Ave,Philadelphia,CA,36248,US
Premier Distributors,premier@initech.com,+1-956-520-7405,8301 Park Ave,New York,TX,90892,US
First Corp,first@hooli.com,+1-576-970-3289,110 Broadway,San Antonio,OR,59868,US
First Industries,first@globex.com,+1-958-644-7758,8676 Main St,San Antonio,FL,80381,US
Allied Trading Co,allied@wayne.com,+1-221-281-5057,6636 Broadway,Houston,TN,47933,US
Allied Enterprises,allied@hooli.com,+1-463-707-1478,448 Oak Ave,New York,MN,78013,US
Allied Trading Co,allied@umbrella.com,+1-962-399-8259,1667 Park Ave,Houston,AZ,87454,US
Superior Corp,superior@oscorp.com,+1-787-452-2343,1914 Broadway,Boston,CO,70002,US
United Logistics,united@hooli.com,+1-304-817-2943,6614 Washington Blvd,Los Angeles,MA,52730,US
United Trading Co,united@hooli.com,+1-913-173-6239,3944 Washington Blvd,Minneapolis,MN,28982,US
Allied Enterprises,allied@globex.com,+1-275-291-8030,3694 Hill Rd,Portland,TN,25761,US
Allied Corp,allied@oscorp.com,+1-881-451-5866,4393 Washington Blvd,Denver,WA,83808,US
Global Trading Co,global@stark.com,+1-398-505-9026,420 Washington Blvd,Denver,NY,78690,US
Allied Enterprises,allied@globex.com,+1-869-432-5498,4667 Oak Ave,San Diego,WA,18215,US
,,,,,,,
United Corp,bademail,+1-949-943-7595,1 St,City,ST,12345,US
First Trading Co,,+1-993-978-3722,2 St,City,ST,12345,US
Premier Industries,test@initech.com,+1-718-609-5682,3 St,City,ST,12345,XX
Valid Premier Logistics,valid@cyberdyne.com,+1-829-654-5792,4 St,City,ST,12345,US
