name,email,phone,street,city,state,zip,country
Chris Taylor,chris@cyberdyne.com,+1-595-692-5619,7537 Washington Blvd,San Antonio,NY,26387,US
Bob Wilson,bob@wayne.com,+1-352-423-3310,7635 River Rd,Boston,AZ,12393,US
Chris Davis,chris@oscorp.com,+1-337-540-9596,5375 Broadway,Minneapolis,CA,50493,US
Sarah Williams,sarah@oscorp.com,+1-608-136-9383,8631 Market St,Los Angeles,IL,14491,US
Chris Johnson,chris@globex.com,+1-557-651-5238,5538 Washington Blvd,Dallas,PA,54572,US
David Wilson,david@acmecorp.com,+1-286-809-4025,5586 Elm St,Portland,IL,66470,US
Bob Davis,bob@stark.com,+1-753-691-5294,993 Elm St,Houston,MA,72731,US
David Garcia,david@oscorp.com,+1-298-872-5619,6976 Main St,San Diego,GA,95757,US
Bob Johnson,bob@hooli.com,+1-892-401-7280,3685 Market St,Portland,FL,88740,US
Lisa Wilson,lisa@oscorp.com,+1-613-872-6004,7658 Park Ave,Austin,OR,32258,US
Lisa Miller,lisa@cyberdyne.com,+1-289-687-7333,4546 Washington Blvd,Denver,PA,97328,US
Chris Smith,chris@wayne.com,+1-341-151-3221,6450 Oak Ave,San Antonio,PA,20124,US
Chris Smith,chris@oscorp.com,+1-972-343-6542,7677 Broadway,Portland,NY,30991,US
Chris Johnson,chris@oscorp.com,+1-574-642-8654,9637 Main St,Boston,AZ,47114,US
Lisa Wilson,lisa@acmecorp.com,+1-533-456-6576,8875 Oak Ave,San Antonio,AZ,34979,US
Mike Taylor,mike@stark.com,+1-786-645-9057,8263 Market St,San Antonio,OR,63957,US
Chris Johnson,chris@stark.com,+1-972-117-8615,3915 Main St,San Diego,AZ,12833,US
Emma Garcia,emma@umbrella.com,+1-374-447-5377,4130 Broadway,Houston,CA,61824,US
David Davis,david@umbrella.com,+1-919-129-4317,7801 River Rd,Dallas,FL,37418,US
David Garcia,david@acmecorp.com,+1-753-471-2969,832 Lake Dr,Denver,GA,45816,US
Emma Miller,emma@cyberdyne.com,+1-637-754-7322,2714 Oak Ave,Houston,TX,69046,US
John Brown,john@acmecorp.com,+1-250-907-2697,479 River Rd,Philadelphia,GA,19417,US
Chris Brown,chris@acmecorp.com,+1-730-317-2152,6414 Park Ave,Houston,FL,76444,US
John Miller,john@wayne.com,+1-802-607-2477,7351 Washington Blvd,Miami,CA,42210,US
David Williams,david@globex.com,+1-311-578-3674,5808 Broadway,Seattle,FL,29918,US
Chris Smith,chris@initech.com,+1-829-564-6340,9348 Oak Ave,Austin,IL,81236,US
John Wilson,john@hooli.com,+1-231-276-7549,4537 Lake Dr,Austin,AZ,23871,US
Jane Miller,jane@hooli.com,+1-831-243-9347,1531 River Rd,Nashville,MA,60711,US
Emma Taylor,emma@stark.com,+1-839-644-5769,6503 Broadway,Nashville,AZ,77145,US
Chris Smith,chris@oscorp.com,+1-523-191-4134,3910 Market St,New York,MN,16943,US
Jane Smith,jane@globex.com,+1-422-202-9454,8374 Market St,Philadelphia,NY,50024,US
David Jones,david@cyberdyne.com,+1-583-540-5495,6463 Park Ave,San Antonio,CA,34324,US
Sarah Wilson,sarah@globex.com,+1-933-862-8134,6026 Elm St,Houston,TN,73768,US
Sarah Brown,sarah@initech.com,+1-342-471-4016,3541 Elm St,Philadelphia,TN,36180,US
Bob Williams,bob@initech.com,+1-210-766-5553,2339 Washington Blvd,Seattle,NY,39470,US
John Brown,john@massive.com,+1-937-319-9179,607 River Rd,Chicago,GA,93607,US
John Wilson,john@wayne.com,+1-524-857-4260,9319 Oak Ave,Minneapolis,AZ,56866,US
Emma Miller,emma@globex.com,+1-885-597-1847,1584 Market St,Dallas,MN,17889,US
Sarah Johnson,sarah@globex.com,+1-810-256-8526,2465 Oak Ave,Nashville,OH,71352,US
Chris Davis,chris@initech.com,+1-353-384-7149,7014 Washington Blvd,Seattle,FL,30328,US
Bob Davis,bob@cyberdyne.com,+1-779-291-8280,5828 Park Ave,Phoenix,OR,30999,US
Bob Brown,bob@acmecorp.com,+1-594-988-9297,2376 Park Ave,Austin,OR,85006,US
David Miller,david@cyberdyne.com,+1-389-842-8722,8653 Oak Ave,Atlanta,PA,23119,US
Alice Williams,alice@massive.com,+1-545-265-9795,7266 Park Ave,Boston,OH,88627,US
Jane Brown,jane@oscorp.com,+1-624-730-1945,8709 Broadway,Atlanta,TX,54433,US
Lisa Garcia,lisa@globex.com,+1-754-521-5595,5161 Elm St,Seattle,WA,12350,US
John Davis,john@globex.com,+1-427-459-2972,3280 Hill Rd,Phoenix,FL,16381,US
Lisa Garcia,lisa@acmecorp.com,+1-696-958-4162,2553 Main St,Atlanta,PA,53388,US
Sarah Wilson,sarah@massive.com,+1-594-154-8420,1524 Broadway,Los Angeles,TN,45284,US
Alice Johnson,alice@umbrella.com,+1-896-928-4674,8354 Oak Ave,San Diego,PA,47782,US
Mike Smith,mike@massive.com,+1-278-787-1443,3009 Hill Rd,Philadelphia,MN,69303,US
David Garcia,david@cyberdyne.com,+1-587-268-2142,4494 Park Ave,Atlanta,TX,71305,US
Bob Johnson,bob@wayne.com,+1-884-942-5151,5986 Hill Rd,Denver,PA,14938,US
Lisa Smith,lisa@hooli.com,+1-816-762-3183,6115 Lake Dr,Houston,GA,82442,US
Alice Davis,alice@initech.com,+1-913-488-6560,3393 Oak Ave,Portland,OH,58156,US
Alice Brown,alice@hooli.com,+1-971-866-3202,9040 Elm St,Miami,OR,71152,US
Sarah Williams,sarah@acmecorp.com,+1-518-182-1908,1189 Main St,Seattle,FL,60174,US
Emma Jones,emma@globex.com,+1-294-676-3394,5425 Park Ave,New York,MN,34767,US
Emma Wilson,emma@stark.com,+1-873-523-7176,6005 Washington Blvd,Portland,TX,92965,US
Chris Miller,chris@hooli.com,+1-251-632-5295,2950 Lake Dr,Austin,NY,42939,US
Mike Smith,mike@cyberdyne.com,+1-752-123-9163,4148 Lake Dr,Portland,CO,81182,US
Sarah Johnson,sarah@massive.com,+1-989-104-1248,9402 Elm St,Phoenix,PA,93473,US
Emma Miller,emma@wayne.com,+1-915-712-7419,7715 Park Ave,New York,WA,85191,US
Mike Davis,mike@wayne.com,+1-805-377-4291,7462 Market St,Boston,TN,81888,US
Chris Davis,chris@umbrella.com,+1-506-623-1736,1856 Park Ave,Philadelphia,TN,50387,US
Sarah Smith,sarah@massive.com,+1-642-841-5985,5793 Elm St,San Diego,PA,13275,US
Sarah Garcia,sarah@initech.com,+1-967-566-3116,2147 Washington Blvd,Miami,TN,16700,US
David Davis,david@umbrella.com,+1-613-195-4904,4129 Washington Blvd,Denver,OR,89547,US
Sarah Miller,sarah@oscorp.com,+1-678-370-3958,2235 Elm St,Los Angeles,WA,47349,US
Emma Jones,emma@hooli.com,+1-501-954-1998,6280 Washington Blvd,Houston,AZ,74179,US
Mike Garcia,mike@globex.com,+1-940-209-3132,805 Elm St,Houston,PA,21113,US
Emma Jones,emma@wayne.com,+1-223-133-9792,5258 Market St,Dallas,IL,61813,US
Mike Taylor,mike@stark.com,+1-393-481-7597,4536 Oak Ave,New York,TX,83988,US
John Taylor,john@oscorp.com,+1-855-298-8998,9661 Lake Dr,Miami,CO,68785,US
David Brown,david@initech.com,+1-657-138-7643,5691 Elm St,Boston,CO,71849,US
Mike Jones,mike@globex.com,+1-745-221-2891,2216 Oak Ave,Phoenix,AZ,49859,US
David Taylor,david@stark.com,+1-710-567-6345,1744 Oak Ave,Philadelphia,CA,53721,US
Lisa Williams,lisa@umbrella.com,+1-839-993-5093,4891 Lake Dr,San Diego,NY,27365,US
Mike Johnson,mike@hooli.com,+1-998-358-1796,1202 Main St,Phoenix,CA,29922,US
Chris Smith,chris@stark.com,+1-772-623-2233,2679 Main St,Miami,OR,18370,US
Mike Johnson,mike@oscorp.com,+1-830-823-6951,4954 Broadway,Houston,FL,48751,US
Emma Davis,emma@cyberdyne.com,+1-759-427-8413,6554 Main St,San Antonio,MA,68145,US
Bob Brown,bob@initech.com,+1-248-356-9725,5688 River Rd,Phoenix,OH,52446,US
John Miller,john@wayne.com,+1-613-633-5317,5403 Lake Dr,Nashville,WA,69341,US
Lisa Davis,lisa@stark.com,+1-524-717-2743,4595 Elm St,Philadelphia,OH,75611,US
Bob Wilson,bob@acmecorp.com,+1-203-901-1233,9735 Main St,Los Angeles,GA,91243,US
Sarah Jones,sarah@oscorp.com,+1-605-408-6575,7136 Lake Dr,Houston,MN,36435,US
Sarah Wilson,sarah@stark.com,+1-870-334-9148,554 Main St,New York,PA,50291,US
Jane Smith,jane@massive.com,+1-638-950-1771,2360 Market St,Austin,AZ,59825,US
John Brown,john@acmecorp.com,+1-281-946-8645,5813 Market St,Miami,FL,93402,US
Alice Miller,alice@acmecorp.com,+1-429-431-1879,4860 River Rd,New York,IL,38821,US
Chris Garcia,chris@globex.com,+1-231-577-4240,5104 Oak Ave,Atlanta,AZ,68350,US
John Jones,john@umbrella.com,+1-974-127-8856,5457 Oak Ave,San Diego,CA,63812,US
Chris Brown,chris@cyberdyne.com,+1-518-914-5375,5527 Washington Blvd,Dallas,CA,18752,US
Sarah Taylor,sarah@massive.com,+1-763-702-1706,1049 Washington Blvd,Houston,CO,72450,US
Jane Smith,jane@hooli.com,+1-301-431-6601,7105 Broadway,Phoenix,TX,16163,US
David Smith,david@globex.com,+1-841-260-2081,4720 Washington Blvd,Phoenix,OH,73915,US
John Miller,john@umbrella.com,+1-546-413-2354,7749 Washington Blvd,Portland,AZ,15786,US
Alice Garcia,alice@massive.com,+1-904-475-6772,1268 Park Ave,Minneapolis,CO,93066,US
Mike Jones,mike@acmecorp.com,+1-423-385-4434,5849 Hill Rd,Nashville,TN,31823,US
Lisa Johnson,lisa@cyberdyne.com,+1-525-757-5555,9901 Washington Blvd,New York,GA,13183,US
Bob Davis,bob@acmecorp.com,+1-615-546-9148,1189 Elm St,Atlanta,PA,36172,US
Alice Garcia,alice@wayne.com,+1-233-910-3367,4565 Broadway,Nashville,CO,60936,US
John Smith,john@globex.com,+1-868-499-2988,3430 River Rd,Houston,MN,41358,US
John Smith,john@umbrella.com,+1-603-877-2827,5765 Park Ave,New York,OH,48067,US
John Wilson,john@globex.com,+1-684-532-8160,9501 Washington Blvd,Nashville,OR,76492,US
Sarah Smith,sarah@globex.com,+1-946-395-1167,6150 Elm St,Los Angeles,MN,96554,US
Alice Johnson,alice@wayne.com,+1-492-130-1386,324 Oak Ave,Atlanta,MA,15582,US
Bob Williams,bob@initech.com,+1-304-470-7143,6917 River Rd,Chicago,NY,18914,US
Alice Johnson,alice@oscorp.com,+1-826-404-9097,9047 Elm St,Los Angeles,WA,82644,US
John Taylor,john@stark.com,+1-825-548-9435,4275 Market St,Los Angeles,CA,76805,US
John Williams,john@massive.com,+1-312-590-1262,2615 Main St,Miami,TX,27158,US
Emma Smith,emma@initech.com,+1-482-821-8868,9286 Market St,Phoenix,NY,20737,US
Alice Miller,alice@globex.com,+1-407-133-1316,9873 Elm St,Portland,TX,41324,US
Chris Johnson,chris@stark.com,+1-474-747-3876,9245 River Rd,New York,GA,38614,US
Alice Taylor,alice@hooli.com,+1-286-335-6015,5063 Park Ave,Houston,GA,74810,US
Lisa Davis,lisa@oscorp.com,+1-211-968-8956,8668 Elm St,Minneapolis,IL,58970,US
John Davis,john@initech.com,+1-762-688-6859,9481 Lake Dr,Phoenix,CO,86082,US
Lisa Taylor,lisa@massive.com,+1-626-628-1711,3549 Oak Ave,Dallas,TN,23836,US
Mike Davis,mike@umbrella.com,+1-500-857-5033,6299 Lake Dr,Los Angeles,WA,92360,US
Sarah Williams,sarah@wayne.com,+1-788-324-4011,6337 Hill Rd,Miami,CA,19690,US
Alice Brown,alice@umbrella.com,+1-523-671-5822,9800 Main St,Minneapolis,CA,37916,US
David Jones,david@umbrella.com,+1-290-369-9568,8268 Washington Blvd,Seattle,PA,75879,US
John Brown,john@umbrella.com,+1-901-870-7723,4093 Hill Rd,Austin,OR,83114,US
John Jones,john@cyberdyne.com,+1-787-690-4697,9553 Oak Ave,Portland,GA,66098,US
Bob Smith,bob@stark.com,+1-582-991-9890,3253 Lake Dr,Miami,AZ,94948,US
John Brown,john@hooli.com,+1-891-632-2253,1895 Washington Blvd,Houston,PA,88792,US
David Smith,david@initech.com,+1-888-989-5862,2034 Park Ave,Chicago,TX,61102,US
Alice Davis,alice@massive.com,+1-841-236-1383,4189 Washington Blvd,Phoenix,PA,99009,US
Jane Brown,jane@massive.com,+1-928-924-7821,2269 Lake Dr,San Antonio,MA,87968,US
Bob Wilson,bob@globex.com,+1-358-319-9852,6390 Washington Blvd,Minneapolis,CO,56471,US
David Williams,david@wayne.com,+1-376-428-3559,4333 Washington Blvd,Miami,OR,24939,US
Emma Williams,emma@umbrella.com,+1-895-921-6321,2685 River Rd,Miami,FL,64824,US
Alice Williams,alice@cyberdyne.com,+1-995-942-6599,6203 Main St,Atlanta,NY,98562,US
Sarah Johnson,sarah@acmecorp.com,+1-510-118-2006,4603 Elm St,Portland,FL,34860,US
Sarah Miller,sarah@stark.com,+1-204-117-2480,5515 Hill Rd,Denver,OH,32644,US
Lisa Smith,lisa@oscorp.com,+1-692-137-4631,6573 Broadway,Miami,TN,76939,US
Bob Wilson,bob@stark.com,+1-963-475-6948,8636 Market St,Nashville,TX,34976,US
Sarah Miller,sarah@stark.com,+1-823-272-4506,7436 Broadway,Atlanta,OH,82084,US
Emma Davis,emma@cyberdyne.com,+1-380-517-1271,5276 Washington Blvd,Philadelphia,OH,20568,US
Lisa Miller,lisa@globex.com,+1-373-600-8867,167 Elm St,Boston,FL,25600,US
Emma Miller,emma@wayne.com,+1-534-943-7375,8611 River Rd,Dallas,NY,79981,US
Bob Johnson,bob@initech.com,+1-454-523-5319,3044 Washington Blvd,San Antonio,FL,20989,US
Bob Garcia,bob@acmecorp.com,+1-833-324-5422,4633 Broadway,Philadelphia,CO,37812,US
Mike Williams,mike@wayne.com,+1-434-791-9687,6368 Main St,Dallas,WA,69630,US
David Miller,david@acmecorp.com,+1-416-140-7241,9625 Elm St,Nashville,NY,32015,US
Alice Wilson,alice@wayne.com,+1-697-438-8338,5577 Main St,San Antonio,CO,26788,US
Mike Williams,mike@globex.com,+1-519-584-8959,3932 Broadway,San Diego,CO,37488,US
Mike Williams,mike@massive.com,+1-829-905-8320,1196 Market St,Seattle,NY,65840,US
Sarah Miller,sarah@hooli.com,+1-266-375-7511,742 Elm St,Nashville,CO,43478,US
Alice Taylor,alice@globex.com,+1-678-446-7605,9029 Hill Rd,Portland,OR,25389,US
John Miller,john@hooli.com,+1-485-311-5876,9806 Elm St,Portland,AZ,97342,US
Emma Wilson,emma@globex.com,+1-376-336-1153,8419 Hill Rd,San Antonio,GA,54562,US
Jane Brown,jane@oscorp.com,+1-289-724-4579,2500 Lake Dr,San Diego,GA,13769,US
John Johnson,john@wayne.com,+1-977-454-3006,2890 Main St,Boston,TN,28351,US
Emma Johnson,emma@cyberdyne.com,+1-238-152-3845,9304 River Rd,Atlanta,TX,13025,US
Chris Johnson,chris@umbrella.com,+1-658-419-3165,834 Market St,Austin,IL,38388,US
Chris Jones,chris@initech.com,+1-693-787-1099,7785 Main St,Miami,CA,62699,US
Mike Johnson,mike@massive.com,+1-336-831-7937,2172 River Rd,Phoenix,TN,33521,US
David Brown,david@massive.com,+1-353-694-9714,3689 Elm St,Houston,OR,17471,US
John Miller,john@umbrella.com,+1-749-580-5858,8145 Market St,San Diego,OH,76826,US
Emma Miller,emma@hooli.com,+1-528-187-3915,6938 Lake Dr,New York,OR,98053,US
Mike Davis,mike@hooli.com,+1-600-211-1452,5057 Broadway,San Antonio,FL,30194,US
Emma Taylor,emma@globex.com,+1-592-691-1121,1949 Main St,Miami,MA,96625,US
Alice Smith,alice@umbrella.com,+1-943-585-6630,2133 Broadway,Philadelphia,TX,48144,US
John Taylor,john@oscorp.com,+1-472-107-4120,5802 Park Ave,Boston,AZ,74930,US
Sarah Johnson,sarah@massive.com,+1-837-446-3260,5976 Broadway,Los Angeles,WA,46628,US
Chris Smith,chris@massive.com,+1-709-121-2991,3856 Oak Ave,Houston,PA,20888,US
Mike Taylor,mike@massive.com,+1-637-358-8897,2658 Elm St,Houston,MA,56099,US
Chris Williams,chris@acmecorp.com,+1-944-514-3488,4463 River Rd,Nashville,MA,10580,US
Mike Jones,mike@umbrella.com,+1-224-144-5784,7415 River Rd,Chicago,IL,79861,US
John Davis,john@initech.com,+1-367-327-8737,912 Main St,New York,NY,96550,US
Alice Smith,alice@massive.com,+1-910-920-1151,8601 River Rd,San Diego,CA,12961,US
Lisa Miller,lisa@acmecorp.com,+1-547-674-7580,657 Broadway,Austin,MN,11113,US
Emma Williams,emma@massive.com,+1-213-499-8676,1715 Park Ave,Phoenix,OH,62603,US
Alice Johnson,alice@wayne.com,+1-738-352-3464,2093 River Rd,Boston,OR,56411,US
Alice Miller,alice@acmecorp.com,+1-227-413-6366,1448 Broadway,San Diego,NY,90125,US
Sarah Wilson,sarah@stark.com,+1-459-571-8636,7528 Lake Dr,Phoenix,MN,87160,US
Mike Miller,mike@stark.com,+1-835-500-4996,7202 River Rd,Nashville,FL,12688,US
Alice Taylor,alice@cyberdyne.com,+1-389-232-3831,7898 Broadway,New York,OR,38258,US
Alice Williams,alice@initech.com,+1-784-164-7145,2917 Lake Dr,Chicago,MA,63856,US
Lisa Garcia,lisa@acmecorp.com,+1-205-128-8589,8486 Hill Rd,Miami,TX,88501,US
Chris Jones,chris@massive.com,+1-873-293-3424,9807 Broadway,New York,GA,41408,US
Emma Garcia,emma@umbrella.com,+1-658-636-2925,5491 River Rd,San Antonio,OH,12608,US
Bob Brown,bob@stark.com,+1-564-458-2149,9675 River Rd,New York,GA,17244,US
Lisa Brown,lisa@initech.com,+1-907-864-8310,6127 Elm St,Atlanta,TX,43040,US
Chris Williams,chris@hooli.com,+1-984-918-8002,5086 Market St,Chicago,NY,86270,US
Alice Taylor,alice@massive.com,+1-891-170-5729,2506 Elm St,Philadelphia,TN,68852,US
Mike Garcia,mike@cyberdyne.com,+1-345-480-7319,7934 Lake Dr,Los Angeles,OH,64675,US
David Taylor,david@globex.com,+1-727-888-7193,1966 Lake Dr,Portland,IL,56262,US
Jane Garcia,jane@oscorp.com,+1-236-814-8379,3560 River Rd,Portland,PA,66161,US
John Brown,john@massive.com,+1-447-748-9848,5260 Oak Ave,Nashville,TX,96480,US
David Smith,david@initech.com,+1-503-157-8354,8794 Market St,Boston,PA,58923,US
Lisa Wilson,lisa@globex.com,+1-816-764-2443,1615 Main St,Nashville,OR,80171,US
Lisa Miller,lisa@oscorp.com,+1-441-442-6940,9427 Oak Ave,Nashville,MA,68469,US
Mike Brown,mike@umbrella.com,+1-951-332-3568,9706 Main St,New York,CA,23785,US
Mike Garcia,mike@stark.com,+1-975-742-6002,7630 Washington Blvd,Nashville,MA,90775,US
David Smith,david@umbrella.com,+1-927-207-4475,1143 Oak Ave,Phoenix,MN,29384,US
Chris Wilson,chris@cyberdyne.com,+1-589-281-5375,3352 Washington Blvd,Los Angeles,NY,34397,US
Lisa Taylor,lisa@stark.com,+1-666-286-9444,3047 Oak Ave,San Diego,MA,33582,US
Mike Williams,mike@oscorp.com,+1-217-978-6141,8754 Elm St,San Antonio,IL,24225,US
Emma Brown,emma@oscorp.com,+1-457-890-6614,4335 Main St,Austin,CA,48096,US
Mike Johnson,mike@wayne.com,+1-496-265-8769,8832 Oak Ave,Boston,MA,17187,US
Mike Jones,mike@umbrella.com,+1-739-784-1681,6864 Broadway,Portland,TX,56728,US
Emma Davis,emma@massive.com,+1-772-868-3410,5217 Market St,Denver,PA,73324,US
Jane Williams,jane@globex.com,+1-716-664-1829,366 Hill Rd,Dallas,TX,52320,US
Sarah Johnson,sarah@stark.com,+1-800-872-3893,1994 Elm St,Atlanta,WA,96520,US
John Johnson,john@initech.com,+1-839-175-2391,467 Elm St,Atlanta,NY,25130,US
Chris Taylor,chris@hooli.com,+1-230-582-2201,9063 Elm St,Chicago,CA,14551,US
Sarah Smith,sarah@massive.com,+1-963-603-7575,829 River Rd,Phoenix,TX,72650,US
Bob Johnson,bob@globex.com,+1-525-273-7744,4946 Hill Rd,Philadelphia,CO,62881,US
Sarah Miller,sarah@initech.com,+1-511-972-1869,7393 River Rd,Denver,OH,35283,US
Alice Garcia,alice@acmecorp.com,+1-570-467-1853,3029 Washington Blvd,Boston,FL,14587,US
John Wilson,john@oscorp.com,+1-984-736-7822,9470 Market St,Atlanta,CA,11824,US
Mike Taylor,mike@globex.com,+1-232-381-1269,9272 Main St,Boston,TN,19307,US
Sarah Jones,sarah@globex.com,+1-654-409-2006,4737 Hill Rd,Phoenix,PA,26367,US
Mike Garcia,mike@cyberdyne.com,+1-255-889-8625,7823 Hill Rd,San Diego,CO,31560,US
Alice Brown,alice@initech.com,+1-970-121-2609,2896 Broadway,Nashville,MA,91773,US
Chris Taylor,chris@oscorp.com,+1-776-488-3477,1250 Elm St,Miami,MN,38714,US
Sarah Wilson,sarah@wayne.com,+1-728-209-5662,4719 Lake Dr,Minneapolis,NY,37125,US
Emma Brown,emma@umbrella.com,+1-874-880-8289,9879 Broadway,Dallas,NY,83470,US
Mike Williams,mike@cyberdyne.com,+1-977-914-6176,6652 Main St,Miami,PA,98435,US
David Miller,david@cyberdyne.com,+1-289-895-4352,4384 Washington Blvd,Chicago,IL,19747,US
Chris Miller,chris@stark.com,+1-385-879-3202,6234 Hill Rd,Miami,MN,58113,US
Mike Williams,mike@hooli.com,+1-787-906-6217,7928 Hill Rd,Atlanta,FL,48251,US
David Williams,david@acmecorp.com,+1-766-783-5442,7187 Oak Ave,Boston,CO,51254,US
Alice Williams,alice@wayne.com,+1-580-408-3449,2779 Hill Rd,San Antonio,MN,51548,US
Jane Johnson,jane@cyberdyne.com,+1-629-770-6989,944 Oak Ave,Boston,MA,81154,US
Jane Johnson,jane@globex.com,+1-329-796-3066,7647 Broadway,Austin,WA,62258,US
Alice Johnson,alice@globex.com,+1-768-758-4775,4456 Broadway,New York,GA,84807,US
Mike Taylor,mike@hooli.com,+1-815-108-6415,4238 Market St,Chicago,OH,74520,US
Lisa Davis,lisa@initech.com,+1-619-857-2504,1811 River Rd,New York,OR,85403,US
Jane Smith,jane@stark.com,+1-425-838-1022,3482 Lake Dr,Austin,MN,76904,US
Alice Johnson,alice@cyberdyne.com,+1-630-292-3571,630 Market St,Nashville,NY,34511,US
Bob Brown,bob@globex.com,+1-989-575-2493,4661 Washington Blvd,Austin,PA,73622,US
Jane Johnson,jane@massive.com,+1-688-118-4698,1748 Main St,Houston,CA,46360,US
Mike Davis,mike@wayne.com,+1-523-967-6513,5689 Park Ave,Seattle,PA,14859,US
Bob Jones,bob@hooli.com,+1-782-482-4848,3939 Lake Dr,Los Angeles,WA,65268,US
Sarah Taylor,sarah@initech.com,+1-788-111-9076,9841 Elm St,Austin,TN,54953,US
Mike Miller,mike@stark.com,+1-800-644-8812,2255 Oak Ave,San Antonio,PA,14478,US
Bob Williams,bob@umbrella.com,+1-332-813-3667,6825 Lake Dr,New York,CA,73126,US
John Williams,john@stark.com,+1-671-430-8533,4238 Hill Rd,New York,OR,99501,US
John Williams,john@globex.com,+1-913-333-8402,3182 Park Ave,Denver,IL,87634,US
Lisa Brown,lisa@hooli.com,+1-562-159-2595,2460 Hill Rd,Miami,IL,64661,US
John Davis,john@wayne.com,+1-446-564-8968,5698 Main St,Seattle,TX,35423,US
Chris Davis,chris@globex.com,+1-378-881-1523,3434 Market St,Atlanta,FL,27026,US
David Taylor,david@cyberdyne.com,+1-943-830-6358,2013 Elm St,Denver,MA,41638,US
Lisa Johnson,lisa@wayne.com,+1-844-516-1820,5590 Main St,Boston,CO,12716,US
Sarah Davis,sarah@umbrella.com,+1-365-474-1501,244 Elm St,Nashville,PA,28318,US
Jane Garcia,jane@cyberdyne.com,+1-288-903-5136,5427 Washington Blvd,Miami,IL,48626,US
Lisa Wilson,lisa@initech.com,+1-485-882-3363,2917 Hill Rd,Austin,IL,48002,US
Bob Miller,bob@wayne.com,+1-641-545-3089,1212 Main St,Austin,PA,63471,US
Alice Williams,alice@massive.com,+1-259-162-6522,6031 Oak Ave,Denver,CO,66781,US
Bob Brown,bob@hooli.com,+1-509-557-1214,7465 Washington Blvd,Houston,MA,27838,US
David Brown,david@acmecorp.com,+1-837-631-1432,3288 Market St,Chicago,CO,63140,US
Emma Garcia,emma@globex.com,+1-556-781-5841,2771 Broadway,Minneapolis,AZ,63198,US
Sarah Taylor,sarah@hooli.com,+1-347-328-6155,736 Main St,Seattle,TN,43587,US
Chris Wilson,chris@massive.com,+1-889-331-8035,6964 Hill Rd,Portland,OH,94646,US
Jane Davis,jane@umbrella.com,+1-950-951-6840,9241 Park Ave,Nashville,OR,43332,US
Chris Wilson,chris@massive.com,+1-266-675-4646,6749 Washington Blvd,Los Angeles,TN,42507,US
Mike Johnson,mike@initech.com,+1-501-684-5572,5267 Market St,Phoenix,CA,78795,US
Chris Williams,chris@oscorp.com,+1-881-438-7361,6067 River Rd,Portland,MA,42541,US
Sarah Miller,sarah@initech.com,+1-998-333-8972,3068 River Rd,Denver,GA,83736,US
Lisa Miller,lisa@globex.com,+1-342-631-9449,5551 Lake Dr,San Diego,IL,98170,US
Lisa Taylor,lisa@globex.com,+1-693-562-4585,3414 Hill Rd,Atlanta,TN,38288,US
Emma Jones,emma@massive.com,+1-254-645-7511,9793 Washington Blvd,Portland,IL,61698,US
John Taylor,john@umbrella.com,+1-464-539-8314,8849 Park Ave,Chicago,FL,99165,US
Alice Brown,alice@initech.com,+1-847-327-8005,3954 River Rd,Nashville,MN,14311,US
Alice Brown,alice@acmecorp.com,+1-686-320-1967,3397 Main St,Austin,PA,74533,US
John Williams,john@oscorp.com,+1-273-127-7204,7385 Hill Rd,Nashville,TX,60102,US
Alice Taylor,alice@wayne.com,+1-814-257-8966,947 Broadway,Miami,NY,38610,US
John Brown,john@massive.com,+1-935-717-8884,9600 Hill Rd,Philadelphia,OH,55152,US
Jane Wilson,jane@globex.com,+1-297-563-4463,4820 Market St,Los Angeles,TX,10531,US
Emma Williams,emma@oscorp.com,+1-791-132-4901,9344 Park Ave,New York,MN,13783,US
Lisa Miller,lisa@globex.com,+1-834-634-2537,8504 Hill Rd,Portland,MN,73497,US
Alice Smith,alice@oscorp.com,+1-498-863-1368,9648 Oak Ave,Minneapolis,MA,53521,US
Lisa Brown,lisa@massive.com,+1-863-661-2901,2080 Washington Blvd,Phoenix,AZ,83007,US
Emma Garcia,emma@wayne.com,+1-510-411-3594,7912 Hill Rd,Los Angeles,MN,18020,US
Lisa Garcia,lisa@massive.com,+1-592-613-1676,3094 Washington Blvd,Miami,MN,15697,US
Lisa Davis,lisa@oscorp.com,+1-235-830-6452,5897 Broadway,Miami,WA,72703,US
Bob Smith,bob@initech.com,+1-398-723-4095,1537 Washington Blvd,Austin,PA,53452,US
John Brown,john@wayne.com,+1-394-466-6360,5647 Main St,Portland,CA,76679,US
Alice Garcia,alice@umbrella.com,+1-417-551-2232,9942 Market St,Chicago,OH,31675,US
Lisa Miller,lisa@acmecorp.com,+1-822-606-2547,6481 Hill Rd,Denver,IL,29445,US
Sarah Davis,sarah@umbrella.com,+1-398-524-2631,5937 Hill Rd,Minneapolis,OR,88423,US
Jane Smith,jane@initech.com,+1-790-940-5183,1747 Hill Rd,Austin,TX,76475,US
John Miller,john@wayne.com,+1-464-921-1148,7947 Washington Blvd,Austin,CO,12074,US
John Wilson,john@hooli.com,+1-447-118-3205,4155 Park Ave,Dallas,MA,97541,US
Jane Brown,jane@cyberdyne.com,+1-771-452-1110,5045 Market St,Philadelphia,WA,65349,US
John Taylor,john@wayne.com,+1-664-956-5719,5865 Oak Ave,San Diego,IL,62138,US
Sarah Johnson,sarah@initech.com,+1-527-577-6786,2870 Lake Dr,Portland,GA,25482,US
Lisa Smith,lisa@globex.com,+1-389-380-1867,1854 Washington Blvd,New York,MA,99721,US
Bob Brown,bob@globex.com,+1-332-534-6310,3883 Washington Blvd,Phoenix,AZ,34529,US
John Smith,john@cyberdyne.com,+1-800-537-1125,3652 Elm St,Chicago,GA,36180,US
Alice Taylor,alice@cyberdyne.com,+1-429-384-8918,2810 River Rd,Houston,OR,48994,US
Alice Garcia,alice@acmecorp.com,+1-472-538-4786,4770 Lake Dr,San Antonio,TX,63316,US
Sarah Miller,sarah@umbrella.com,+1-306-800-1631,162 Broadway,New York,TX,26062,US
Emma Miller,emma@stark.com,+1-506-385-7681,9597 Elm St,Atlanta,OR,18359,US
Jane Brown,jane@acmecorp.com,+1-520-297-4384,1280 Lake Dr,Miami,TX,86963,US
John Smith,john@acmecorp.com,+1-706-121-7313,7893 Broadway,Minneapolis,WA,88849,US
John Davis,john@stark.com,+1-556-948-2680,9237 Washington Blvd,Minneapolis,TN,86815,US
Alice Taylor,alice@cyberdyne.com,+1-689-918-2811,7171 Lake Dr,Denver,GA,37615,US
Jane Johnson,jane@initech.com,+1-843-292-9437,7246 Main St,Chicago,CA,10772,US
Jane Garcia,jane@cyberdyne.com,+1-232-916-6842,7250 Hill Rd,Portland,CA,47667,US
Mike Garcia,mike@stark.com,+1-575-916-8541,4126 Elm St,Dallas,OR,32730,US
Lisa Brown,lisa@wayne.com,+1-995-218-2141,988 Hill Rd,Dallas,GA,99315,US
Sarah Williams,sarah@umbrella.com,+1-582-621-6742,4023 Broadway,Houston,OH,31415,US
John Davis,john@oscorp.com,+1-396-401-3755,5529 Broadway,Los Angeles,TN,82513,US
John Davis,john@initech.com,+1-879-931-8646,9114 Broadway,Atlanta,TX,97056,US
Bob Jones,bob@massive.com,+1-508-507-6253,8229 Broadway,Boston,AZ,95209,US
Bob Miller,bob@umbrella.com,+1-270-507-3409,9614 Oak Ave,Miami,OR,27536,US
Chris Smith,chris@wayne.com,+1-675-721-9002,8334 Main St,Portland,TX,89229,US
Chris Garcia,chris@oscorp.com,+1-517-103-8963,7299 Main St,Boston,CA,46179,US
David Garcia,david@globex.com,+1-207-745-5945,1168 Market St,Houston,PA,98812,US
Emma Wilson,emma@hooli.com,+1-422-198-3223,2721 Oak Ave,Atlanta,OR,41034,US
David Davis,david@umbrella.com,+1-445-602-5216,1597 River Rd,Seattle,PA,73894,US
Bob Wilson,bob@initech.com,+1-685-898-8528,2484 Park Ave,Phoenix,TX,33983,US
Sarah Jones,sarah@hooli.com,+1-372-935-5025,3807 Oak Ave,Chicago,CA,48499,US
David Brown,david@acmecorp.com,+1-688-767-3705,1987 River Rd,Minneapolis,CO,24435,US
Lisa Garcia,lisa@oscorp.com,+1-627-978-3746,2506 Broadway,Nashville,WA,69037,US
Alice Garcia,alice@initech.com,+1-766-134-7277,1266 Oak Ave,Boston,MN,56823,US
Mike Wilson,mike@umbrella.com,+1-479-536-7962,9876 Broadway,New York,OH,45347,US
Emma Garcia,emma@cyberdyne.com,+1-383-335-6306,9401 Market St,Portland,GA,29607,US
David Smith,david@massive.com,+1-677-753-2954,5755 Hill Rd,Denver,FL,98248,US
Alice Johnson,alice@initech.com,+1-272-706-4636,5719 River Rd,Austin,IL,12500,US
Bob Brown,bob@stark.com,+1-709-549-6875,5413 Broadway,Atlanta,MA,55182,US
Mike Miller,mike@acmecorp.com,+1-421-204-5000,8296 Main St,Los Angeles,TN,74056,US
David Johnson,david@initech.com,+1-355-977-5444,3201 Park Ave,Boston,WA,27742,US
Bob Miller,bob@cyberdyne.com,+1-807-625-2466,8061 Hill Rd,Philadelphia,IL,45592,US
Jane Taylor,jane@globex.com,+1-830-582-3970,5124 Hill Rd,Seattle,GA,57213,US
Mike Smith,mike@umbrella.com,+1-693-585-1687,7416 Elm St,Philadelphia,OR,18642,US
Sarah Miller,sarah@massive.com,+1-916-106-7451,697 Main St,Chicago,AZ,60725,US
Mike Miller,mike@globex.com,+1-729-115-2860,9371 Lake Dr,Seattle,IL,57068,US
John Williams,john@cyberdyne.com,+1-568-838-2178,1810 Broadway,San Diego,FL,58057,US
John Wilson,john@acmecorp.com,+1-862-840-1303,642 River Rd,Dallas,IL,73484,US
Lisa Johnson,lisa@globex.com,+1-833-742-8674,6741 Washington Blvd,Seattle,AZ,26393,US
Mike Johnson,mike@umbrella.com,+1-873-521-1314,3681 Washington Blvd,Miami,FL,22629,US
Chris Davis,chris@hooli.com,+1-682-766-7021,8215 Market St,Denver,TN,12261,US
Chris Davis,chris@initech.com,+1-906-589-5612,746 Market St,Boston,OR,54088,US
Alice Wilson,alice@acmecorp.com,+1-551-333-4156,9007 Oak Ave,Atlanta,OR,78765,US
Lisa Williams,lisa@oscorp.com,+1-910-525-4380,7088 Lake Dr,Houston,NY,12769,US
David Wilson,david@initech.com,+1-477-901-8523,3440 Oak Ave,Boston,MN,26973,US
Emma Davis,emma@hooli.com,+1-482-409-6044,7021 Elm St,New York,CA,46995,US
Mike Brown,mike@wayne.com,+1-205-568-7711,5789 Broadway,Chicago,WA,18623,US
Emma Brown,emma@acmecorp.com,+1-735-383-7750,3697 River Rd,Philadelphia,FL,50144,US
David Williams,david@wayne.com,+1-421-330-8209,2174 Lake Dr,Dallas,CO,33949,US
Bob Jones,bob@hooli.com,+1-843-788-6715,9896 River Rd,Austin,CA,93138,US
Sarah Johnson,sarah@globex.com,+1-541-621-8410,3101 Park Ave,Philadelphia,NY,94254,US
John Davis,john@acmecorp.com,+1-796-737-9995,633 Elm St,Boston,NY,84068,US
David Garcia,david@cyberdyne.com,+1-818-989-5282,8736 Main St,Los Angeles,MA,10571,US
Sarah Garcia,sarah@globex.com,+1-958-925-1530,2020 Washington Blvd,Philadelphia,OH,46957,US
Bob Jones,bob@globex.com,+1-410-514-1968,5033 Broadway,Boston,GA,94672,US
Lisa Taylor,lisa@wayne.com,+1-553-240-7659,3736 Park Ave,Atlanta,CA,28340,US
John Johnson,john@initech.com,+1-957-875-6693,8487 Market St,Chicago,TN,97456,US
Lisa Wilson,lisa@wayne.com,+1-875-435-4889,7337 Hill Rd,San Diego,TN,14463,US
Lisa Garcia,lisa@massive.com,+1-683-912-2293,5480 Main St,Austin,MA,55214,US
Mike Williams,mike@stark.com,+1-411-628-8443,8379 Washington Blvd,Portland,CA,94553,US
Jane Davis,jane@wayne.com,+1-492-297-4187,2736 Washington Blvd,Boston,NY,47190,US
John Garcia,john@oscorp.com,+1-435-278-5781,255 Market St,Boston,PA,39637,US
David Johnson,david@globex.com,+1-694-224-4668,3096 Hill Rd,Philadelphia,OH,13910,US
Lisa Miller,lisa@oscorp.com,+1-419-306-3580,3479 Washington Blvd,Seattle,NY,32126,US
David Davis,david@hooli.com,+1-572-341-6957,4696 Hill Rd,Los Angeles,CA,51357,US
David Wilson,david@wayne.com,+1-795-592-3345,217 Park Ave,Atlanta,FL,94545,US
Jane Davis,jane@hooli.com,+1-402-286-9907,643 Elm St,Chicago,PA,53319,US
Mike Williams,mike@cyberdyne.com,+1-929-476-7083,284 Lake Dr,Denver,FL,38718,US
David Jones,david@massive.com,+1-242-369-6307,3227 Lake Dr,New York,OR,49134,US
David Wilson,david@wayne.com,+1-406-449-3765,8623 River Rd,Los Angeles,TX,44156,US
Emma Jones,emma@initech.com,+1-801-589-8220,9662 Market St,San Diego,TX,47993,US
Lisa Jones,lisa@stark.com,+1-207-119-5218,1450 River Rd,Austin,CA,72556,US
Chris Brown,chris@umbrella.com,+1-917-668-6461,5839 Lake Dr,Austin,PA,30318,US
John Jones,john@oscorp.com,+1-636-840-3304,8642 Park Ave,San Diego,CO,25792,US
Lisa Miller,lisa@hooli.com,+1-351-255-1898,1503 Main St,New York,NY,38166,US
Alice Johnson,alice@oscorp.com,+1-533-142-7991,9892 Main St,Nashville,NY,26415,US
Lisa Jones,lisa@hooli.com,+1-963-249-3807,4912 Hill Rd,Miami,TX,12406,US
Emma Jones,emma@stark.com,+1-914-399-1270,5659 Elm St,Boston,MN,13619,US
Jane Garcia,jane@stark.com,+1-551-651-6790,2728 Main St,Philadelphia,AZ,10536,US
Chris Miller,chris@stark.com,+1-244-663-7526,8704 Main St,Seattle,TN,53090,US
David Smith,david@hooli.com,+1-877-475-6580,8169 Park Ave,Minneapolis,AZ,33328,US
Jane Brown,jane@massive.com,+1-904-414-9569,7717 Park Ave,New York,MA,32746,US
David Smith,david@globex.com,+1-928-687-9142,8997 Washington Blvd,Dallas,OH,74154,US
David Garcia,david@stark.com,+1-453-253-6185,3033 Market St,Atlanta,OR,85131,US
Alice Jones,alice@umbrella.com,+1-597-757-6969,9378 Elm St,Phoenix,TX,15881,US
Emma Johnson,emma@globex.com,+1-530-367-5386,9694 Park Ave,Seattle,FL,17962,US
Sarah Taylor,sarah@wayne.com,+1-262-880-1787,7941 Washington Blvd,Portland,MN,95498,US
Lisa Johnson,lisa@umbrella.com,+1-469-690-9839,9759 Hill Rd,Houston,MN,74753,US
John Brown,john@wayne.com,+1-674-746-9008,4641 Lake Dr,Philadelphia,NY,78920,US
Bob Wilson,bob@acmecorp.com,+1-758-507-2277,1996 Washington Blvd,Dallas,MA,65787,US
Lisa Garcia,lisa@stark.com,+1-646-117-9038,3905 Hill Rd,Seattle,CA,42724,US
John Smith,john@wayne.com,+1-581-420-9050,5999 Market St,Boston,OH,58605,US
John Garcia,john@initech.com,+1-286-512-8263,2863 Main St,Miami,GA,16131,US
John Williams,john@initech.com,+1-624-931-5062,8204 Park Ave,Philadelphia,WA,31130,US
Sarah Taylor,sarah@wayne.com,+1-985-614-5745,9566 Broadway,Minneapolis,OR,92337,US
Sarah Williams,sarah@initech.com,+1-396-211-7986,4010 Market St,Nashville,AZ,15702,US
Mike Smith,mike@acmecorp.com,+1-968-445-2345,2887 River Rd,Phoenix,CO,67493,US
Alice Garcia,alice@cyberdyne.com,+1-324-360-3554,2561 Main St,Atlanta,OH,79776,US
Emma Williams,emma@wayne.com,+1-216-309-3021,2070 Elm St,Minneapolis,OR,30310,US
Mike Smith,mike@hooli.com,+1-410-729-4533,7757 Lake Dr,Nashville,PA,79074,US
David Johnson,david@initech.com,+1-491-532-4577,2517 Broadway,Denver,OH,43496,US
Bob Garcia,bob@hooli.com,+1-487-398-6213,7124 Main St,Minneapolis,GA,83741,US
Sarah Miller,sarah@initech.com,+1-762-162-8241,9512 Oak Ave,Chicago,WA,33839,US
Alice Jones,alice@hooli.com,+1-355-886-4177,2392 Main St,Minneapolis,TX,44917,US
Lisa Williams,lisa@wayne.com,+1-510-352-5088,8130 Hill Rd,Houston,NY,94848,US
Lisa Johnson,lisa@stark.com,+1-298-112-9964,5272 Elm St,San Antonio,GA,59008,US
Alice Davis,alice@umbrella.com,+1-362-921-5925,1135 Oak Ave,Atlanta,NY,47858,US
David Johnson,david@umbrella.com,+1-783-898-3366,978 Oak Ave,Austin,TN,17674,US
Chris Jones,chris@stark.com,+1-398-788-9268,4620 Elm St,New York,IL,43380,US
Bob Smith,bob@oscorp.com,+1-314-502-7481,2274 Hill Rd,Philadelphia,CO,47705,US
Jane Wilson,jane@initech.com,+1-979-319-5221,7474 Oak Ave,Portland,OR,16072,US
Jane Garcia,jane@hooli.com,+1-690-836-5945,9375 Lake Dr,Chicago,IL,12301,US
David Garcia,david@initech.com,+1-929-120-6349,4236 Market St,Miami,IL,29455,US
Jane Taylor,jane@oscorp.com,+1-631-820-4894,5876 Main St,Denver,AZ,93918,US
Jane Davis,jane@acmecorp.com,+1-475-396-3581,8797 Main St,San Antonio,FL,23331,US
John Jones,john@acmecorp.com,+1-377-507-7548,1685 Hill Rd,Philadelphia,OR,76409,US
Bob Miller,bob@massive.com,+1-292-492-1560,3161 Oak Ave,Houston,GA,73140,US
Bob Williams,bob@wayne.com,+1-578-448-9418,7787 Market St,Houston,TX,62817,US
Chris Davis,chris@umbrella.com,+1-330-397-4223,4860 Elm St,Minneapolis,CO,43443,US
Sarah Smith,sarah@initech.com,+1-266-796-1105,7316 Washington Blvd,Minneapolis,MN,79460,US
Bob Garcia,bob@cyberdyne.com,+1-937-296-4673,7256 Market St,Portland,CA,37858,US
John Garcia,john@oscorp.com,+1-296-584-5944,1186 Lake Dr,Austin,PA,63545,US
David Davis,david@initech.com,+1-514-762-8069,7500 Broadway,Atlanta,OH,44930,US
Lisa Miller,lisa@globex.com,+1-805-417-2948,8015 Oak Ave,New York,TX,89515,US
Jane Johnson,jane@hooli.com,+1-732-399-9659,3265 Oak Ave,Dallas,AZ,34073,US
Mike Taylor,mike@initech.com,+1-584-932-4039,7972 Main St,Chicago,FL,11184,US
David Garcia,david@wayne.com,+1-509-141-3795,2906 Elm St,Portland,WA,75604,US
Chris Johnson,chris@wayne.com,+1-436-608-3661,9127 Lake Dr,Seattle,CA,67284,US
Sarah Brown,sarah@acmecorp.com,+1-830-713-3178,5676 Oak Ave,Los Angeles,TX,87393,US
David Garcia,david@acmecorp.com,+1-328-504-2799,2944 Main St,Houston,GA,88358,US
Emma Jones,emma@wayne.com,+1-992-932-7905,7977 Main St,Miami,TX,60188,US
John Jones,john@wayne.com,+1-217-768-5770,5246 Broadway,Atlanta,TN,95065,US
Mike Johnson,mike@stark.com,+1-289-235-5870,2328 Hill Rd,Denver,NY,57941,US
Sarah Miller,sarah@umbrella.com,+1-737-606-5769,4542 Elm St,Miami,WA,12734,US
Mike Davis,mike@oscorp.com,+1-986-112-7032,8270 Washington Blvd,Dallas,FL,27383,US
Alice Miller,alice@globex.com,+1-792-134-1675,2685 River Rd,Minneapolis,PA,73947,US
Mike Brown,mike@oscorp.com,+1-892-184-4670,7161 Park Ave,Dallas,GA,54713,US
Bob Smith,bob@globex.com,+1-506-849-8406,503 Market St,San Diego,CA,79634,US
Jane Garcia,jane@cyberdyne.com,+1-508-496-5871,3110 River Rd,Los Angeles,MA,92204,US
Lisa Williams,lisa@initech.com,+1-631-436-3733,4091 Main St,Houston,PA,43173,US
Mike Wilson,mike@cyberdyne.com,+1-227-338-9060,6816 Market St,San Antonio,TX,20948,US
Chris Garcia,chris@stark.com,+1-881-534-9846,4563 Park Ave,Denver,TX,27375,US
Lisa Smith,lisa@globex.com,+1-953-946-1425,3935 Washington Blvd,Los Angeles,AZ,31748,US
Chris Jones,chris@wayne.com,+1-609-195-4016,8164 Hill Rd,Nashville,CO,83136,US
Mike Garcia,mike@stark.com,+1-934-595-4507,2654 Park Ave,Dallas,OR,82830,US
Bob Brown,bob@cyberdyne.com,+1-512-744-9479,9365 Main St,Chicago,MN,46297,US
Lisa Williams,lisa@acmecorp.com,+1-540-480-3668,2941 Oak Ave,Phoenix,MN,77675,US
David Miller,david@globex.com,+1-650-196-9739,5165 Market St,Atlanta,MN,60779,US
David Brown,david@hooli.com,+1-773-141-1611,1165 River Rd,Philadelphia,WA,35837,US
John Brown,john@initech.com,+1-327-621-9778,8612 Washington Blvd,Boston,MA,53692,US
Sarah Williams,sarah@globex.com,+1-329-509-5535,9501 Lake Dr,San Antonio,GA,14859,US
David Wilson,david@globex.com,+1-986-472-9399,4131 Oak Ave,Nashville,IL,59915,US
Sarah Garcia,sarah@acmecorp.com,+1-223-819-2772,114 Main St,Los Angeles,PA,93015,US
Mike Brown,mike@oscorp.com,+1-431-836-1364,2918 Broadway,New York,MN,85305,US
Chris Garcia,chris@hooli.com,+1-586-245-1599,8118 Lake Dr,Denver,CO,26172,US
Emma Miller,emma@stark.com,+1-202-605-2958,1129 Park Ave,Chicago,WA,66110,US
Sarah Jones,sarah@stark.com,+1-534-787-3213,2780 Elm St,Miami,NY,70268,US
Chris Johnson,chris@globex.com,+1-207-607-4873,2523 Washington Blvd,Seattle,WA,53517,US
Emma Wilson,emma@oscorp.com,+1-907-397-1807,3868 Hill Rd,Miami,IL,83613,US
Bob Williams,bob@oscorp.com,+1-695-474-8987,7617 Elm St,Nashville,TN,19028,US
Bob Wilson,bob@wayne.com,+1-546-790-4284,9687 Hill Rd,Portland,WA,87571,US
Bob Miller,bob@oscorp.com,+1-642-307-5743,5387 Hill Rd,Nashville,CO,10030,US
Alice Davis,alice@acmecorp.com,+1-967-875-6579,8768 Park Ave,Chicago,WA,63155,US
Bob Wilson,bob@initech.com,+1-637-920-7047,8896 River Rd,San Diego,PA,20933,US
Mike Taylor,mike@umbrella.com,+1-625-157-9836,5587 Washington Blvd,Portland,AZ,68569,US
John Taylor,john@umbrella.com,+1-325-815-5947,4439 River Rd,Denver,TN,22021,US
Mike Garcia,mike@hooli.com,+1-663-283-5738,3799 Park Ave,Nashville,OR,72716,US
Mike Jones,mike@initech.com,+1-270-386-2340,2636 Park Ave,Denver,MN,85736,US
Chris Davis,chris@umbrella.com,+1-948-953-6575,6959 Broadway,Houston,MN,11825,US
Alice Wilson,alice@initech.com,+1-922-258-1023,7683 River Rd,San Antonio,TX,38671,US
David Smith,david@oscorp.com,+1-782-559-6681,4775 Elm St,New York,FL,14468,US
Emma Garcia,emma@hooli.com,+1-885-898-4735,4945 Oak Ave,Dallas,TX,36897,US
Bob Jones,bob@cyberdyne.com,+1-313-456-6777,6584 Park Ave,Minneapolis,WA,89082,US
David Brown,david@oscorp.com,+1-511-248-9927,5695 Hill Rd,Atlanta,CO,47466,US
Bob Davis,bob@umbrella.com,+1-283-203-5781,9593 Market St,New York,GA,87845,US
John Johnson,john@massive.com,+1-208-286-6933,7307 Washington Blvd,Philadelphia,WA,48160,US
Chris Taylor,chris@umbrella.com,+1-895-264-6489,9699 Lake Dr,Austin,FL,56080,US
Mike Wilson,mike@cyberdyne.com,+1-929-217-8903,2974 Market St,San Antonio,CA,21295,US
Chris Smith,chris@cyberdyne.com,+1-352-386-7082,4486 Market St,Dallas,NY,56920,US
David Miller,david@globex.com,+1-524-608-5919,6741 Washington Blvd,Seattle,AZ,47622,US
Mike Miller,mike@initech.com,+1-882-265-2870,4152 River Rd,San Antonio,CO,55406,US
Mike Garcia,mike@wayne.com,+1-395-457-2743,7045 Oak Ave,Seattle,GA,46527,US
Bob Smith,bob@stark.com,+1-705-826-9118,2027 Elm St,New York,CA,77627,US
John Miller,john@initech.com,+1-315-615-8145,2108 Park Ave,Chicago,AZ,37675,US
Chris Garcia,chris@oscorp.com,+1-390-435-4910,5392 Elm St,San Diego,NY,20893,US
John Brown,john@umbrella.com,+1-693-847-7773,9842 Lake Dr,Philadelphia,CO,40647,US
Jane Johnson,jane@globex.com,+1-253-764-1534,1559 Elm St,San Diego,NY,41611,US
Emma Brown,emma@stark.com,+1-958-622-4276,8063 Washington Blvd,Atlanta,GA,58463,US
Lisa Miller,lisa@globex.com,+1-485-385-2344,8121 Main St,Los Angeles,MN,11375,US
John Garcia,john@cyberdyne.com,+1-536-820-9093,9299 Main St,Los Angeles,FL,12939,US
Jane Garcia,jane@umbrella.com,+1-869-550-1730,9520 Elm St,Houston,MN,53594,US
John Taylor,john@hooli.com,+1-258-483-8313,9804 Washington Blvd,Portland,CO,27754,US
Lisa Taylor,lisa@umbrella.com,+1-474-268-6212,6458 Main St,Nashville,FL,78195,US
Bob Jones,bob@globex.com,+1-717-150-5854,4565 Market St,Minneapolis,CA,81367,US
David Wilson,david@wayne.com,+1-643-188-4637,2311 Market St,Seattle,TN,13863,US
Alice Jones,alice@stark.com,+1-899-716-9065,3700 Washington Blvd,San Antonio,NY,39405,US
Lisa Jones,lisa@oscorp.com,+1-549-353-7609,9076 Hill Rd,Miami,OR,95871,US
Mike Garcia,mike@globex.com,+1-580-529-9664,8829 Washington Blvd,Seattle,GA,32650,US
Emma Johnson,emma@cyberdyne.com,+1-857-864-8098,3082 Market St,Miami,NY,57914,US
Jane Williams,jane@hooli.com,+1-226-475-5850,8603 Main St,Los Angeles,PA,94464,US
Sarah Jones,sarah@massive.com,+1-523-612-8050,5184 Hill Rd,Philadelphia,WA,17713,US
David Wilson,david@hooli.com,+1-866-854-4164,3957 Lake Dr,Portland,NY,64989,US
John Johnson,john@massive.com,+1-378-668-4589,5762 Broadway,Chicago,IL,78432,US
Mike Jones,mike@cyberdyne.com,+1-339-995-7824,1941 River Rd,Seattle,NY,28619,US
Sarah Smith,sarah@stark.com,+1-461-390-3048,2943 Market St,Austin,TN,41219,US
Bob Miller,bob@hooli.com,+1-807-382-8531,967 Oak Ave,Denver,MA,84274,US
Alice Wilson,alice@umbrella.com,+1-854-815-4168,7701 Broadway,New York,MA,91183,US
John Jones,john@initech.com,+1-747-476-1137,9126 River Rd,Austin,TN,14371,US
Alice Brown,alice@globex.com,+1-487-789-5142,529 Washington Blvd,Nashville,TX,39996,US
Lisa Williams,lisa@wayne.com,+1-725-384-9547,8806 Oak Ave,Miami,FL,28029,US
Alice Williams,alice@oscorp.com,+1-594-915-4471,2697 River Rd,Atlanta,NY,27363,US
Alice Miller,alice@cyberdyne.com,+1-628-512-9747,6457 Lake Dr,Atlanta,NY,72551,US
David Williams,david@hooli.com,+1-320-634-4538,365 Park Ave,Portland,MA,70425,US
,missingname@test.com,+1-554-520-1246,123 Test St,NYC,NY,10001,US
No Email Guy,,+1-476-486-4027,456 Oak Ave,LA,CA,90001,US
Bad Phone,badphone@test.com,NOT_A_PHONE,789 Elm St,Chicago,IL,60601,US
,,,,,,,
Chris Taylor,chris@initech.com,+1-542-152-8884,7537 Washington Blvd,San Antonio,NY,26387,US
AAAAAAAAAAAAAAAAAAAAAAAAAAAAAAAAAAAAAAAAAAAAAAAAAAAAAAAAAAAAAAAAAAAAAAAAAAAAAAAAAAAAAAAAAAAAAAAAAAAAAAAAAAAAAAAAAAAAAAAAAAAAAAAAAAAAAAAAAAAAAAAAAAAAAAAAAAAAAAAAAAAAAAAAAAAAAAAAAAAAAAAAAAAAAAAAAAAAAAAAAAAAAAAAAAAAAAAAAAAAAAAAAAAAAAAAAAAAAAAAAAAAAAAAAAAAAAAAAAAAAAAAAAAAAAAAAAAAAAAAAAAAAAAAAAAAAAAAAAAA,longname@test.com,+1-958-464-7993,1 Main St,Boston,MA,02101,US
Invalid Country,invalidcountry@test.com,+1-228-443-1584,2 Broad St,Miami,FL,33101,INVALIDCOUNTRYTHATISWAYTOOLONG
No Address,noaddress@test.com,+1-335-882-2301,,,,,US
Bad Zip,badzip@test.com,+1-383-740-6746,3 Test Ave,Seattle,WA,ZIPCODE,US
Valid Extra,validextra@test.com,+1-770-983-3110,4 Extra St,Denver,CO,80201,US
