CustomerName,Email,Phone,channel,SKU,Description,Quantity,Price,ShippingStreet,ShippingCity,ShippingState,ShippingZip
Chris Johnson,chris@stark.com,+1-701-541-7069,PHONE,HOME-7554,Premium Component,3,227.82,3915 Main St,San Diego,AZ,12833
Bob Jones,bob@oscorp.com,+1-806-848-2530,EMAIL,HOME-5507,Premium Tool,3,401.69,6584 Park Ave,Minneapolis,WA,89082
Lisa Smith,lisa@acmecorp.com,+1-322-562-9450,PHONE,ELEC-5308,Pro System,9,452.09,6115 Lake Dr,Houston,GA,82442
Mike Taylor,mike@cyberdyne.com,+1-879-959-4651,PHONE,SPRT-8058,Modern System,5,432.6,7972 Main St,Chicago,FL,11184
Lisa Johnson,lisa@umbrella.com,+1-307-148-7915,WEB,SPRT-8058,Modern System,5,116.25,9759 Hill Rd,Houston,MN,74753
Alice Johnson,alice@massive.com,+1-211-819-9057,PHONE,ELEC-5902,Pro System,4,176.17,324 Oak Ave,Atlanta,MA,15582
Jane Garcia,jane@stark.com,+1-944-789-6383,EMAIL,ELEC-8415,Classic Component,5,29.87,3110 River Rd,Los Angeles,MA,92204
Jane Smith,jane@umbrella.com,+1-883-512-9250,PHONE,ELEC-9847,Premium System,10,171.09,1747 Hill Rd,Austin,TX,76475
Emma Garcia,emma@initech.com,+1-571-240-5487,MARKETPLACE,FOOD-3949,Ultra Set,10,440.81,9401 Market St,Portland,GA,29607
Lisa Garcia,lisa@wayne.com,+1-224-808-3849,POS,CLTH-6121,Ultra Device,1,50.66,5480 Main St,Austin,MA,55214
Jane Brown,jane@cyberdyne.com,+1-316-318-2262,WEB,ELEC-5854,Ultra Kit,5,297.45,1280 Lake Dr,Miami,TX,86963
Alice Brown,alice@initech.com,+1-324-745-8635,WEB,HOME-7484,Smart Module,10,31.62,529 Washington Blvd,Nashville,TX,39996
John Taylor,john@initech.com,+1-744-232-4002,POS,BOOK-6102,Ultra Assembly,9,21.05,5802 Park Ave,Boston,AZ,74930
David Miller,david@globex.com,+1-372-685-7030,PHONE,CLTH-1316,Ultra Kit,3,191.58,5165 Market St,Atlanta,MN,60779
Sarah Miller,sarah@globex.com,+1-609-664-8806,WEB,BEAU-8101,Ultra System,10,283.99,2235 Elm St,Los Angeles,WA,47349
Lisa Williams,lisa@globex.com,+1-465-329-1499,MARKETPLACE,ELEC-5854,Ultra Kit,10,188.56,2941 Oak Ave,Phoenix,MN,77675
Bob Williams,bob@initech.com,+1-909-659-3546,MARKETPLACE,GARD-2952,Basic Gadget,5,62.23,6825 Lake Dr,New York,CA,73126
John Brown,john@initech.com,+1-836-984-6623,MARKETPLACE,CLTH-5832,Eco Unit,1,254.02,5647 Main St,Portland,CA,76679
John Brown,john@umbrella.com,+1-794-758-7002,WEB,HOME-5003,Basic Assembly,10,323.21,4641 Lake Dr,Philadelphia,NY,78920
John Johnson,john@oscorp.com,+1-734-531-3452,WEB,GARD-6331,Basic Unit,5,383.29,5762 Broadway,Chicago,IL,78432
Emma Taylor,emma@stark.com,+1-727-160-5583,MARKETPLACE,BEAU-7053,Basic Gadget,1,117.06,6503 Broadway,Nashville,AZ,77145
Jane Garcia,jane@massive.com,+1-385-656-9387,POS,BEAU-3335,Ultra Component,10,189.11,9375 Lake Dr,Chicago,IL,12301
David Smith,david@globex.com,+1-727-563-1338,WEB,BOOK-8295,Smart Device,3,58.57,5755 Hill Rd,Denver,FL,98248
Jane Taylor,jane@stark.com,+1-899-624-5207,MARKETPLACE,BOOK-5699,Smart Kit,2,331.21,5876 Main St,Denver,AZ,93918
David Smith,david@wayne.com,+1-664-151-9039,PHONE,GARD-3490,Pro Device,4,222.29,4720 Washington Blvd,Phoenix,OH,73915
Chris Miller,chris@wayne.com,+1-603-915-7793,EMAIL,FOOD-4792,Ultra Set,3,373.29,8704 Main St,Seattle,TN,53090
Sarah Johnson,sarah@oscorp.com,+1-905-886-6517,POS,AUTO-4378,Modern Pack,4,310.15,4603 Elm St,Portland,FL,34860
Emma Davis,emma@stark.com,+1-267-655-8993,WEB,CLTH-4492,Modern Gadget,9,490.73,7021 Elm St,New York,CA,46995
Bob Wilson,bob@initech.com,+1-497-974-7649,MARKETPLACE,HOME-4558,Modern Pack,1,46.04,9687 Hill Rd,Portland,WA,87571
Chris Taylor,chris@acmecorp.com,+1-755-906-3899,EMAIL,GARD-1525,Pro Device,5,247.56,1250 Elm St,Miami,MN,38714
Alice Garcia,alice@massive.com,+1-351-900-7949,WEB,SPRT-8771,Pro Kit,8,275.71,4770 Lake Dr,San Antonio,TX,63316
Jane Johnson,jane@cyberdyne.com,+1-343-241-5100,EMAIL,FOOD-9630,Modern Module,10,492.66,1748 Main St,Houston,CA,46360
Chris Jones,chris@umbrella.com,+1-732-258-8439,PHONE,HOME-8613,Modern Pack,6,387.29,9807 Broadway,New York,GA,41408
Emma Brown,emma@oscorp.com,+1-493-968-9738,PHONE,CLTH-9042,Basic Unit,7,17.43,9879 Broadway,Dallas,NY,83470
Alice Taylor,alice@oscorp.com,+1-451-269-7537,WEB,BEAU-5724,Basic Module,2,19.87,2506 Elm St,Philadelphia,TN,68852
Jane Brown,jane@initech.com,+1-950-912-7395,WEB,CLTH-1251,Premium Kit,2,32.09,2269 Lake Dr,San Antonio,MA,87968
Alice Johnson,alice@hooli.com,+1-579-754-9029,MARKETPLACE,HOME-8756,Basic Set,1,412.32,4456 Broadway,New York,GA,84807
Lisa Smith,lisa@wayne.com,+1-340-499-3390,PHONE,HOME-4086,Modern Device,10,460.18,6573 Broadway,Miami,TN,76939
Chris Jones,chris@cyberdyne.com,+1-517-303-8192,POS,FOOD-8163,Modern Device,7,442.02,8164 Hill Rd,Nashville,CO,83136
Lisa Garcia,lisa@initech.com,+1-914-951-2830,MARKETPLACE,TOYS-2485,Pro System,2,42.0,2506 Broadway,Nashville,WA,69037
Chris Johnson,chris@massive.com,+1-733-385-7249,PHONE,BOOK-4981,Pro Assembly,10,128.62,2523 Washington Blvd,Seattle,WA,53517
Sarah Johnson,sarah@oscorp.com,+1-862-666-7496,PHONE,CLTH-8388,Classic Set,3,47.47,2465 Oak Ave,Nashville,OH,71352
Lisa Johnson,lisa@umbrella.com,+1-307-148-7915,PHONE,HOME-5507,Premium Tool,10,427.19,9759 Hill Rd,Houston,MN,74753
David Davis,david@stark.com,+1-769-150-4628,EMAIL,TOYS-6967,Basic Gadget,8,86.2,4129 Washington Blvd,Denver,OR,89547
Bob Johnson,bob@umbrella.com,+1-841-124-5470,WEB,GARD-5216,Smart Unit,6,319.16,5986 Hill Rd,Denver,PA,14938
Bob Williams,bob@umbrella.com,+1-620-354-7586,POS,BEAU-3855,Pro Module,2,239.19,6917 River Rd,Chicago,NY,18914
Mike Miller,mike@wayne.com,+1-431-641-6651,EMAIL,FOOD-2342,Smart System,7,55.73,4152 River Rd,San Antonio,CO,55406
Mike Jones,mike@massive.com,+1-949-467-9550,MARKETPLACE,BEAU-4977,Basic Unit,1,286.24,2636 Park Ave,Denver,MN,85736
Sarah Miller,sarah@wayne.com,+1-965-812-3187,MARKETPLACE,BOOK-9999,Ultra Pack,9,371.12,5515 Hill Rd,Denver,OH,32644
Lisa Davis,lisa@acmecorp.com,+1-333-719-6855,POS,SPRT-8058,Modern System,1,454.81,4595 Elm St,Philadelphia,OH,75611
Sarah Davis,sarah@umbrella.com,+1-821-651-7697,MARKETPLACE,GARD-3081,Premium Widget,5,455.19,244 Elm St,Nashville,PA,28318
David Garcia,david@oscorp.com,+1-693-441-1386,PHONE,GARD-5968,Modern Pack,7,234.63,2906 Elm St,Portland,WA,75604
Emma Miller,emma@initech.com,+1-948-123-9889,WEB,BOOK-5699,Smart Kit,10,43.29,8611 River Rd,Dallas,NY,79981
David Taylor,david@hooli.com,+1-234-648-1338,PHONE,FOOD-3949,Ultra Set,3,124.78,2013 Elm St,Denver,MA,41638
Sarah Miller,sarah@wayne.com,+1-298-883-2607,WEB,ELEC-8132,Eco Gadget,4,73.2,9512 Oak Ave,Chicago,WA,33839
Emma Jones,emma@stark.com,+1-737-351-6574,PHONE,FOOD-2487,Basic Tool,5,321.79,6280 Washington Blvd,Houston,AZ,74179
Lisa Williams,lisa@wayne.com,+1-728-958-7831,MARKETPLACE,GARD-4486,Eco Gadget,5,73.21,8130 Hill Rd,Houston,NY,94848
David Williams,david@umbrella.com,+1-400-551-9275,EMAIL,ELEC-6559,Modern Kit,10,290.33,5808 Broadway,Seattle,FL,29918
Chris Smith,chris@globex.com,+1-577-920-4156,POS,GARD-1725,Pro Kit,8,95.18,9348 Oak Ave,Austin,IL,81236
Jane Wilson,jane@initech.com,+1-753-278-4672,PHONE,HOME-2241,Pro Tool,10,353.26,4820 Market St,Los Angeles,TX,10531
Bob Davis,bob@oscorp.com,+1-912-357-1738,WEB,HOME-2241,Pro Tool,2,263.3,993 Elm St,Houston,MA,72731
Bob Johnson,bob@globex.com,+1-657-900-9930,POS,GARD-7119,Pro Device,5,422.22,3685 Market St,Portland,FL,88740
Emma Garcia,emma@cyberdyne.com,+1-636-378-2660,MARKETPLACE,BEAU-5724,Basic Tool,5,72.25,4945 Oak Ave,Dallas,TX,36897
Jane Smith,jane@oscorp.com,+1-272-374-1427,MARKETPLACE,GARD-1725,Pro Kit,2,383.42,3482 Lake Dr,Austin,MN,76904
Sarah Wilson,sarah@cyberdyne.com,+1-812-139-8065,PHONE,HOME-9086,Premium Module,3,237.65,7528 Lake Dr,Phoenix,MN,87160
Mike Garcia,mike@hooli.com,+1-537-775-3671,EMAIL,FOOD-2342,Smart System,7,95.95,3799 Park Ave,Nashville,OR,72716
Mike Williams,mike@stark.com,+1-282-145-5486,POS,BEAU-6465,Pro Unit,2,339.5,1196 Market St,Seattle,NY,65840
Mike Brown,mike@oscorp.com,+1-985-938-8079,PHONE,CLTH-7343,Modern Kit,2,114.07,7161 Park Ave,Dallas,GA,54713
John Miller,john@hooli.com,+1-643-631-4100,EMAIL,TOYS-2485,Pro System,5,446.78,7947 Washington Blvd,Austin,CO,12074
Alice Garcia,alice@massive.com,+1-351-900-7949,POS,SPRT-9493,Pro Kit,3,272.7,4770 Lake Dr,San Antonio,TX,63316
Alice Davis,alice@hooli.com,+1-805-429-7283,POS,GARD-3307,Classic Component,5,324.69,8768 Park Ave,Chicago,WA,63155
Chris Jones,chris@stark.com,+1-541-326-4933,POS,CLTH-5024,Modern Assembly,9,329.5,7785 Main St,Miami,CA,62699
Sarah Johnson,sarah@globex.com,+1-283-277-7116,EMAIL,AUTO-9485,Basic Unit,6,101.01,5976 Broadway,Los Angeles,WA,46628
Chris Davis,chris@globex.com,+1-663-195-9306,EMAIL,ELEC-6808,Modern Assembly,10,259.44,1856 Park Ave,Philadelphia,TN,50387
David Davis,david@hooli.com,+1-832-684-7369,EMAIL,GARD-1525,Pro Device,9,436.03,7801 River Rd,Dallas,FL,37418
Sarah Brown,sarah@globex.com,+1-430-984-5423,WEB,TOYS-2757,Modern Device,6,140.63,5676 Oak Ave,Los Angeles,TX,87393
Chris Davis,chris@cyberdyne.com,+1-885-382-2141,POS,ELEC-3050,Classic Widget,6,125.64,7014 Washington Blvd,Seattle,FL,30328
Lisa Taylor,lisa@cyberdyne.com,+1-620-995-3903,MARKETPLACE,CLTH-8388,Classic Set,9,277.04,6458 Main St,Nashville,FL,78195
John Miller,john@umbrella.com,+1-307-821-4282,EMAIL,SPRT-2124,Classic Component,3,21.75,7351 Washington Blvd,Miami,CA,42210
Mike Wilson,mike@acmecorp.com,+1-803-871-4718,MARKETPLACE,FOOD-8240,Ultra Device,9,123.33,6816 Market St,San Antonio,TX,20948
Mike Davis,mike@massive.com,+1-891-473-5006,EMAIL,ELEC-9264,Modern Tool,5,27.16,5057 Broadway,San Antonio,FL,30194
Lisa Brown,lisa@stark.com,+1-259-554-3162,MARKETPLACE,ELEC-9180,Smart Tool,1,231.93,988 Hill Rd,Dallas,GA,99315
John Wilson,john@cyberdyne.com,+1-205-577-9604,MARKETPLACE,ELEC-5314,Pro Device,3,184.39,4537 Lake Dr,Austin,AZ,23871
Lisa Wilson,lisa@hooli.com,+1-329-719-5844,MARKETPLACE,AUTO-6351,Eco Module,6,433.16,2917 Hill Rd,Austin,IL,48002
John Davis,john@acmecorp.com,+1-219-158-9123,POS,ELEC-8873,Ultra Assembly,4,415.41,9237 Washington Blvd,Minneapolis,TN,86815
Mike Miller,mike@initech.com,+1-889-129-4035,PHONE,CLTH-8598,Pro Widget,5,111.4,8296 Main St,Los Angeles,TN,74056
Bob Smith,bob@umbrella.com,+1-976-948-1052,MARKETPLACE,CLTH-4966,Basic Tool,10,459.92,2274 Hill Rd,Philadelphia,CO,47705
John Williams,john@globex.com,+1-774-474-6086,MARKETPLACE,ELEC-5902,Pro System,5,374.25,8204 Park Ave,Philadelphia,WA,31130
Jane Wilson,jane@acmecorp.com,+1-684-113-2659,EMAIL,FOOD-9589,Smart Assembly,6,378.38,7474 Oak Ave,Portland,OR,16072
Bob Miller,bob@wayne.com,+1-338-505-2232,WEB,FOOD-5374,Pro Component,3,239.93,967 Oak Ave,Denver,MA,84274
Sarah Williams,sarah@oscorp.com,+1-603-311-5710,MARKETPLACE,AUTO-6121,Ultra Kit,9,217.06,4023 Broadway,Houston,OH,31415
Lisa Johnson,lisa@globex.com,+1-245-969-2260,PHONE,BEAU-7141,Classic Module,6,83.79,6741 Washington Blvd,Seattle,AZ,26393
Bob Brown,bob@massive.com,+1-441-912-8082,WEB,AUTO-7911,Smart Kit,9,112.37,5688 River Rd,Phoenix,OH,52446
Lisa Garcia,lisa@massive.com,+1-325-568-2945,MARKETPLACE,BOOK-3404,Premium Module,1,413.69,2553 Main St,Atlanta,PA,53388
John Wilson,john@acmecorp.com,+1-670-840-2933,POS,BEAU-8661,Pro Assembly,6,262.44,9470 Market St,Atlanta,CA,11824
Bob Smith,bob@stark.com,+1-931-590-6099,PHONE,AUTO-7080,Modern Kit,6,246.22,503 Market St,San Diego,CA,79634
Mike Garcia,mike@umbrella.com,+1-712-289-6998,MARKETPLACE,HOME-3844,Smart Widget,6,86.96,7934 Lake Dr,Los Angeles,OH,64675
Lisa Williams,lisa@acmecorp.com,+1-262-241-7766,POS,FOOD-5516,Classic Kit,2,292.1,4891 Lake Dr,San Diego,NY,27365
John Davis,john@massive.com,+1-330-397-8047,POS,CLTH-5832,Eco Unit,7,367.87,912 Main St,New York,NY,96550
Chris Johnson,chris@wayne.com,+1-967-915-2810,PHONE,BEAU-7141,Classic Module,7,429.37,9245 River Rd,New York,GA,38614
Mike Miller,mike@initech.com,+1-315-105-6945,MARKETPLACE,CLTH-8388,Classic Set,9,127.63,9371 Lake Dr,Seattle,IL,57068
Sarah Miller,sarah@oscorp.com,+1-596-291-4130,EMAIL,CLTH-4266,Classic Assembly,7,61.74,697 Main St,Chicago,AZ,60725
Mike Garcia,mike@stark.com,+1-291-224-7112,PHONE,GARD-1955,Modern Component,2,483.08,2654 Park Ave,Dallas,OR,82830
Jane Smith,jane@massive.com,+1-772-892-7282,MARKETPLACE,SPRT-6277,Basic Tool,9,302.82,7105 Broadway,Phoenix,TX,16163
Sarah Jones,sarah@initech.com,+1-749-578-8510,POS,FOOD-5517,Ultra Module,3,307.38,5184 Hill Rd,Philadelphia,WA,17713
Bob Williams,bob@umbrella.com,+1-891-359-9857,WEB,HOME-3844,Smart Widget,10,469.58,7787 Market St,Houston,TX,62817
Chris Smith,chris@massive.com,+1-437-793-4355,EMAIL,BEAU-5724,Basic Module,5,329.78,7677 Broadway,Portland,NY,30991
Chris Davis,chris@globex.com,+1-241-418-2790,EMAIL,GARD-4994,Eco Device,10,222.99,3434 Market St,Atlanta,FL,27026
Lisa Wilson,lisa@wayne.com,+1-270-254-5090,EMAIL,BOOK-8357,Premium Widget,8,436.84,8875 Oak Ave,San Antonio,AZ,34979
Emma Jones,emma@massive.com,+1-599-733-2499,EMAIL,FOOD-9080,Modern Unit,10,369.9,9662 Market St,San Diego,TX,47993
Mike Taylor,mike@acmecorp.com,+1-531-956-2794,POS,AUTO-9892,Pro Component,5,229.62,4238 Market St,Chicago,OH,74520
Bob Jones,bob@globex.com,+1-593-286-1613,POS,CLTH-9889,Classic Kit,3,299.11,9896 River Rd,Austin,CA,93138
Lisa Garcia,lisa@initech.com,+1-914-951-2830,EMAIL,TOYS-7119,Modern Widget,6,91.6,2506 Broadway,Nashville,WA,69037
Jane Taylor,jane@initech.com,+1-261-714-5601,POS,BOOK-8311,Eco Pack,2,457.3,5124 Hill Rd,Seattle,GA,57213
Mike Wilson,mike@stark.com,+1-329-115-8274,MARKETPLACE,FOOD-3391,Modern Tool,6,211.01,9876 Broadway,New York,OH,45347
Alice Jones,alice@massive.com,+1-282-595-7393,EMAIL,ELEC-5052,Ultra Tool,8,460.38,2392 Main St,Minneapolis,TX,44917
Bob Smith,bob@umbrella.com,+1-976-948-1052,EMAIL,BOOK-3127,Smart Assembly,3,210.7,2274 Hill Rd,Philadelphia,CO,47705
Sarah Smith,sarah@stark.com,+1-464-584-5572,POS,BOOK-8295,Smart Device,7,404.95,5793 Elm St,San Diego,PA,13275
Mike Davis,mike@acmecorp.com,+1-346-550-9815,PHONE,GARD-3837,Classic Gadget,4,275.39,8270 Washington Blvd,Dallas,FL,27383
Lisa Smith,lisa@wayne.com,+1-340-499-3390,PHONE,ELEC-8008,Eco Component,8,459.96,6573 Broadway,Miami,TN,76939
John Smith,john@massive.com,+1-473-885-5310,EMAIL,FOOD-6393,Basic Gadget,2,257.74,7893 Broadway,Minneapolis,WA,88849
Jane Smith,jane@massive.com,+1-772-892-7282,MARKETPLACE,CLTH-6464,Premium Pack,4,357.08,7105 Broadway,Phoenix,TX,16163
Sarah Williams,sarah@massive.com,+1-352-233-2491,PHONE,CLTH-1367,Premium Gadget,4,340.32,6337 Hill Rd,Miami,CA,19690
Emma Williams,emma@globex.com,+1-985-433-7353,PHONE,SPRT-1826,Ultra Widget,1,342.85,1715 Park Ave,Phoenix,OH,62603
Jane Smith,jane@oscorp.com,+1-272-374-1427,MARKETPLACE,HOME-7484,Smart Module,1,405.42,3482 Lake Dr,Austin,MN,76904
Chris Miller,chris@wayne.com,+1-603-915-7793,EMAIL,CLTH-5490,Premium Assembly,1,435.82,8704 Main St,Seattle,TN,53090
Mike Garcia,mike@oscorp.com,+1-332-824-3356,WEB,TOYS-2757,Modern Device,6,187.3,7823 Hill Rd,San Diego,CO,31560
David Brown,david@stark.com,+1-838-228-1799,WEB,ELEC-6559,Modern Kit,3,448.7,5691 Elm St,Boston,CO,71849
Sarah Taylor,sarah@wayne.com,+1-328-812-8479,POS,FOOD-3533,Modern Device,8,279.44,9566 Broadway,Minneapolis,OR,92337
Chris Jones,chris@stark.com,+1-328-306-1583,PHONE,BEAU-6399,Smart Kit,9,36.89,4620 Elm St,New York,IL,43380
John Jones,john@initech.com,+1-268-381-6442,POS,AUTO-2807,Basic Module,8,169.24,9553 Oak Ave,Portland,GA,66098
Chris Wilson,chris@globex.com,+1-601-244-1238,EMAIL,CLTH-7502,Pro Tool,6,118.39,6749 Washington Blvd,Los Angeles,TN,42507
Jane Garcia,jane@massive.com,+1-385-656-9387,POS,AUTO-6121,Ultra Kit,9,434.8,9375 Lake Dr,Chicago,IL,12301
Emma Garcia,emma@wayne.com,+1-587-712-5225,EMAIL,AUTO-8388,Smart Unit,7,334.76,5491 River Rd,San Antonio,OH,12608
Lisa Johnson,lisa@wayne.com,+1-860-981-3105,PHONE,GARD-9991,Eco Pack,10,152.67,5590 Main St,Boston,CO,12716
Mike Williams,mike@stark.com,+1-914-556-8666,POS,SPRT-6182,Eco Kit,9,376.64,6368 Main St,Dallas,WA,69630
Jane Brown,jane@oscorp.com,+1-212-730-7637,PHONE,HOME-1366,Eco Component,8,321.59,2500 Lake Dr,San Diego,GA,13769
Bob Davis,bob@globex.com,+1-464-715-2269,EMAIL,FOOD-2564,Classic Unit,10,290.33,5828 Park Ave,Phoenix,OR,30999
Alice Wilson,alice@initech.com,+1-212-749-1113,EMAIL,GARD-5968,Modern Pack,6,430.0,7701 Broadway,New York,MA,91183
Sarah Jones,sarah@stark.com,+1-679-237-6442,POS,GARD-3307,Classic Component,4,416.03,3807 Oak Ave,Chicago,CA,48499
Sarah Wilson,sarah@hooli.com,+1-572-501-6056,PHONE,ELEC-7595,Classic System,6,63.95,4719 Lake Dr,Minneapolis,NY,37125
Bob Johnson,bob@acmecorp.com,+1-852-675-1150,PHONE,SPRT-5474,Modern Set,5,236.19,3044 Washington Blvd,San Antonio,FL,20989
Chris Garcia,chris@hooli.com,+1-739-252-5869,WEB,ELEC-5854,Ultra Kit,5,50.39,8118 Lake Dr,Denver,CO,26172
John Davis,john@hooli.com,+1-233-987-1287,MARKETPLACE,SPRT-3976,Ultra Module,10,229.59,9481 Lake Dr,Phoenix,CO,86082
Jane Garcia,jane@umbrella.com,+1-805-505-9701,WEB,HOME-3375,Eco Kit,2,116.8,7250 Hill Rd,Portland,CA,47667
Sarah Wilson,sarah@hooli.com,+1-572-501-6056,WEB,CLTH-9608,Smart Component,5,434.71,4719 Lake Dr,Minneapolis,NY,37125
Sarah Miller,sarah@globex.com,+1-609-664-8806,EMAIL,TOYS-8885,Ultra Gadget,3,343.54,2235 Elm St,Los Angeles,WA,47349
Sarah Johnson,sarah@globex.com,+1-283-277-7116,PHONE,CLTH-6318,Smart Module,9,346.54,5976 Broadway,Los Angeles,WA,46628
Sarah Miller,sarah@stark.com,+1-739-572-2865,POS,CLTH-9288,Modern Widget,4,327.81,4542 Elm St,Miami,WA,12734
Jane Wilson,jane@initech.com,+1-753-278-4672,PHONE,FOOD-9918,Classic Set,5,130.93,4820 Market St,Los Angeles,TX,10531
David Brown,david@initech.com,+1-582-863-6275,POS,ELEC-8132,Eco Gadget,5,219.34,1987 River Rd,Minneapolis,CO,24435
Mike Jones,mike@acmecorp.com,+1-400-554-9542,WEB,ELEC-8056,Basic System,6,442.99,1941 River Rd,Seattle,NY,28619
Jane Brown,jane@globex.com,+1-293-465-2549,PHONE,BEAU-3545,Modern Set,6,204.8,5045 Market St,Philadelphia,WA,65349
Lisa Miller,lisa@umbrella.com,+1-253-524-4462,WEB,AUTO-2544,Eco System,5,160.21,9427 Oak Ave,Nashville,MA,68469
Bob Brown,bob@initech.com,+1-257-703-7330,MARKETPLACE,FOOD-9815,Eco Set,4,475.38,5413 Broadway,Atlanta,MA,55182
Alice Davis,alice@hooli.com,+1-805-429-7283,POS,AUTO-3032,Modern Set,1,324.15,8768 Park Ave,Chicago,WA,63155
Mike Williams,mike@initech.com,+1-862-644-6885,POS,AUTO-1538,Modern Gadget,7,95.26,8754 Elm St,San Antonio,IL,24225
Chris Davis,chris@umbrella.com,+1-381-314-3878,MARKETPLACE,TOYS-1221,Premium Widget,10,260.0,4860 Elm St,Minneapolis,CO,43443
Lisa Williams,lisa@stark.com,+1-731-726-5429,MARKETPLACE,SPRT-6860,Eco Gadget,8,282.65,4091 Main St,Houston,PA,43173
Jane Smith,jane@massive.com,+1-772-892-7282,PHONE,SPRT-5382,Premium Kit,6,129.05,7105 Broadway,Phoenix,TX,16163
Jane Brown,jane@initech.com,+1-950-912-7395,WEB,GARD-3320,Smart Assembly,7,295.72,2269 Lake Dr,San Antonio,MA,87968
Chris Miller,chris@initech.com,+1-815-676-5565,PHONE,SPRT-5382,Premium Kit,8,397.26,2950 Lake Dr,Austin,NY,42939
John Taylor,john@initech.com,+1-744-232-4002,MARKETPLACE,TOYS-1501,Modern Pack,4,388.11,5802 Park Ave,Boston,AZ,74930
Chris Smith,chris@massive.com,+1-437-793-4355,PHONE,HOME-6746,Eco Gadget,1,437.7,7677 Broadway,Portland,NY,30991
Alice Brown,alice@umbrella.com,+1-978-972-6682,POS,SPRT-6860,Eco Gadget,3,478.54,2896 Broadway,Nashville,MA,91773
Mike Taylor,mike@stark.com,+1-871-365-4280,WEB,BEAU-4106,Smart Tool,10,352.91,4536 Oak Ave,New York,TX,83988
Bob Jones,bob@massive.com,+1-884-992-3420,PHONE,HOME-6746,Eco Gadget,2,116.69,3939 Lake Dr,Los Angeles,WA,65268
Mike Smith,mike@umbrella.com,+1-268-317-8894,MARKETPLACE,TOYS-3858,Modern Device,10,352.25,4148 Lake Dr,Portland,CO,81182
Bob Smith,bob@umbrella.com,+1-976-948-1052,EMAIL,ELEC-8056,Basic System,4,237.94,2274 Hill Rd,Philadelphia,CO,47705
Mike Jones,mike@cyberdyne.com,+1-796-830-8094,MARKETPLACE,BEAU-4104,Eco Unit,2,32.93,7415 River Rd,Chicago,IL,79861
Lisa Wilson,lisa@umbrella.com,+1-408-940-9967,MARKETPLACE,FOOD-2342,Smart System,7,371.62,7658 Park Ave,Austin,OR,32258
Alice Wilson,alice@hooli.com,+1-743-574-3413,MARKETPLACE,CLTH-9889,Classic Kit,10,113.82,5577 Main St,San Antonio,CO,26788
Chris Johnson,chris@massive.com,+1-733-385-7249,EMAIL,GARD-5446,Premium Pack,10,345.02,2523 Washington Blvd,Seattle,WA,53517
Jane Williams,jane@cyberdyne.com,+1-496-684-3256,MARKETPLACE,BEAU-6399,Smart Kit,4,495.25,366 Hill Rd,Dallas,TX,52320
Bob Wilson,bob@umbrella.com,+1-546-111-5467,WEB,TOYS-1945,Eco Assembly,6,493.06,9735 Main St,Los Angeles,GA,91243
John Brown,john@umbrella.com,+1-381-724-7164,PHONE,CLTH-7130,Smart System,3,211.54,5260 Oak Ave,Nashville,TX,96480
Alice Davis,alice@initech.com,+1-218-803-7081,WEB,HOME-5003,Basic Assembly,2,276.21,3393 Oak Ave,Portland,OH,58156
Mike Smith,mike@massive.com,+1-385-121-3350,PHONE,BEAU-1711,Classic System,7,313.84,2887 River Rd,Phoenix,CO,67493
Lisa Garcia,lisa@hooli.com,+1-471-810-7192,MARKETPLACE,FOOD-8692,Eco Set,7,378.2,3094 Washington Blvd,Miami,MN,15697
Emma Miller,emma@acmecorp.com,+1-311-999-7700,WEB,HOME-4934,Basic Unit,8,13.76,1129 Park Ave,Chicago,WA,66110
Emma Miller,emma@cyberdyne.com,+1-909-917-5949,PHONE,BOOK-6102,Ultra Assembly,10,478.39,6938 Lake Dr,New York,OR,98053
Lisa Garcia,lisa@initech.com,+1-914-951-2830,EMAIL,ELEC-5933,Smart Tool,8,104.85,2506 Broadway,Nashville,WA,69037
David Miller,david@initech.com,+1-905-184-6753,WEB,FOOD-6162,Pro Assembly,6,368.06,8653 Oak Ave,Atlanta,PA,23119
Bob Smith,bob@wayne.com,+1-703-883-6993,EMAIL,ELEC-9955,Premium Component,5,346.28,2027 Elm St,New York,CA,77627
Mike Brown,mike@umbrella.com,+1-717-528-5858,POS,SPRT-7416,Basic Device,7,494.91,9706 Main St,New York,CA,23785
David Brown,david@stark.com,+1-291-308-7353,PHONE,TOYS-2757,Modern Device,9,121.89,3689 Elm St,Houston,OR,17471
Alice Williams,alice@globex.com,+1-660-511-7743,MARKETPLACE,BEAU-7529,Premium Set,3,86.52,2697 River Rd,Atlanta,NY,27363
Sarah Williams,sarah@massive.com,+1-281-218-6111,PHONE,HOME-2945,Basic Set,8,106.84,4010 Market St,Nashville,AZ,15702
David Garcia,david@wayne.com,+1-407-415-1220,WEB,BEAU-3970,Modern Module,1,352.39,1168 Market St,Houston,PA,98812
David Williams,david@umbrella.com,+1-400-551-9275,WEB,ELEC-8056,Basic System,10,14.77,5808 Broadway,Seattle,FL,29918
Emma Wilson,emma@oscorp.com,+1-685-841-7679,EMAIL,BEAU-4104,Eco Unit,5,435.9,3868 Hill Rd,Miami,IL,83613
Alice Taylor,alice@massive.com,+1-353-350-5503,WEB,SPRT-6182,Eco Kit,3,326.15,7171 Lake Dr,Denver,GA,37615
Mike Garcia,mike@stark.com,+1-291-224-7112,WEB,SPRT-6205,Pro Widget,8,495.47,2654 Park Ave,Dallas,OR,82830
Alice Davis,alice@initech.com,+1-218-803-7081,EMAIL,CLTH-1151,Modern Set,7,74.85,3393 Oak Ave,Portland,OH,58156
Bob Johnson,bob@acmecorp.com,+1-852-675-1150,MARKETPLACE,CLTH-4266,Classic Assembly,3,266.6,3044 Washington Blvd,San Antonio,FL,20989
Bob Garcia,bob@umbrella.com,+1-216-156-9803,EMAIL,AUTO-8166,Ultra Unit,7,99.53,7256 Market St,Portland,CA,37858
Alice Jones,alice@initech.com,+1-543-392-8367,MARKETPLACE,ELEC-8008,Eco Component,10,146.34,9378 Elm St,Phoenix,TX,15881
Chris Smith,chris@wayne.com,+1-288-683-5637,PHONE,ELEC-8866,Ultra Assembly,4,430.19,8334 Main St,Portland,TX,89229
John Williams,john@globex.com,+1-964-956-2044,PHONE,ELEC-3691,Modern Tool,6,30.18,2615 Main St,Miami,TX,27158
Chris Taylor,chris@umbrella.com,+1-825-398-1259,MARKETPLACE,FOOD-5885,Smart Gadget,2,409.31,9699 Lake Dr,Austin,FL,56080
Emma Brown,emma@oscorp.com,+1-493-968-9738,EMAIL,TOYS-8894,Eco Tool,10,60.07,9879 Broadway,Dallas,NY,83470
Sarah Miller,sarah@wayne.com,+1-298-883-2607,EMAIL,CLTH-7130,Smart System,10,460.52,9512 Oak Ave,Chicago,WA,33839
Bob Smith,bob@initech.com,+1-576-839-5606,PHONE,HOME-3375,Eco Kit,3,230.98,1537 Washington Blvd,Austin,PA,53452
Chris Johnson,chris@wayne.com,+1-967-915-2810,PHONE,AUTO-1645,Premium Gadget,10,95.48,9245 River Rd,New York,GA,38614
Chris Jones,chris@cyberdyne.com,+1-517-303-8192,EMAIL,FOOD-9630,Modern Module,6,259.15,8164 Hill Rd,Nashville,CO,83136
Lisa Garcia,lisa@globex.com,+1-243-170-6898,EMAIL,TOYS-3948,Basic Module,7,154.28,3905 Hill Rd,Seattle,CA,42724
Lisa Miller,lisa@oscorp.com,+1-597-166-2700,WEB,TOYS-7994,Eco Tool,2,476.89,8015 Oak Ave,New York,TX,89515
John Brown,john@initech.com,+1-836-984-6623,EMAIL,GARD-9991,Eco Pack,4,202.71,5647 Main St,Portland,CA,76679
Alice Wilson,alice@cyberdyne.com,+1-868-688-7727,WEB,BOOK-4057,Eco Assembly,8,296.18,7683 River Rd,San Antonio,TX,38671
Mike Williams,mike@stark.com,+1-914-556-8666,EMAIL,BOOK-4057,Eco Assembly,5,230.18,6368 Main St,Dallas,WA,69630
Alice Wilson,alice@cyberdyne.com,+1-868-688-7727,POS,BEAU-3089,Basic Module,5,325.17,7683 River Rd,San Antonio,TX,38671
Jane Brown,jane@oscorp.com,+1-212-730-7637,PHONE,GARD-6559,Premium Assembly,4,246.29,2500 Lake Dr,San Diego,GA,13769
Mike Brown,mike@oscorp.com,+1-985-938-8079,PHONE,GARD-5968,Modern Pack,6,460.7,7161 Park Ave,Dallas,GA,54713
Chris Brown,chris@wayne.com,+1-367-341-7684,POS,FOOD-2572,Ultra Set,5,123.25,6414 Park Ave,Houston,FL,76444
Sarah Brown,sarah@globex.com,+1-430-984-5423,WEB,HOME-6746,Eco Gadget,7,25.03,5676 Oak Ave,Los Angeles,TX,87393
Bob Williams,bob@umbrella.com,+1-891-359-9857,MARKETPLACE,AUTO-6538,Eco Kit,5,338.96,7787 Market St,Houston,TX,62817
Alice Wilson,alice@initech.com,+1-212-749-1113,PHONE,FOOD-3046,Smart Component,8,142.31,7701 Broadway,New York,MA,91183
John Smith,john@umbrella.com,+1-556-534-6971,WEB,BEAU-9020,Eco Module,1,422.29,3652 Elm St,Chicago,GA,36180
David Wilson,david@globex.com,+1-623-219-9377,PHONE,AUTO-8388,Smart Unit,6,199.45,8623 River Rd,Los Angeles,TX,44156
Lisa Johnson,lisa@wayne.com,+1-860-981-3105,WEB,ELEC-9264,Modern Tool,3,18.29,5590 Main St,Boston,CO,12716
Sarah Smith,sarah@massive.com,+1-367-550-2528,WEB,BOOK-6931,Classic Unit,8,133.57,6150 Elm St,Los Angeles,MN,96554
David Wilson,david@initech.com,+1-251-637-4640,WEB,BEAU-7053,Basic Gadget,4,61.58,3440 Oak Ave,Boston,MN,26973
John Davis,john@massive.com,+1-330-397-8047,WEB,AUTO-7461,Eco Widget,7,259.48,912 Main St,New York,NY,96550
Lisa Williams,lisa@globex.com,+1-465-329-1499,POS,CLTH-7125,Eco Assembly,5,291.81,2941 Oak Ave,Phoenix,MN,77675
John Jones,john@stark.com,+1-361-786-8891,PHONE,BOOK-7722,Ultra Set,1,124.75,5246 Broadway,Atlanta,TN,95065
Lisa Miller,lisa@wayne.com,+1-840-823-7029,POS,CLTH-3280,Ultra System,9,274.62,8121 Main St,Los Angeles,MN,11375
Alice Taylor,alice@oscorp.com,+1-239-141-1631,EMAIL,FOOD-4893,Basic Set,4,454.87,9029 Hill Rd,Portland,OR,25389
Alice Johnson,alice@cyberdyne.com,+1-667-399-1170,EMAIL,TOYS-6967,Basic Gadget,9,19.43,9892 Main St,Nashville,NY,26415
Mike Davis,mike@initech.com,+1-541-385-8901,POS,SPRT-3545,Premium Unit,9,490.36,7462 Market St,Boston,TN,81888
Sarah Davis,sarah@umbrella.com,+1-821-651-7697,POS,BOOK-6102,Ultra Assembly,6,26.06,244 Elm St,Nashville,PA,28318
Sarah Johnson,sarah@oscorp.com,+1-862-666-7496,WEB,GARD-5968,Modern Pack,6,353.78,2465 Oak Ave,Nashville,OH,71352
Jane Davis,jane@umbrella.com,+1-204-437-5074,POS,ELEC-1865,Eco Gadget,2,499.18,643 Elm St,Chicago,PA,53319
David Taylor,david@hooli.com,+1-234-648-1338,POS,AUTO-6502,Classic Widget,1,491.23,2013 Elm St,Denver,MA,41638
Bob Garcia,bob@umbrella.com,+1-216-156-9803,MARKETPLACE,BOOK-8331,Eco Component,2,411.87,7256 Market St,Portland,CA,37858
David Taylor,david@hooli.com,+1-234-648-1338,MARKETPLACE,CLTH-6464,Premium Pack,1,302.58,2013 Elm St,Denver,MA,41638
Bob Jones,bob@oscorp.com,+1-806-848-2530,EMAIL,HOME-9086,Premium Module,8,215.4,6584 Park Ave,Minneapolis,WA,89082
Lisa Wilson,lisa@wayne.com,+1-270-254-5090,WEB,SPRT-5474,Modern Set,3,113.45,8875 Oak Ave,San Antonio,AZ,34979
David Wilson,david@massive.com,+1-384-371-5445,PHONE,SPRT-6403,Modern Widget,6,381.65,5586 Elm St,Portland,IL,66470
Mike Smith,mike@globex.com,+1-487-554-7403,POS,FOOD-9589,Smart Assembly,1,235.91,3009 Hill Rd,Philadelphia,MN,69303
Lisa Davis,lisa@cyberdyne.com,+1-986-997-5964,PHONE,HOME-8397,Smart Unit,2,77.24,5897 Broadway,Miami,WA,72703
Chris Davis,chris@globex.com,+1-663-195-9306,MARKETPLACE,TOYS-5925,Ultra Kit,9,452.8,1856 Park Ave,Philadelphia,TN,50387
Mike Johnson,mike@umbrella.com,+1-746-635-8590,POS,AUTO-5900,Premium Tool,3,492.16,2328 Hill Rd,Denver,NY,57941
David Wilson,david@acmecorp.com,+1-416-909-3900,WEB,CLTH-6699,Premium Kit,9,437.58,217 Park Ave,Atlanta,FL,94545
David Jones,david@umbrella.com,+1-604-181-2501,PHONE,HOME-6982,Modern Device,1,374.26,6463 Park Ave,San Antonio,CA,34324
Sarah Smith,sarah@hooli.com,+1-659-716-6990,POS,GARD-3307,Classic Component,5,33.94,2943 Market St,Austin,TN,41219
Mike Garcia,mike@globex.com,+1-464-309-7088,MARKETPLACE,GARD-2953,Premium Kit,1,417.14,8829 Washington Blvd,Seattle,GA,32650
David Brown,david@globex.com,+1-672-456-4440,WEB,FOOD-3391,Modern Tool,9,283.15,5695 Hill Rd,Atlanta,CO,47466
Lisa Davis,lisa@cyberdyne.com,+1-986-997-5964,WEB,BEAU-1468,Eco Gadget,9,448.99,5897 Broadway,Miami,WA,72703
Lisa Jones,lisa@oscorp.com,+1-956-546-7727,EMAIL,GARD-5216,Smart Unit,4,211.75,1450 River Rd,Austin,CA,72556
John Davis,john@wayne.com,+1-688-683-9423,EMAIL,CLTH-6121,Ultra Device,5,307.36,5529 Broadway,Los Angeles,TN,82513
David Brown,david@stark.com,+1-639-150-9858,PHONE,GARD-3887,Pro Device,1,498.65,1165 River Rd,Philadelphia,WA,35837
Jane Taylor,jane@initech.com,+1-261-714-5601,WEB,SPRT-9493,Pro Kit,10,458.18,5124 Hill Rd,Seattle,GA,57213
Mike Taylor,mike@acmecorp.com,+1-703-946-4608,PHONE,BOOK-4675,Classic Device,5,291.12,2658 Elm St,Houston,MA,56099
Bob Johnson,bob@globex.com,+1-657-900-9930,MARKETPLACE,ELEC-3743,Premium Assembly,1,63.4,3685 Market St,Portland,FL,88740
Emma Jones,emma@massive.com,+1-464-281-9781,WEB,CLTH-5497,Classic Tool,3,280.47,9793 Washington Blvd,Portland,IL,61698
Bob Williams,bob@initech.com,+1-909-659-3546,WEB,AUTO-6733,Eco Widget,2,488.97,6825 Lake Dr,New York,CA,73126
Lisa Miller,lisa@oscorp.com,+1-924-792-3012,POS,ELEC-8107,Eco Module,3,328.94,5551 Lake Dr,San Diego,IL,98170
Jane Wilson,jane@initech.com,+1-753-278-4672,EMAIL,AUTO-7729,Eco Assembly,7,448.4,4820 Market St,Los Angeles,TX,10531
Alice Jones,alice@umbrella.com,+1-889-614-7960,PHONE,BOOK-8311,Eco Pack,3,391.74,3700 Washington Blvd,San Antonio,NY,39405
John Smith,john@massive.com,+1-473-885-5310,MARKETPLACE,FOOD-8939,Pro Component,5,400.14,7893 Broadway,Minneapolis,WA,88849
Alice Smith,alice@cyberdyne.com,+1-525-895-6255,MARKETPLACE,SPRT-3429,Modern Widget,5,44.49,2133 Broadway,Philadelphia,TX,48144
Sarah Wilson,sarah@initech.com,+1-301-627-1864,PHONE,FOOD-9630,Modern Module,9,8.59,1524 Broadway,Los Angeles,TN,45284
Chris Davis,chris@massive.com,+1-833-963-4082,EMAIL,AUTO-6096,Premium Module,8,299.55,6959 Broadway,Houston,MN,11825
Mike Miller,mike@initech.com,+1-889-129-4035,EMAIL,BEAU-5724,Basic Module,4,190.07,8296 Main St,Los Angeles,TN,74056
Alice Johnson,alice@globex.com,+1-774-159-6778,POS,BOOK-6761,Pro Pack,4,192.45,9047 Elm St,Los Angeles,WA,82644
Mike Jones,mike@umbrella.com,+1-655-120-4290,MARKETPLACE,BEAU-7053,Basic Gadget,1,361.25,2216 Oak Ave,Phoenix,AZ,49859
John Wilson,john@initech.com,+1-349-321-7785,MARKETPLACE,FOOD-3533,Modern Device,2,372.46,9319 Oak Ave,Minneapolis,AZ,56866
Alice Williams,alice@acmecorp.com,+1-931-438-1448,PHONE,SPRT-8022,Basic Unit,2,431.23,6031 Oak Ave,Denver,CO,66781
Alice Taylor,alice@oscorp.com,+1-239-141-1631,PHONE,AUTO-3032,Modern Set,2,378.93,9029 Hill Rd,Portland,OR,25389
John Brown,john@wayne.com,+1-633-134-8271,MARKETPLACE,AUTO-9406,Eco Unit,3,74.57,4093 Hill Rd,Austin,OR,83114
John Brown,john@umbrella.com,+1-794-758-7002,POS,BOOK-2032,Eco System,4,321.08,4641 Lake Dr,Philadelphia,NY,78920
Lisa Taylor,lisa@globex.com,+1-388-518-6404,POS,CLTH-6699,Premium Kit,4,159.72,3549 Oak Ave,Dallas,TN,23836
Lisa Miller,lisa@wayne.com,+1-515-617-2936,MARKETPLACE,ELEC-6808,Modern Assembly,5,243.68,167 Elm St,Boston,FL,25600
Jane Johnson,jane@massive.com,+1-723-154-7259,PHONE,GARD-6403,Pro Kit,10,44.74,7246 Main St,Chicago,CA,10772
Emma Wilson,emma@initech.com,+1-420-148-5134,EMAIL,GARD-5968,Modern Pack,1,14.12,6005 Washington Blvd,Portland,TX,92965
Bob Wilson,bob@massive.com,+1-324-425-6837,WEB,HOME-5423,Ultra Unit,10,253.99,1996 Washington Blvd,Dallas,MA,65787
Lisa Davis,lisa@globex.com,+1-938-867-3759,PHONE,AUTO-5639,Pro Widget,9,296.5,8668 Elm St,Minneapolis,IL,58970
Bob Miller,bob@hooli.com,+1-874-350-6698,EMAIL,FOOD-7113,Ultra Component,6,403.97,9614 Oak Ave,Miami,OR,27536
Alice Wilson,alice@hooli.com,+1-743-574-3413,MARKETPLACE,BOOK-4057,Eco Assembly,3,61.08,5577 Main St,San Antonio,CO,26788
Sarah Jones,sarah@stark.com,+1-524-862-6962,WEB,AUTO-3619,Eco Device,9,266.11,7136 Lake Dr,Houston,MN,36435
John Miller,john@umbrella.com,+1-368-488-4785,POS,CLTH-3522,Classic Widget,4,458.32,2108 Park Ave,Chicago,AZ,37675
Chris Johnson,chris@massive.com,+1-733-385-7249,PHONE,AUTO-7461,Eco Widget,4,462.92,2523 Washington Blvd,Seattle,WA,53517
Chris Johnson,chris@umbrella.com,+1-376-981-3728,EMAIL,BEAU-1785,Modern Unit,3,449.42,9637 Main St,Boston,AZ,47114
Bob Brown,bob@hooli.com,+1-290-328-4068,EMAIL,SPRT-4901,Pro Tool,4,341.68,9365 Main St,Chicago,MN,46297
Lisa Williams,lisa@stark.com,+1-731-726-5429,WEB,BOOK-4675,Classic Device,6,93.49,4091 Main St,Houston,PA,43173
Jane Davis,jane@globex.com,+1-821-637-6119,PHONE,FOOD-8240,Ultra Device,4,497.63,8797 Main St,San Antonio,FL,23331
Emma Miller,emma@acmecorp.com,+1-311-999-7700,WEB,AUTO-9406,Eco Unit,5,232.51,1129 Park Ave,Chicago,WA,66110
Bob Brown,bob@initech.com,+1-257-703-7330,POS,SPRT-6403,Modern Widget,4,296.25,5413 Broadway,Atlanta,MA,55182
Alice Taylor,alice@globex.com,+1-843-728-3909,MARKETPLACE,AUTO-6675,Smart Assembly,9,86.31,7898 Broadway,New York,OR,38258
Sarah Johnson,sarah@stark.com,+1-392-639-7980,WEB,GARD-9991,Eco Pack,4,432.2,1994 Elm St,Atlanta,WA,96520
Mike Williams,mike@globex.com,+1-618-725-3542,MARKETPLACE,TOYS-8885,Ultra Gadget,8,470.89,6652 Main St,Miami,PA,98435
John Miller,john@hooli.com,+1-643-631-4100,EMAIL,BEAU-9020,Eco Module,5,211.33,7947 Washington Blvd,Austin,CO,12074
Emma Wilson,emma@umbrella.com,+1-433-189-5312,MARKETPLACE,CLTH-7125,Eco Assembly,7,228.13,2721 Oak Ave,Atlanta,OR,41034
Bob Williams,bob@umbrella.com,+1-620-354-7586,WEB,GARD-4139,Eco Pack,7,197.78,6917 River Rd,Chicago,NY,18914
Alice Garcia,alice@massive.com,+1-351-900-7949,MARKETPLACE,GARD-4457,Eco Set,1,78.63,4770 Lake Dr,San Antonio,TX,63316
David Jones,david@umbrella.com,+1-604-181-2501,POS,AUTO-7511,Premium Tool,9,275.65,6463 Park Ave,San Antonio,CA,34324
Sarah Jones,sarah@initech.com,+1-749-578-8510,PHONE,FOOD-9407,Eco Device,4,361.24,5184 Hill Rd,Philadelphia,WA,17713
Sarah Williams,sarah@oscorp.com,+1-394-342-1015,POS,ELEC-7994,Basic Gadget,5,59.84,1189 Main St,Seattle,FL,60174
Jane Miller,jane@oscorp.com,+1-494-721-1162,WEB,ELEC-8132,Eco Gadget,7,396.89,1531 River Rd,Nashville,MA,60711
Mike Brown,mike@cyberdyne.com,+1-733-370-7094,WEB,CLTH-7789,Eco Gadget,2,39.19,2918 Broadway,New York,MN,85305
John Brown,john@hooli.com,+1-612-697-1382,EMAIL,FOOD-4792,Ultra Set,4,107.03,8612 Washington Blvd,Boston,MA,53692
Chris Taylor,chris@initech.com,+1-542-152-8884,PHONE,CLTH-5842,Premium Assembly,4,379.85,7537 Washington Blvd,San Antonio,NY,26387
Chris Johnson,chris@stark.com,+1-701-541-7069,MARKETPLACE,AUTO-5900,Premium Tool,2,58.9,3915 Main St,San Diego,AZ,12833
Mike Williams,mike@oscorp.com,+1-808-358-7652,PHONE,SPRT-2432,Modern Pack,5,281.85,3932 Broadway,San Diego,CO,37488
Chris Davis,chris@cyberdyne.com,+1-885-382-2141,PHONE,AUTO-1957,Eco Component,10,112.43,7014 Washington Blvd,Seattle,FL,30328
Jane Wilson,jane@initech.com,+1-753-278-4672,PHONE,AUTO-6351,Eco Module,7,97.18,4820 Market St,Los Angeles,TX,10531
Lisa Brown,lisa@stark.com,+1-259-554-3162,MARKETPLACE,CLTH-6464,Premium Pack,1,226.54,988 Hill Rd,Dallas,GA,99315
Lisa Miller,lisa@oscorp.com,+1-824-737-4362,EMAIL,SPRT-9493,Pro Kit,5,35.03,657 Broadway,Austin,MN,11113
Jane Williams,jane@umbrella.com,+1-386-872-8256,POS,ELEC-9983,Basic Widget,7,456.33,8603 Main St,Los Angeles,PA,94464
Chris Miller,chris@initech.com,+1-278-814-7580,WEB,HOME-1366,Eco Component,9,363.41,6234 Hill Rd,Miami,MN,58113
Jane Williams,jane@cyberdyne.com,+1-496-684-3256,MARKETPLACE,BEAU-3970,Modern Module,2,90.91,366 Hill Rd,Dallas,TX,52320
Emma Davis,emma@oscorp.com,+1-283-143-2431,WEB,BOOK-8295,Smart Device,1,454.82,5217 Market St,Denver,PA,73324
Sarah Johnson,sarah@cyberdyne.com,+1-891-656-7460,POS,HOME-4086,Modern Device,9,375.81,3101 Park Ave,Philadelphia,NY,94254
Chris Brown,chris@acmecorp.com,+1-726-254-1833,POS,BOOK-6264,Classic Tool,1,6.33,5839 Lake Dr,Austin,PA,30318
Emma Miller,emma@cyberdyne.com,+1-909-917-5949,MARKETPLACE,BOOK-6080,Smart Tool,6,189.7,6938 Lake Dr,New York,OR,98053
Chris Wilson,chris@oscorp.com,+1-303-715-4882,POS,SPRT-3502,Ultra Device,10,168.41,6964 Hill Rd,Portland,OH,94646
Jane Johnson,jane@cyberdyne.com,+1-343-241-5100,PHONE,GARD-4955,Smart Set,2,51.93,1748 Main St,Houston,CA,46360
Bob Brown,bob@initech.com,+1-257-703-7330,MARKETPLACE,ELEC-9526,Pro Kit,3,160.76,5413 Broadway,Atlanta,MA,55182
Lisa Williams,lisa@acmecorp.com,+1-262-241-7766,MARKETPLACE,CLTH-7789,Eco Gadget,3,317.95,4891 Lake Dr,San Diego,NY,27365
John Williams,john@acmecorp.com,+1-410-683-8425,PHONE,ELEC-9983,Basic Widget,8,256.17,4238 Hill Rd,New York,OR,99501
Sarah Johnson,sarah@oscorp.com,+1-862-666-7496,MARKETPLACE,CLTH-8848,Pro Assembly,8,436.77,2465 Oak Ave,Nashville,OH,71352
Chris Johnson,chris@umbrella.com,+1-376-981-3728,POS,HOME-5507,Premium Tool,10,172.94,9637 Main St,Boston,AZ,47114
Alice Wilson,alice@cyberdyne.com,+1-868-688-7727,POS,FOOD-1321,Ultra Component,8,7.62,7683 River Rd,San Antonio,TX,38671
Sarah Miller,sarah@wayne.com,+1-965-812-3187,POS,BOOK-6264,Classic Tool,9,473.76,5515 Hill Rd,Denver,OH,32644
John Taylor,john@hooli.com,+1-490-790-1561,EMAIL,BEAU-3855,Pro Module,10,250.1,9804 Washington Blvd,Portland,CO,27754
David Davis,david@cyberdyne.com,+1-771-639-1858,MARKETPLACE,ELEC-6637,Basic Set,10,370.58,1597 River Rd,Seattle,PA,73894
Jane Davis,jane@globex.com,+1-821-637-6119,MARKETPLACE,CLTH-1470,Classic Tool,2,406.01,8797 Main St,San Antonio,FL,23331
John Miller,john@globex.com,+1-516-318-7987,WEB,GARD-4503,Basic Unit,1,496.77,7749 Washington Blvd,Portland,AZ,15786
Emma Smith,emma@umbrella.com,+1-458-217-7288,WEB,AUTO-8168,Pro Kit,3,492.44,9286 Market St,Phoenix,NY,20737
Jane Taylor,jane@stark.com,+1-899-624-5207,EMAIL,AUTO-5892,Smart Widget,3,28.4,5876 Main St,Denver,AZ,93918
Chris Davis,chris@cyberdyne.com,+1-885-382-2141,POS,FOOD-2284,Ultra Assembly,3,384.07,7014 Washington Blvd,Seattle,FL,30328
John Johnson,john@hooli.com,+1-210-244-9957,EMAIL,HOME-1647,Premium Kit,10,191.12,2890 Main St,Boston,TN,28351
Lisa Miller,lisa@wayne.com,+1-840-823-7029,WEB,HOME-3375,Eco Kit,1,216.31,8121 Main St,Los Angeles,MN,11375
Mike Williams,mike@globex.com,+1-618-725-3542,EMAIL,SPRT-1261,Modern Tool,6,17.2,6652 Main St,Miami,PA,98435
Chris Smith,chris@umbrella.com,+1-614-156-6673,WEB,ELEC-3743,Premium Assembly,5,64.39,2679 Main St,Miami,OR,18370
Jane Davis,jane@hooli.com,+1-234-799-9894,PHONE,SPRT-5879,Classic Kit,5,160.46,9241 Park Ave,Nashville,OR,43332
Emma Johnson,emma@oscorp.com,+1-574-159-1794,WEB,ELEC-7941,Premium Widget,2,429.92,3082 Market St,Miami,NY,57914
Bob Wilson,bob@massive.com,+1-580-601-7953,EMAIL,CLTH-9722,Basic Unit,6,355.42,8896 River Rd,San Diego,PA,20933
Emma Williams,emma@wayne.com,+1-413-362-7753,MARKETPLACE,ELEC-2291,Ultra System,10,434.9,2685 River Rd,Miami,FL,64824
Lisa Brown,lisa@oscorp.com,+1-388-682-8585,MARKETPLACE,HOME-3083,Pro System,9,365.13,2460 Hill Rd,Miami,IL,64661
Alice Garcia,alice@massive.com,+1-351-900-7949,MARKETPLACE,AUTO-4004,Pro Pack,5,319.67,4770 Lake Dr,San Antonio,TX,63316
David Smith,david@stark.com,+1-987-601-8413,MARKETPLACE,BEAU-7407,Ultra Set,10,198.03,8169 Park Ave,Minneapolis,AZ,33328
John Taylor,john@initech.com,+1-500-947-2418,POS,HOME-8131,Modern System,8,470.9,4275 Market St,Los Angeles,CA,76805
David Wilson,david@wayne.com,+1-653-158-9864,PHONE,HOME-8613,Modern Pack,5,123.16,2311 Market St,Seattle,TN,13863
Emma Miller,emma@cyberdyne.com,+1-625-498-4710,WEB,BOOK-2072,Basic Module,2,184.8,9597 Elm St,Atlanta,OR,18359
Bob Brown,bob@initech.com,+1-984-184-3693,POS,SPRT-4399,Basic Gadget,2,257.08,2376 Park Ave,Austin,OR,85006
Sarah Smith,sarah@stark.com,+1-464-584-5572,PHONE,SPRT-3524,Modern Device,6,137.43,5793 Elm St,San Diego,PA,13275
John Johnson,john@hooli.com,+1-210-244-9957,POS,FOOD-9815,Eco Set,5,77.15,2890 Main St,Boston,TN,28351
Mike Brown,mike@cyberdyne.com,+1-733-370-7094,PHONE,TOYS-4725,Classic Component,7,228.95,2918 Broadway,New York,MN,85305
Emma Brown,emma@umbrella.com,+1-395-408-3537,EMAIL,TOYS-8500,Premium Assembly,3,390.92,3697 River Rd,Philadelphia,FL,50144
Jane Smith,jane@oscorp.com,+1-272-374-1427,PHONE,CLTH-5497,Classic Tool,10,219.66,3482 Lake Dr,Austin,MN,76904
Chris Smith,chris@cyberdyne.com,+1-920-409-8949,POS,BOOK-9859,Eco Module,8,442.67,3856 Oak Ave,Houston,PA,20888
Lisa Williams,lisa@massive.com,+1-805-777-1694,EMAIL,TOYS-8123,Smart Gadget,1,314.45,7088 Lake Dr,Houston,NY,12769
Jane Taylor,jane@initech.com,+1-261-714-5601,WEB,BEAU-8661,Pro Assembly,1,376.91,5124 Hill Rd,Seattle,GA,57213
John Jones,john@oscorp.com,+1-469-356-3432,EMAIL,ELEC-7994,Basic Gadget,2,472.14,5457 Oak Ave,San Diego,CA,63812
Sarah Smith,sarah@massive.com,+1-367-550-2528,WEB,AUTO-6467,Smart Unit,2,229.35,6150 Elm St,Los Angeles,MN,96554
John Miller,john@acmecorp.com,+1-533-116-9604,EMAIL,SPRT-6205,Pro Widget,2,17.66,5403 Lake Dr,Nashville,WA,69341
John Brown,john@umbrella.com,+1-578-543-1599,PHONE,FOOD-8888,Eco Unit,6,146.81,607 River Rd,Chicago,GA,93607
Alice Miller,alice@acmecorp.com,+1-237-589-2328,POS,FOOD-4893,Basic Set,7,100.84,1448 Broadway,San Diego,NY,90125
Mike Taylor,mike@acmecorp.com,+1-531-956-2794,MARKETPLACE,FOOD-1321,Ultra Component,3,406.44,4238 Market St,Chicago,OH,74520
Emma Williams,emma@cyberdyne.com,+1-532-933-7772,WEB,HOME-9427,Premium System,7,67.42,2070 Elm St,Minneapolis,OR,30310
Lisa Williams,lisa@massive.com,+1-805-777-1694,WEB,BEAU-3083,Pro Gadget,2,37.27,7088 Lake Dr,Houston,NY,12769
Bob Wilson,bob@massive.com,+1-675-360-1432,PHONE,AUTO-1957,Eco Component,5,129.46,8636 Market St,Nashville,TX,34976
Mike Wilson,mike@acmecorp.com,+1-803-871-4718,PHONE,GARD-2952,Basic Gadget,8,77.55,6816 Market St,San Antonio,TX,20948
Jane Davis,jane@hooli.com,+1-234-799-9894,EMAIL,FOOD-8939,Pro Component,5,299.19,9241 Park Ave,Nashville,OR,43332
Emma Jones,emma@massive.com,+1-464-281-9781,POS,AUTO-5754,Eco Component,6,134.9,9793 Washington Blvd,Portland,IL,61698
Chris Smith,chris@massive.com,+1-437-793-4355,PHONE,CLTH-9288,Modern Widget,7,426.34,7677 Broadway,Portland,NY,30991
David Garcia,david@oscorp.com,+1-693-441-1386,PHONE,SPRT-1774,Classic Set,4,374.17,2906 Elm St,Portland,WA,75604
Alice Garcia,alice@umbrella.com,+1-842-345-8004,POS,FOOD-7537,Basic Pack,1,58.01,3029 Washington Blvd,Boston,FL,14587
Sarah Miller,sarah@oscorp.com,+1-596-291-4130,PHONE,CLTH-1967,Pro Kit,10,351.62,697 Main St,Chicago,AZ,60725
Chris Smith,chris@massive.com,+1-595-954-8018,POS,GARD-4331,Classic Pack,4,310.58,4486 Market St,Dallas,NY,56920
John Wilson,john@oscorp.com,+1-330-631-5476,EMAIL,GARD-3490,Pro Device,10,90.88,4155 Park Ave,Dallas,MA,97541
Lisa Miller,lisa@wayne.com,+1-840-823-7029,MARKETPLACE,FOOD-3380,Eco Set,6,425.4,8121 Main St,Los Angeles,MN,11375
Alice Jones,alice@massive.com,+1-282-595-7393,WEB,SPRT-1834,Premium Assembly,8,20.38,2392 Main St,Minneapolis,TX,44917
Chris Smith,chris@massive.com,+1-437-793-4355,POS,TOYS-5759,Pro Gadget,4,235.62,7677 Broadway,Portland,NY,30991
Sarah Miller,sarah@stark.com,+1-739-572-2865,WEB,SPRT-7604,Modern Device,10,251.65,4542 Elm St,Miami,WA,12734
Mike Johnson,mike@umbrella.com,+1-646-279-5045,MARKETPLACE,BOOK-4181,Modern Pack,9,438.41,4954 Broadway,Houston,FL,48751
Alice Johnson,alice@hooli.com,+1-579-754-9029,EMAIL,SPRT-2432,Modern Pack,4,241.51,4456 Broadway,New York,GA,84807
Emma Williams,emma@massive.com,+1-819-817-5597,EMAIL,ELEC-8132,Eco Gadget,10,14.87,9344 Park Ave,New York,MN,13783
John Jones,john@stark.com,+1-361-786-8891,MARKETPLACE,ELEC-8663,Smart Tool,8,137.14,5246 Broadway,Atlanta,TN,95065
Lisa Davis,lisa@globex.com,+1-881-998-1692,MARKETPLACE,FOOD-3949,Ultra Set,4,324.31,1811 River Rd,New York,OR,85403
Mike Miller,mike@initech.com,+1-889-129-4035,PHONE,SPRT-1069,Eco Gadget,4,231.31,8296 Main St,Los Angeles,TN,74056
John Smith,john@umbrella.com,+1-855-790-2903,MARKETPLACE,BEAU-4568,Classic Widget,3,130.91,3430 River Rd,Houston,MN,41358
Chris Taylor,chris@initech.com,+1-542-152-8884,PHONE,BEAU-8878,Ultra Widget,3,331.59,7537 Washington Blvd,San Antonio,NY,26387
Emma Williams,emma@wayne.com,+1-413-362-7753,WEB,FOOD-5165,Ultra Device,4,43.04,2685 River Rd,Miami,FL,64824
John Brown,john@umbrella.com,+1-381-724-7164,PHONE,ELEC-9079,Modern Component,7,151.82,5260 Oak Ave,Nashville,TX,96480
Bob Davis,bob@globex.com,+1-464-715-2269,POS,ELEC-3819,Classic System,8,352.2,5828 Park Ave,Phoenix,OR,30999
Alice Garcia,alice@initech.com,+1-560-215-3565,WEB,ELEC-6637,Basic Set,3,80.77,4565 Broadway,Nashville,CO,60936
John Brown,john@hooli.com,+1-705-300-9945,EMAIL,GARD-6331,Basic Unit,9,89.43,1895 Washington Blvd,Houston,PA,88792
Chris Miller,chris@initech.com,+1-815-676-5565,MARKETPLACE,HOME-8613,Modern Pack,2,239.84,2950 Lake Dr,Austin,NY,42939
Alice Johnson,alice@massive.com,+1-211-819-9057,MARKETPLACE,AUTO-4018,Eco Widget,1,362.89,324 Oak Ave,Atlanta,MA,15582
Mike Williams,mike@initech.com,+1-862-644-6885,POS,AUTO-9485,Basic Unit,4,9.98,8754 Elm St,San Antonio,IL,24225
Emma Smith,emma@umbrella.com,+1-458-217-7288,PHONE,SPRT-5879,Classic Kit,9,93.08,9286 Market St,Phoenix,NY,20737
David Brown,david@stark.com,+1-291-308-7353,EMAIL,FOOD-6688,Basic Unit,7,18.76,3689 Elm St,Houston,OR,17471
Sarah Taylor,sarah@acmecorp.com,+1-960-127-9317,EMAIL,SPRT-4399,Basic Gadget,6,377.67,1049 Washington Blvd,Houston,CO,72450
Alice Taylor,alice@wayne.com,+1-592-973-2483,PHONE,FOOD-2342,Smart System,5,465.16,5063 Park Ave,Houston,GA,74810
Chris Davis,chris@acmecorp.com,+1-748-586-5534,PHONE,GARD-2245,Premium System,6,25.56,5375 Broadway,Minneapolis,CA,50493
John Miller,john@umbrella.com,+1-307-821-4282,MARKETPLACE,SPRT-6971,Ultra Gadget,5,57.92,7351 Washington Blvd,Miami,CA,42210
Sarah Miller,sarah@globex.com,+1-609-664-8806,EMAIL,ELEC-7923,Basic Module,9,41.93,2235 Elm St,Los Angeles,WA,47349
Sarah Williams,sarah@oscorp.com,+1-603-311-5710,POS,SPRT-3429,Modern Widget,5,31.89,4023 Broadway,Houston,OH,31415
Sarah Davis,sarah@initech.com,+1-548-691-1667,PHONE,CLTH-1251,Premium Kit,6,163.67,5937 Hill Rd,Minneapolis,OR,88423
Mike Taylor,mike@acmecorp.com,+1-703-946-4608,POS,BOOK-4181,Modern Pack,2,462.59,2658 Elm St,Houston,MA,56099
David Williams,david@acmecorp.com,+1-785-666-5580,POS,AUTO-2544,Eco System,10,116.42,7187 Oak Ave,Boston,CO,51254
Emma Davis,emma@umbrella.com,+1-634-449-6506,PHONE,SPRT-5474,Modern Set,10,218.55,5276 Washington Blvd,Philadelphia,OH,20568
Lisa Miller,lisa@oscorp.com,+1-597-166-2700,WEB,CLTH-4266,Classic Assembly,9,112.56,8015 Oak Ave,New York,TX,89515
John Williams,john@stark.com,+1-404-140-5858,MARKETPLACE,ELEC-7994,Basic Gadget,4,37.49,1810 Broadway,San Diego,FL,58057
Mike Garcia,mike@cyberdyne.com,+1-463-570-5249,EMAIL,HOME-7554,Premium Component,2,397.92,7045 Oak Ave,Seattle,GA,46527
Mike Brown,mike@massive.com,+1-384-365-9289,PHONE,HOME-1647,Premium Kit,9,199.37,5789 Broadway,Chicago,WA,18623
John Jones,john@initech.com,+1-268-381-6442,WEB,BEAU-4143,Ultra Component,9,153.43,9553 Oak Ave,Portland,GA,66098
Alice Johnson,alice@cyberdyne.com,+1-667-399-1170,PHONE,ELEC-6559,Modern Kit,5,132.6,9892 Main St,Nashville,NY,26415
Mike Taylor,mike@acmecorp.com,+1-703-946-4608,WEB,ELEC-9955,Premium Component,9,314.76,2658 Elm St,Houston,MA,56099
Emma Taylor,emma@stark.com,+1-727-160-5583,POS,AUTO-5825,Premium Pack,4,243.4,6503 Broadway,Nashville,AZ,77145
John Brown,john@umbrella.com,+1-794-758-7002,EMAIL,AUTO-4004,Pro Pack,1,309.23,4641 Lake Dr,Philadelphia,NY,78920
John Garcia,john@wayne.com,+1-543-440-9181,EMAIL,GARD-1525,Pro Device,5,441.84,1186 Lake Dr,Austin,PA,63545
Sarah Wilson,sarah@hooli.com,+1-572-501-6056,EMAIL,SPRT-5474,Modern Set,4,284.32,4719 Lake Dr,Minneapolis,NY,37125
Lisa Miller,lisa@oscorp.com,+1-824-737-4362,PHONE,GARD-8825,Basic Widget,7,396.83,657 Broadway,Austin,MN,11113
Jane Garcia,jane@cyberdyne.com,+1-286-197-3468,WEB,CLTH-5490,Premium Assembly,6,399.55,2728 Main St,Philadelphia,AZ,10536
John Jones,john@stark.com,+1-361-786-8891,PHONE,AUTO-6538,Eco Kit,1,285.69,5246 Broadway,Atlanta,TN,95065
Chris Taylor,chris@acmecorp.com,+1-755-906-3899,WEB,BOOK-4057,Eco Assembly,9,139.42,1250 Elm St,Miami,MN,38714
David Davis,david@cyberdyne.com,+1-771-639-1858,EMAIL,BEAU-1711,Classic System,1,349.48,1597 River Rd,Seattle,PA,73894
Bob Miller,bob@stark.com,+1-325-865-8342,WEB,CLTH-5024,Modern Assembly,1,414.84,5387 Hill Rd,Nashville,CO,10030
Sarah Jones,sarah@initech.com,+1-749-578-8510,EMAIL,BOOK-3127,Smart Assembly,8,370.24,5184 Hill Rd,Philadelphia,WA,17713
Lisa Garcia,lisa@massive.com,+1-325-568-2945,WEB,BOOK-2032,Eco System,6,53.22,2553 Main St,Atlanta,PA,53388
Lisa Williams,lisa@stark.com,+1-731-726-5429,PHONE,ELEC-8494,Eco Kit,5,492.83,4091 Main St,Houston,PA,43173
Chris Wilson,chris@globex.com,+1-601-244-1238,WEB,FOOD-4658,Modern Device,1,496.62,6749 Washington Blvd,Los Angeles,TN,42507
Lisa Wilson,lisa@acmecorp.com,+1-838-599-3591,MARKETPLACE,HOME-5430,Modern Gadget,8,195.24,7337 Hill Rd,San Diego,TN,14463
Mike Taylor,mike@oscorp.com,+1-811-616-2176,EMAIL,BOOK-2416,Smart Tool,5,70.31,8263 Market St,San Antonio,OR,63957
Mike Johnson,mike@stark.com,+1-939-867-3581,EMAIL,HOME-6335,Classic Gadget,9,357.07,5267 Market St,Phoenix,CA,78795
Alice Brown,alice@initech.com,+1-217-912-9536,MARKETPLACE,SPRT-5879,Classic Kit,2,97.04,9040 Elm St,Miami,OR,71152
Sarah Smith,sarah@initech.com,+1-920-827-4419,EMAIL,FOOD-4784,Eco Widget,1,84.05,7316 Washington Blvd,Minneapolis,MN,79460
Mike Williams,mike@oscorp.com,+1-808-358-7652,MARKETPLACE,TOYS-7164,Basic Unit,8,394.22,3932 Broadway,San Diego,CO,37488
John Taylor,john@initech.com,+1-500-947-2418,EMAIL,GARD-1350,Ultra Kit,4,91.78,4275 Market St,Los Angeles,CA,76805
Mike Williams,mike@wayne.com,+1-267-293-5723,PHONE,GARD-5708,Pro Unit,1,98.63,284 Lake Dr,Denver,FL,38718
Bob Miller,bob@hooli.com,+1-874-350-6698,MARKETPLACE,ELEC-8978,Eco Kit,4,353.86,9614 Oak Ave,Miami,OR,27536
Chris Miller,chris@initech.com,+1-278-814-7580,EMAIL,HOME-9414,Modern Device,4,35.94,6234 Hill Rd,Miami,MN,58113
Jane Johnson,jane@hooli.com,+1-265-400-1826,EMAIL,ELEC-6808,Modern Assembly,8,490.91,3265 Oak Ave,Dallas,AZ,34073
David Jones,david@massive.com,+1-831-360-8701,PHONE,AUTO-6733,Eco Widget,4,436.48,3227 Lake Dr,New York,OR,49134
Emma Miller,emma@acmecorp.com,+1-317-779-4064,WEB,FOOD-4893,Basic Set,7,195.34,7715 Park Ave,New York,WA,85191
Sarah Brown,sarah@wayne.com,+1-500-721-8185,POS,GARD-4139,Eco Pack,8,357.35,3541 Elm St,Philadelphia,TN,36180
Lisa Wilson,lisa@umbrella.com,+1-408-940-9967,EMAIL,CLTH-4266,Classic Assembly,2,423.42,7658 Park Ave,Austin,OR,32258
Lisa Miller,lisa@umbrella.com,+1-593-266-1845,WEB,BEAU-4977,Basic Unit,10,423.22,3479 Washington Blvd,Seattle,NY,32126
John Wilson,john@acmecorp.com,+1-670-840-2933,PHONE,TOYS-2485,Pro System,3,382.04,9470 Market St,Atlanta,CA,11824
Sarah Taylor,sarah@acmecorp.com,+1-735-688-5831,POS,HOME-4027,Modern Unit,5,425.74,736 Main St,Seattle,TN,43587
Bob Jones,bob@massive.com,+1-210-610-9112,MARKETPLACE,GARD-3424,Classic Component,6,471.03,4565 Market St,Minneapolis,CA,81367
John Miller,john@stark.com,+1-844-436-7324,POS,BOOK-3496,Pro Pack,8,351.91,8145 Market St,San Diego,OH,76826
Jane Johnson,jane@cyberdyne.com,+1-343-241-5100,MARKETPLACE,AUTO-9451,Modern Gadget,1,60.88,1748 Main St,Houston,CA,46360
Bob Wilson,bob@massive.com,+1-580-601-7953,EMAIL,CLTH-3522,Classic Widget,6,358.94,8896 River Rd,San Diego,PA,20933
John Smith,john@massive.com,+1-473-885-5310,WEB,FOOD-1847,Classic Unit,10,211.03,7893 Broadway,Minneapolis,WA,88849
Mike Jones,mike@massive.com,+1-949-467-9550,POS,BEAU-1785,Modern Unit,6,15.84,2636 Park Ave,Denver,MN,85736
Jane Johnson,jane@hooli.com,+1-265-400-1826,POS,AUTO-9485,Basic Unit,7,288.6,3265 Oak Ave,Dallas,AZ,34073
Bob Miller,bob@stark.com,+1-325-865-8342,MARKETPLACE,GARD-3490,Pro Device,7,52.64,5387 Hill Rd,Nashville,CO,10030
Jane Taylor,jane@initech.com,+1-261-714-5601,MARKETPLACE,ELEC-8684,Pro Set,6,394.6,5124 Hill Rd,Seattle,GA,57213
Mike Taylor,mike@cyberdyne.com,+1-879-959-4651,EMAIL,BEAU-1685,Classic Pack,1,236.03,7972 Main St,Chicago,FL,11184
Mike Brown,mike@massive.com,+1-384-365-9289,EMAIL,TOYS-7687,Pro Tool,5,219.91,5789 Broadway,Chicago,WA,18623
Bob Brown,bob@hooli.com,+1-290-328-4068,PHONE,TOYS-7119,Modern Widget,4,498.26,9365 Main St,Chicago,MN,46297
Jane Davis,jane@hooli.com,+1-234-799-9894,WEB,ELEC-3050,Classic Widget,5,44.4,9241 Park Ave,Nashville,OR,43332
Bob Smith,bob@initech.com,+1-576-839-5606,MARKETPLACE,BEAU-5724,Basic Tool,2,466.27,1537 Washington Blvd,Austin,PA,53452
Bob Brown,bob@globex.com,+1-511-911-1245,WEB,HOME-9312,Pro Widget,9,292.49,3883 Washington Blvd,Phoenix,AZ,34529
Sarah Johnson,sarah@globex.com,+1-283-277-7116,WEB,BOOK-9814,Classic Kit,8,452.21,5976 Broadway,Los Angeles,WA,46628
Lisa Garcia,lisa@massive.com,+1-325-568-2945,POS,HOME-2241,Pro Tool,4,493.26,2553 Main St,Atlanta,PA,53388
Emma Brown,emma@globex.com,+1-939-854-7701,MARKETPLACE,HOME-1366,Eco Component,8,249.69,4335 Main St,Austin,CA,48096
John Wilson,john@acmecorp.com,+1-670-840-2933,EMAIL,HOME-5423,Ultra Unit,4,454.25,9470 Market St,Atlanta,CA,11824
Chris Davis,chris@acmecorp.com,+1-748-586-5534,PHONE,BEAU-5103,Smart Tool,2,128.68,5375 Broadway,Minneapolis,CA,50493
John Brown,john@globex.com,+1-922-450-1389,MARKETPLACE,GARD-8825,Basic Widget,6,482.88,5813 Market St,Miami,FL,93402
Bob Garcia,bob@umbrella.com,+1-216-156-9803,POS,AUTO-5135,Classic Tool,3,192.48,7256 Market St,Portland,CA,37858
David Miller,david@globex.com,+1-731-499-4973,WEB,BOOK-9879,Premium Unit,1,290.32,6741 Washington Blvd,Seattle,AZ,47622
David Johnson,david@stark.com,+1-984-840-2305,WEB,SPRT-9493,Pro Kit,6,212.5,2517 Broadway,Denver,OH,43496
Lisa Wilson,lisa@wayne.com,+1-270-254-5090,PHONE,BOOK-9859,Eco Module,7,389.26,8875 Oak Ave,San Antonio,AZ,34979
John Garcia,john@cyberdyne.com,+1-504-159-2523,POS,AUTO-5135,Classic Tool,2,438.05,255 Market St,Boston,PA,39637
Mike Jones,mike@massive.com,+1-949-467-9550,PHONE,HOME-4558,Modern Pack,3,12.27,2636 Park Ave,Denver,MN,85736
Bob Johnson,bob@umbrella.com,+1-841-124-5470,WEB,ELEC-5160,Modern Component,4,192.75,5986 Hill Rd,Denver,PA,14938
Chris Williams,chris@globex.com,+1-876-203-7761,MARKETPLACE,HOME-3375,Eco Kit,7,151.75,5086 Market St,Chicago,NY,86270
Jane Brown,jane@globex.com,+1-293-465-2549,WEB,CLTH-7442,Classic Unit,4,362.65,5045 Market St,Philadelphia,WA,65349
Alice Taylor,alice@globex.com,+1-843-728-3909,PHONE,AUTO-6096,Premium Module,5,45.26,7898 Broadway,New York,OR,38258
John Taylor,john@hooli.com,+1-731-177-7887,PHONE,GARD-7119,Pro Device,1,404.08,5865 Oak Ave,San Diego,IL,62138
Chris Williams,chris@globex.com,+1-876-203-7761,WEB,BEAU-3545,Modern Set,10,175.26,5086 Market St,Chicago,NY,86270
Emma Jones,emma@oscorp.com,+1-782-659-7305,WEB,FOOD-1847,Classic Unit,8,27.67,5258 Market St,Dallas,IL,61813
Sarah Miller,sarah@globex.com,+1-609-664-8806,MARKETPLACE,ELEC-8191,Ultra Widget,1,292.55,2235 Elm St,Los Angeles,WA,47349
Alice Davis,alice@globex.com,+1-414-913-1474,WEB,BEAU-1468,Eco Gadget,5,85.87,1135 Oak Ave,Atlanta,NY,47858
Sarah Wilson,sarah@hooli.com,+1-572-501-6056,MARKETPLACE,CLTH-8598,Pro Widget,7,129.44,4719 Lake Dr,Minneapolis,NY,37125
Bob Smith,bob@stark.com,+1-931-590-6099,PHONE,GARD-6167,Eco Component,9,88.54,503 Market St,San Diego,CA,79634
David Brown,david@initech.com,+1-242-446-4509,POS,ELEC-6559,Modern Kit,6,195.35,3288 Market St,Chicago,CO,63140
Chris Johnson,chris@acmecorp.com,+1-418-761-1866,WEB,AUTO-6096,Premium Module,6,458.43,9127 Lake Dr,Seattle,CA,67284
John Jones,john@oscorp.com,+1-469-356-3432,MARKETPLACE,HOME-4027,Modern Unit,3,295.67,5457 Oak Ave,San Diego,CA,63812
Alice Taylor,alice@globex.com,+1-843-728-3909,PHONE,HOME-3844,Smart Widget,4,104.6,7898 Broadway,New York,OR,38258
Emma Taylor,emma@wayne.com,+1-751-313-4670,POS,SPRT-3545,Premium Unit,5,284.89,1949 Main St,Miami,MA,96625
Emma Taylor,emma@stark.com,+1-727-160-5583,EMAIL,GARD-3509,Basic Unit,2,396.28,6503 Broadway,Nashville,AZ,77145
Emma Taylor,emma@stark.com,+1-727-160-5583,POS,BEAU-5864,Ultra Tool,7,321.12,6503 Broadway,Nashville,AZ,77145
Alice Williams,alice@acmecorp.com,+1-931-438-1448,PHONE,ELEC-9180,Smart Tool,5,397.99,6031 Oak Ave,Denver,CO,66781
Emma Miller,emma@globex.com,+1-542-462-7771,EMAIL,ELEC-4299,Modern Set,10,302.3,1584 Market St,Dallas,MN,17889
David Johnson,david@hooli.com,+1-287-174-4346,EMAIL,FOOD-2342,Smart System,8,117.74,978 Oak Ave,Austin,TN,17674
David Smith,david@wayne.com,+1-664-151-9039,POS,FOOD-4658,Modern Device,2,498.63,4720 Washington Blvd,Phoenix,OH,73915
John Smith,john@globex.com,+1-520-601-4111,WEB,SPRT-1834,Premium Assembly,2,97.86,5765 Park Ave,New York,OH,48067
Alice Williams,alice@initech.com,+1-657-996-7908,PHONE,BEAU-8101,Ultra System,8,230.83,7266 Park Ave,Boston,OH,88627
Lisa Johnson,lisa@globex.com,+1-245-969-2260,MARKETPLACE,SPRT-1663,Modern Widget,9,213.32,6741 Washington Blvd,Seattle,AZ,26393
David Smith,david@stark.com,+1-987-601-8413,WEB,AUTO-6044,Modern Widget,9,415.03,8169 Park Ave,Minneapolis,AZ,33328
Lisa Miller,lisa@oscorp.com,+1-597-166-2700,EMAIL,HOME-3083,Pro System,5,44.65,8015 Oak Ave,New York,TX,89515
Lisa Williams,lisa@acmecorp.com,+1-522-698-8275,POS,BEAU-3335,Ultra Component,5,285.49,8806 Oak Ave,Miami,FL,28029
Lisa Wilson,lisa@acmecorp.com,+1-838-599-3591,MARKETPLACE,CLTH-7343,Modern Kit,10,345.49,7337 Hill Rd,San Diego,TN,14463
David Wilson,david@wayne.com,+1-653-158-9864,EMAIL,CLTH-4966,Basic Tool,9,285.19,2311 Market St,Seattle,TN,13863
Lisa Miller,lisa@oscorp.com,+1-597-166-2700,POS,CLTH-7809,Modern Pack,10,411.71,8015 Oak Ave,New York,TX,89515
Chris Davis,chris@hooli.com,+1-886-777-1426,PHONE,HOME-8212,Premium Tool,4,134.44,8215 Market St,Denver,TN,12261
John Johnson,john@hooli.com,+1-210-244-9957,PHONE,BEAU-5864,Ultra Tool,8,346.66,2890 Main St,Boston,TN,28351
Mike Smith,mike@massive.com,+1-385-121-3350,EMAIL,BOOK-3496,Pro Pack,6,17.01,2887 River Rd,Phoenix,CO,67493
Sarah Williams,sarah@oscorp.com,+1-394-342-1015,EMAIL,HOME-3844,Smart Widget,1,307.41,1189 Main St,Seattle,FL,60174
,,,WEB,SKU-9999,Missing Customer,1,10.0,1 St,City,ST,12345
No SKU,nosku@test.com,+1-585-509-4334,WEB,,No SKU,1,10.0,2 St,City,ST,12345
Bad Qty,badqty@test.com,+1-899-386-8329,WEB,SKU-BADQ,Bad Qty,-1,10.0,3 St,City,ST,12345
Bad Price,badprice@test.com,+1-208-703-4998,WEB,SKU-BPR,Bad Price,1,-5.0,4 St,City,ST,12345
No Address,noaddr@test.com,+1-316-872-8017,WEB,SKU-NAD,No Addr,1,10.0,,,,
,,,,,,,,,,,
Null Channel,nullchan@test.com,+1-983-709-2048,,SKU-NC,Null Channel,1,10.0,5 St,City,ST,12345
Invalid Numeric,invnum@test.com,+1-234-767-5478,WEB,SKU-INV,Invalid,ZERO,FREE,6 St,City,ST,12345
Very Long Long Long Long Long Long Long Long Long Long Long Long Long Long Long Long Long Long Long Long Long Long Long Long Long Long Long Long Long Long Long Long Long Long Long Long Long Long Long Long Long Long Long Long Long Long Long Long Long Long ,toolong@test.com,+1-850-340-2900,WEB,SKU-VL,Very Long Name,1,10.0,7 St,City,ST,12345
Mike Davis,mike@acmecorp.com,+1-346-550-9815,WEB,SKU-DUP,Duplicate Pattern,1,10.0,8 St,City,ST,12345
Lisa Garcia,lisa@massive.com,+1-325-568-2945,WEB,CLTH-9288,Modern Widget,2,97.27,2553 Main St,Atlanta,PA,53388
Bob Wilson,bob@initech.com,+1-497-974-7649,WEB,FOOD-1847,Classic Unit,5,184.52,9687 Hill Rd,Portland,WA,87571
John Williams,john@globex.com,+1-964-956-2044,WEB,FOOD-7967,Smart Gadget,4,100.82,2615 Main St,Miami,TX,27158
Chris Miller,chris@initech.com,+1-815-676-5565,WEB,BOOK-6761,Pro Pack,4,148.13,2950 Lake Dr,Austin,NY,42939
Mike Williams,mike@stark.com,+1-282-145-5486,WEB,ELEC-9955,Premium Component,2,162.77,1196 Market St,Seattle,NY,65840
