supplier,sku,quantity,unit_price,status,order_date,expected_date,notes
Epsilon Industrial,SEAL-2723,4916,51.97,PENDING_APPROVAL,2026-06-27,2026-07-18,Promotional order
Iota Hardware Solutions,TOOL-3226,4146,26.11,PENDING_APPROVAL,2025-08-11,2025-09-08,Urgent requirement
Eta Packaging Co,CABLE-7952,274,214.63,APPROVED,2025-02-13,2025-02-26,Backfill stock
Epsilon Industrial,TOOL-2815,2601,21.92,PENDING_APPROVAL,2025-06-08,2025-07-01,
Eta Packaging Co,LABEL-0431,4329,154.03,PARTIAL,2025-08-21,2025-09-19,Urgent requirement
Epsilon Industrial,SEAL-2561,1599,31.70,ORDERED,2025-10-13,2025-10-27,
Omicron Materials Tech,LIGHT-5604,4578,39.72,PARTIAL,2026-04-03,2026-05-12,
Nu Systems Inc,SCAN-1306,227,16.81,DRAFT,2025-10-02,2025-10-30,
Zeta Fabrication,RACK-5662,534,18.62,PENDING_APPROVAL,2025-12-20,2026-01-26,Quarterly restock
Delta Parts Supply,BATT-3131,164,22.33,PARTIAL,2026-03-08,2026-03-19,
Kappa Machinery Works,CASE-8241,2491,10.45,APPROVED,2026-04-23,2026-05-22,Quarterly restock
Mu Engineering Corp,SCAN-1606,2252,236.20,APPROVED,2026-01-25,2026-02-24,Urgent requirement
Iota Hardware Solutions,PRINT-6243,4730,10.38,PENDING_APPROVAL,2026-04-15,2026-04-22,Quarterly restock
Zeta Fabrication,CABLE-6046,2214,189.29,DRAFT,2025-03-05,2025-04-04,
Mu Engineering Corp,SEAL-2916,2534,38.56,RECEIVED,2026-02-22,2026-03-29,
Omicron Materials Tech,PRINT-8314,264,176.01,CANCELLED,2025-09-29,2025-10-09,
Kappa Machinery Works,PACK-4952,4013,60.70,ORDERED,2025-10-01,2025-10-18,Backfill stock
Xi Industrial Supply,FILTER-3254,1326,10.93,APPROVED,2025-08-19,2025-09-03,
Lambda Tools & Dies,TOOL-4833,1857,25.81,RECEIVED,2025-08-01,2025-09-07,Standard order
Zeta Fabrication,CABLE-4367,1607,27.57,DRAFT,2025-12-10,2026-01-12,Promotional order
Lambda Tools & Dies,WIDGET-5983,2022,49.45,PENDING_APPROVAL,2025-06-17,2025-07-17,Quarterly restock
Mu Engineering Corp,PACK-4517,4854,17.11,PARTIAL,2026-04-20,2026-04-30,
Theta Electronics,PRINT-6248,2429,9.73,ORDERED,2025-08-27,2025-09-05,
Lambda Tools & Dies,WIDGET-7540,4344,20.50,RECEIVED,2025-03-12,2025-03-21,Standard order
Gamma Raw Materials,CASE-4752,4340,21.34,PARTIAL,2025-11-01,2025-11-16,Standard order
Beta Manufacturing Inc,UNIF-7904,2568,198.96,DRAFT,2025-10-14,2025-11-06,Standard order
Xi Industrial Supply,GADGET-1012,3648,64.76,RECEIVED,2025-03-15,2025-04-09,Quarterly restock
Alpha Components Ltd,CASE-9314,4972,15.12,ORDERED,2025-10-24,2025-11-03,Backfill stock
Beta Manufacturing Inc,CABLE-1203,533,4.89,CANCELLED,2025-10-09,2025-10-29,Standard order
Alpha Components Ltd,PACK-6070,126,15.65,RECEIVED,2026-06-19,2026-07-28,
Iota Hardware Solutions,FILTER-0638,3220,2.41,ORDERED,2026-04-01,2026-04-30,Standard order
Epsilon Industrial,ELEC-4340,4329,42.21,DRAFT,2025-12-07,2026-01-08,Urgent requirement
Kappa Machinery Works,PACK-1974,2227,11.42,ORDERED,2025-02-22,2025-03-10,Standard order
Zeta Fabrication,AUDIO-8846,3230,28.41,APPROVED,2025-05-06,2025-05-20,Standard order
Omicron Materials Tech,SEAL-2854,3907,23.68,CANCELLED,2026-01-14,2026-02-02,Backfill stock
Beta Manufacturing Inc,GADGET-6438,910,171.41,APPROVED,2025-01-11,2025-02-03,
Gamma Raw Materials,FILTER-5698,1814,38.46,DRAFT,2026-05-24,2026-06-12,
Omicron Materials Tech,TOOL-3063,1242,21.94,APPROVED,2025-02-02,2025-03-15,Backfill stock
Zeta Fabrication,BATT-4926,213,264.34,RECEIVED,2025-02-05,2025-03-11,Quarterly restock
Zeta Fabrication,AUDIO-3847,3388,56.67,DRAFT,2025-09-01,2025-09-12,Standard order
Nu Systems Inc,CHARG-0966,260,70.49,PARTIAL,2025-04-28,2025-05-15,
Mu Engineering Corp,ELEC-9622,1161,131.08,PARTIAL,2026-04-04,2026-04-30,Standard order
Zeta Fabrication,RACK-4209,1278,3.39,PENDING_APPROVAL,2025-11-02,2025-11-30,Urgent requirement
Gamma Raw Materials,PACK-6986,2184,130.42,PENDING_APPROVAL,2026-03-20,2026-05-04,
Xi Industrial Supply,SEAL-4563,4544,51.81,DRAFT,2025-12-09,2025-12-20,Quarterly restock
Kappa Machinery Works,PRINT-2223,3886,7.60,PENDING_APPROVAL,2025-01-20,2025-02-23,
Theta Electronics,GLOVE-8465,1963,6.62,PARTIAL,2025-03-10,2025-03-17,
Alpha Components Ltd,UNIF-2208,2109,37.54,CANCELLED,2025-08-17,2025-09-15,Standard order
Mu Engineering Corp,AUDIO-3130,845,3.67,PENDING_APPROVAL,2025-02-26,2025-04-09,Quarterly restock
Lambda Tools & Dies,AUDIO-7083,3206,21.21,ORDERED,2025-06-17,2025-06-25,Standard order
Theta Electronics,CABLE-9661,2715,36.16,ORDERED,2026-02-15,2026-02-25,
Kappa Machinery Works,SEAL-1809,766,11.49,DRAFT,2025-09-03,2025-09-11,Quarterly restock
Lambda Tools & Dies,PRINT-7824,3253,9.97,ORDERED,2025-01-22,2025-03-03,
Delta Parts Supply,LIGHT-3581,4827,71.49,APPROVED,2025-02-15,2025-03-19,
Mu Engineering Corp,PACK-8082,3557,25.12,APPROVED,2025-12-29,2026-01-06,Urgent requirement
Lambda Tools & Dies,GADGET-5567,448,55.43,PENDING_APPROVAL,2025-02-14,2025-03-19,Quarterly restock
Zeta Fabrication,GADGET-9676,4187,63.48,APPROVED,2026-03-18,2026-04-12,Backfill stock
Nu Systems Inc,TOOL-9586,4751,12.48,CANCELLED,2025-05-10,2025-06-02,Promotional order
Eta Packaging Co,TOOL-6430,444,4.22,PENDING_APPROVAL,2025-02-13,2025-03-20,
Beta Manufacturing Inc,RACK-1928,4184,37.01,APPROVED,2025-08-04,2025-09-06,
Iota Hardware Solutions,CHARG-9993,167,96.02,DRAFT,2026-04-06,2026-05-11,Backfill stock
Kappa Machinery Works,TOOL-1949,3967,7.31,APPROVED,2025-01-24,2025-02-02,Backfill stock
Delta Parts Supply,GLOVE-5555,1680,24.48,ORDERED,2025-12-29,2026-01-13,Quarterly restock
Kappa Machinery Works,FILTER-0860,4460,127.04,ORDERED,2025-02-06,2025-02-25,Urgent requirement
Delta Parts Supply,SEAL-8122,2434,255.07,CANCELLED,2026-01-04,2026-02-05,
Zeta Fabrication,LIGHT-5325,664,26.97,RECEIVED,2026-05-21,2026-06-15,Promotional order
Kappa Machinery Works,CABLE-8135,58,7.57,DRAFT,2026-04-15,2026-05-26,Urgent requirement
Nu Systems Inc,WIDGET-3400,4085,125.33,DRAFT,2025-04-29,2025-05-06,Promotional order
Lambda Tools & Dies,CABLE-0091,4168,7.68,APPROVED,2025-04-10,2025-05-12,Urgent requirement
Kappa Machinery Works,SCAN-0403,4775,5.63,RECEIVED,2026-06-17,2026-07-28,
Beta Manufacturing Inc,PACK-6531,741,78.71,ORDERED,2025-09-24,2025-10-20,Backfill stock
Omicron Materials Tech,SCAN-0787,2349,50.11,APPROVED,2026-02-13,2026-02-24,
Lambda Tools & Dies,CABLE-2051,1433,6.45,ORDERED,2025-05-16,2025-06-19,Standard order
Alpha Components Ltd,FILTER-4401,358,65.37,DRAFT,2025-07-04,2025-08-13,Backfill stock
Xi Industrial Supply,SEAL-5828,2762,160.65,DRAFT,2026-06-28,2026-08-11,
Eta Packaging Co,CART-8310,3332,25.85,PARTIAL,2025-08-11,2025-08-30,
Epsilon Industrial,PACK-3117,569,122.55,PENDING_APPROVAL,2025-10-29,2025-12-10,
Eta Packaging Co,TOOL-4977,2537,20.01,RECEIVED,2025-08-18,2025-09-22,Promotional order
Eta Packaging Co,PRINT-0607,557,16.07,APPROVED,2025-08-17,2025-09-22,Backfill stock
Theta Electronics,PACK-3541,907,9.77,RECEIVED,2025-09-19,2025-10-07,Urgent requirement
Alpha Components Ltd,BATT-4678,4913,63.41,PARTIAL,2025-12-17,2026-01-03,Promotional order
Epsilon Industrial,PACK-1285,2649,50.20,PENDING_APPROVAL,2025-04-25,2025-05-29,
Eta Packaging Co,WIDGET-8570,3399,56.39,ORDERED,2026-03-14,2026-04-10,
Iota Hardware Solutions,BATT-5087,1110,5.97,APPROVED,2025-05-14,2025-06-26,Promotional order
Iota Hardware Solutions,FILTER-4105,390,239.30,RECEIVED,2025-10-29,2025-11-26,Urgent requirement
Mu Engineering Corp,AUDIO-9409,4559,8.55,PENDING_APPROVAL,2025-09-17,2025-10-18,
Kappa Machinery Works,WIDGET-8572,1031,20.64,PARTIAL,2026-02-05,2026-02-14,Quarterly restock
Kappa Machinery Works,PACK-5419,1894,16.12,RECEIVED,2025-08-17,2025-08-28,
Lambda Tools & Dies,LIGHT-0364,3977,11.09,PARTIAL,2025-04-17,2025-04-26,Backfill stock
Mu Engineering Corp,UNIF-8130,4280,8.82,DRAFT,2026-01-03,2026-01-13,Promotional order
Omicron Materials Tech,AUDIO-4541,2661,39.22,PARTIAL,2025-06-02,2025-07-17,Backfill stock
Zeta Fabrication,CHARG-1425,4211,16.49,ORDERED,2026-06-18,2026-07-01,Backfill stock
Lambda Tools & Dies,GLOVE-5040,1235,3.03,CANCELLED,2025-11-12,2025-12-03,Quarterly restock
Alpha Components Ltd,LIGHT-9746,2962,39.75,CANCELLED,2025-02-26,2025-04-02,
Theta Electronics,LABEL-5455,2786,18.30,APPROVED,2025-07-14,2025-08-10,
Nu Systems Inc,PRINT-6288,538,133.19,CANCELLED,2026-04-09,2026-04-29,Promotional order
Eta Packaging Co,TOOL-4410,1530,22.24,DRAFT,2025-12-31,2026-01-12,
Mu Engineering Corp,AUDIO-2455,2638,7.24,DRAFT,2025-10-09,2025-11-17,Quarterly restock
Mu Engineering Corp,CHARG-3967,3462,22.90,DRAFT,2026-03-31,2026-05-10,Quarterly restock
Mu Engineering Corp,LABEL-5926,4108,9.91,CANCELLED,2026-02-01,2026-02-12,Backfill stock
Xi Industrial Supply,PACK-0484,705,16.01,CANCELLED,2025-03-30,2025-05-14,
Epsilon Industrial,WIDGET-0987,553,161.62,ORDERED,2026-06-08,2026-06-27,
Omicron Materials Tech,SCAN-6990,1085,18.89,RECEIVED,2026-05-01,2026-06-07,
Eta Packaging Co,FILTER-4272,51,8.67,ORDERED,2025-05-05,2025-05-30,
Beta Manufacturing Inc,LIGHT-7401,2282,25.01,PARTIAL,2025-06-17,2025-07-20,
Nu Systems Inc,PRINT-7071,2850,15.41,RECEIVED,2026-01-21,2026-02-27,
Eta Packaging Co,BATT-7443,3079,21.06,CANCELLED,2025-09-22,2025-09-29,Promotional order
Nu Systems Inc,CASE-9571,4229,87.62,ORDERED,2026-01-05,2026-02-03,
Delta Parts Supply,PACK-4889,1438,16.11,CANCELLED,2025-09-26,2025-10-31,Urgent requirement
Zeta Fabrication,CHARG-4260,4104,9.19,RECEIVED,2025-07-25,2025-08-01,Standard order
Iota Hardware Solutions,PRINT-7676,3204,58.43,ORDERED,2025-03-05,2025-03-29,Promotional order
Iota Hardware Solutions,CART-5426,1252,8.82,CANCELLED,2025-12-28,2026-02-06,Promotional order
Epsilon Industrial,PRINT-4367,1890,9.59,PARTIAL,2026-04-23,2026-05-15,
Epsilon Industrial,CHARG-2896,2346,32.33,CANCELLED,2025-09-23,2025-11-03,Urgent requirement
Epsilon Industrial,SEAL-8447,4352,7.29,RECEIVED,2025-02-17,2025-03-30,
Eta Packaging Co,LIGHT-4177,1476,12.99,ORDERED,2026-04-22,2026-05-05,Standard order
Zeta Fabrication,LABEL-9010,3786,29.76,PARTIAL,2025-03-29,2025-04-26,
Beta Manufacturing Inc,PACK-2570,582,13.26,ORDERED,2025-03-29,2025-04-20,
Delta Parts Supply,TOOL-4781,214,268.31,DRAFT,2025-05-01,2025-06-02,
Eta Packaging Co,ELEC-6951,1439,24.71,RECEIVED,2026-02-11,2026-03-24,
Theta Electronics,PACK-2823,672,14.75,APPROVED,2026-04-21,2026-06-03,Quarterly restock
Gamma Raw Materials,CHARG-8095,3366,178.50,PARTIAL,2026-03-10,2026-04-14,Urgent requirement
Lambda Tools & Dies,LABEL-1680,3264,15.68,APPROVED,2026-06-16,2026-07-29,
Theta Electronics,SCAN-2310,2785,6.08,RECEIVED,2025-06-26,2025-07-15,
Gamma Raw Materials,SCAN-8238,501,12.52,PENDING_APPROVAL,2025-10-27,2025-11-07,Promotional order
Nu Systems Inc,LABEL-3919,2107,17.01,APPROVED,2026-05-05,2026-05-18,Standard order
Zeta Fabrication,FILTER-8486,1571,17.68,PARTIAL,2025-04-26,2025-06-08,
Beta Manufacturing Inc,LABEL-1509,4995,22.05,DRAFT,2026-03-22,2026-04-27,
Lambda Tools & Dies,SEAL-9925,1667,29.82,CANCELLED,2026-02-05,2026-03-03,
Delta Parts Supply,CART-3219,1632,11.26,PENDING_APPROVAL,2025-12-24,2026-01-20,Urgent requirement
Xi Industrial Supply,AUDIO-5911,2055,121.24,RECEIVED,2025-06-29,2025-07-11,Urgent requirement
Beta Manufacturing Inc,BATT-5527,2506,9.55,CANCELLED,2025-03-12,2025-04-06,
Xi Industrial Supply,RACK-7357,3910,60.27,RECEIVED,2026-05-07,2026-05-14,
Eta Packaging Co,CART-2064,3078,230.59,DRAFT,2025-03-10,2025-04-03,Promotional order
Zeta Fabrication,CASE-6077,3231,33.42,CANCELLED,2026-04-28,2026-06-06,Promotional order
Eta Packaging Co,UNIF-7104,1977,3.15,CANCELLED,2025-11-04,2025-11-30,Backfill stock
Omicron Materials Tech,RACK-8320,1009,11.97,PENDING_APPROVAL,2025-05-16,2025-06-18,
Nu Systems Inc,LIGHT-9250,1193,182.43,CANCELLED,2025-01-24,2025-02-17,Quarterly restock
Xi Industrial Supply,RACK-4826,1252,469.76,PENDING_APPROVAL,2025-03-20,2025-04-01,Quarterly restock
Epsilon Industrial,LABEL-4304,1790,165.66,RECEIVED,2025-12-16,2025-12-26,
Kappa Machinery Works,GLOVE-8872,1438,38.63,RECEIVED,2025-08-01,2025-09-09,
Gamma Raw Materials,ELEC-1547,1183,9.96,PENDING_APPROVAL,2026-06-02,2026-06-21,Urgent requirement
Beta Manufacturing Inc,PACK-0043,3060,422.88,APPROVED,2026-05-17,2026-06-20,Standard order
Eta Packaging Co,CART-0998,3230,14.03,PENDING_APPROVAL,2025-02-09,2025-03-07,Urgent requirement
Alpha Components Ltd,FILTER-4426,3490,7.25,CANCELLED,2025-07-25,2025-08-08,Backfill stock
Delta Parts Supply,AUDIO-6821,57,3.73,PENDING_APPROVAL,2025-07-10,2025-07-23,Standard order
Beta Manufacturing Inc,PACK-4360,4754,19.64,RECEIVED,2025-05-14,2025-06-26,Standard order
Nu Systems Inc,GLOVE-9753,932,64.22,PARTIAL,2025-02-18,2025-04-04,Standard order
Delta Parts Supply,PACK-4798,588,15.85,APPROVED,2025-05-12,2025-05-20,
Kappa Machinery Works,CASE-8881,1721,7.89,PARTIAL,2025-01-28,2025-02-08,
Xi Industrial Supply,UNIF-0223,929,17.55,CANCELLED,2025-08-10,2025-09-12,Urgent requirement
Kappa Machinery Works,PACK-4784,1772,62.08,RECEIVED,2025-07-20,2025-08-13,
Delta Parts Supply,CABLE-0964,74,181.05,DRAFT,2026-01-16,2026-02-04,
Delta Parts Supply,PRINT-0475,2989,39.22,CANCELLED,2025-12-19,2026-01-22,Quarterly restock
Omicron Materials Tech,CASE-9185,4529,277.91,RECEIVED,2025-01-18,2025-02-13,
Alpha Components Ltd,CHARG-6747,2313,302.76,APPROVED,2025-11-27,2025-12-26,Standard order
Lambda Tools & Dies,PACK-9342,1772,65.21,DRAFT,2025-12-07,2026-01-11,Backfill stock
Beta Manufacturing Inc,TOOL-9270,1728,4.61,DRAFT,2025-01-02,2025-01-24,Standard order
Mu Engineering Corp,PACK-6560,4126,20.15,PARTIAL,2026-01-04,2026-01-20,Standard order
Iota Hardware Solutions,FILTER-8263,3152,10.34,DRAFT,2025-09-25,2025-10-14,Backfill stock
Gamma Raw Materials,RACK-0230,317,18.46,PARTIAL,2025-05-27,2025-06-23,
Theta Electronics,UNIF-3276,4509,59.17,DRAFT,2025-08-08,2025-09-12,
Delta Parts Supply,TOOL-2514,473,6.22,CANCELLED,2026-02-24,2026-04-08,Backfill stock
Iota Hardware Solutions,PACK-3363,554,5.40,ORDERED,2025-03-21,2025-04-09,Backfill stock
Alpha Components Ltd,RACK-5720,1013,12.08,DRAFT,2025-03-15,2025-04-26,Standard order
Delta Parts Supply,PACK-1229,4099,54.06,APPROVED,2026-06-12,2026-07-11,Backfill stock
Mu Engineering Corp,ELEC-2215,1625,22.55,DRAFT,2025-01-09,2025-02-22,Backfill stock
Lambda Tools & Dies,FILTER-2711,2657,34.60,RECEIVED,2026-01-30,2026-02-15,
Xi Industrial Supply,PACK-7068,691,13.61,PENDING_APPROVAL,2026-04-02,2026-04-12,Standard order
Omicron Materials Tech,GADGET-3126,1108,31.49,PARTIAL,2025-09-19,2025-10-02,
Nu Systems Inc,SEAL-1796,956,30.28,APPROVED,2026-06-12,2026-07-03,Quarterly restock
Epsilon Industrial,GADGET-9813,3377,21.95,PENDING_APPROVAL,2026-02-26,2026-03-09,Quarterly restock
Beta Manufacturing Inc,PACK-6766,4666,22.64,RECEIVED,2025-03-03,2025-03-10,Standard order
Beta Manufacturing Inc,BATT-3393,1846,9.55,ORDERED,2026-01-26,2026-02-23,
Lambda Tools & Dies,PACK-7614,2063,13.32,RECEIVED,2025-07-16,2025-08-16,Backfill stock
Beta Manufacturing Inc,CASE-3947,2567,10.76,PENDING_APPROVAL,2025-06-29,2025-08-07,Urgent requirement
Mu Engineering Corp,GLOVE-4323,4987,123.34,PENDING_APPROVAL,2026-06-09,2026-07-22,Urgent requirement
Zeta Fabrication,SCAN-6017,110,497.39,RECEIVED,2025-10-04,2025-10-21,Standard order
Eta Packaging Co,CART-3792,3304,6.29,ORDERED,2026-05-19,2026-06-06,Standard order
Alpha Components Ltd,UNIF-8036,1565,5.48,DRAFT,2025-02-21,2025-03-23,Standard order
Omicron Materials Tech,PACK-7546,4740,18.95,RECEIVED,2025-03-28,2025-04-27,
Zeta Fabrication,TOOL-9041,2605,176.79,CANCELLED,2026-01-12,2026-01-29,
Epsilon Industrial,AUDIO-5201,1201,8.17,PENDING_APPROVAL,2025-05-12,2025-06-23,Backfill stock
Gamma Raw Materials,CHARG-8594,3978,160.19,PARTIAL,2025-03-03,2025-03-20,Urgent requirement
Omicron Materials Tech,CABLE-1247,3809,14.30,CANCELLED,2025-04-19,2025-05-11,Backfill stock
Gamma Raw Materials,GADGET-5118,2799,15.09,DRAFT,2025-09-08,2025-09-21,Backfill stock
Zeta Fabrication,PACK-2248,3104,37.08,DRAFT,2025-05-22,2025-06-15,Standard order
Delta Parts Supply,WIDGET-0250,996,29.84,APPROVED,2026-03-11,2026-04-06,Backfill stock
Gamma Raw Materials,TOOL-4621,2084,6.33,PARTIAL,2025-01-29,2025-02-28,
Lambda Tools & Dies,SCAN-2263,1140,13.34,DRAFT,2025-05-10,2025-06-13,Urgent requirement
Mu Engineering Corp,CASE-9231,3870,10.22,RECEIVED,2026-04-30,2026-06-13,
Mu Engineering Corp,BATT-5760,3350,182.70,CANCELLED,2025-11-10,2025-11-21,Standard order
Delta Parts Supply,PACK-0253,3718,8.35,PARTIAL,2026-01-25,2026-03-01,Quarterly restock
Mu Engineering Corp,LABEL-6601,1606,19.23,PARTIAL,2025-01-27,2025-02-05,
Beta Manufacturing Inc,ELEC-4632,4138,24.57,CANCELLED,2025-12-31,2026-01-18,Quarterly restock
Alpha Components Ltd,ELEC-1083,1229,12.66,DRAFT,2025-10-16,2025-11-01,Quarterly restock
Mu Engineering Corp,PACK-9338,1880,119.19,PENDING_APPROVAL,2025-08-04,2025-09-15,Standard order
Nu Systems Inc,CASE-3806,1788,32.48,DRAFT,2026-03-18,2026-04-19,
Epsilon Industrial,CASE-6772,4819,12.23,DRAFT,2025-04-25,2025-06-09,
Omicron Materials Tech,TOOL-1802,1014,5.23,ORDERED,2025-05-12,2025-06-03,Urgent requirement
Omicron Materials Tech,LIGHT-8106,1012,31.76,PARTIAL,2026-02-15,2026-02-22,Quarterly restock
Eta Packaging Co,CASE-2134,1772,11.18,RECEIVED,2025-11-06,2025-12-04,Backfill stock
Mu Engineering Corp,PACK-9516,1741,15.51,APPROVED,2026-04-18,2026-05-30,
Zeta Fabrication,WIDGET-8506,238,3.96,ORDERED,2025-03-09,2025-03-20,
Iota Hardware Solutions,CHARG-5027,2336,30.90,RECEIVED,2026-05-15,2026-06-07,Backfill stock
Gamma Raw Materials,CHARG-5028,1942,19.55,PENDING_APPROVAL,2026-02-20,2026-03-23,
Alpha Components Ltd,CASE-5072,4463,10.86,RECEIVED,2026-04-15,2026-04-29,Standard order
Iota Hardware Solutions,UNIF-1246,3385,45.46,RECEIVED,2026-05-17,2026-06-21,Promotional order
Epsilon Industrial,LABEL-7597,2411,181.31,PARTIAL,2025-10-26,2025-11-25,Quarterly restock
Theta Electronics,AUDIO-3971,888,226.48,CANCELLED,2026-06-17,2026-06-30,
Eta Packaging Co,GLOVE-5360,2383,38.05,CANCELLED,2025-12-10,2026-01-03,
Zeta Fabrication,LABEL-9785,3791,252.64,RECEIVED,2026-04-17,2026-06-01,Urgent requirement
Theta Electronics,LABEL-0906,2579,237.58,APPROVED,2025-08-04,2025-08-12,Urgent requirement
Beta Manufacturing Inc,GLOVE-3209,900,18.93,ORDERED,2025-06-26,2025-07-25,Quarterly restock
Beta Manufacturing Inc,PRINT-3006,4757,229.87,ORDERED,2026-04-04,2026-04-19,Backfill stock
Alpha Components Ltd,PACK-5997,2851,174.90,PENDING_APPROVAL,2025-12-01,2025-12-14,
Theta Electronics,CASE-8713,2959,6.96,RECEIVED,2026-02-18,2026-03-16,Quarterly restock
Nu Systems Inc,CHARG-3540,3636,19.38,RECEIVED,2025-05-19,2025-06-04,Urgent requirement
Gamma Raw Materials,CABLE-0841,2304,36.06,APPROVED,2026-02-20,2026-03-01,
Gamma Raw Materials,PACK-5579,1331,44.30,RECEIVED,2025-04-20,2025-05-14,
Eta Packaging Co,GADGET-6738,3747,43.90,APPROVED,2025-02-04,2025-02-14,Promotional order
Gamma Raw Materials,ELEC-9388,2855,7.34,PARTIAL,2025-07-19,2025-08-06,Urgent requirement
Zeta Fabrication,WIDGET-6922,2895,64.71,PARTIAL,2026-02-02,2026-02-16,
Omicron Materials Tech,CART-8518,2126,16.01,PENDING_APPROVAL,2025-08-11,2025-09-12,Backfill stock
Kappa Machinery Works,CHARG-1183,897,12.59,CANCELLED,2025-06-24,2025-07-03,
Theta Electronics,PACK-0559,2486,44.21,ORDERED,2025-05-28,2025-06-19,Quarterly restock
Beta Manufacturing Inc,PACK-1964,3869,25.49,ORDERED,2026-04-30,2026-06-13,Quarterly restock
Omicron Materials Tech,RACK-6681,274,18.92,APPROVED,2025-08-28,2025-09-09,Backfill stock
Lambda Tools & Dies,LIGHT-4432,1509,12.19,CANCELLED,2025-02-17,2025-03-14,Promotional order
Beta Manufacturing Inc,GADGET-7462,3797,51.98,PARTIAL,2026-04-23,2026-05-16,
Omicron Materials Tech,UNIF-9281,1626,9.69,APPROVED,2025-06-18,2025-07-29,
Alpha Components Ltd,TOOL-7966,3260,148.26,CANCELLED,2026-06-27,2026-08-01,Promotional order
Omicron Materials Tech,UNIF-8454,519,28.40,CANCELLED,2025-07-31,2025-08-09,
Gamma Raw Materials,RACK-2465,1752,7.99,PENDING_APPROVAL,2025-06-01,2025-06-21,
Theta Electronics,FILTER-0725,2259,12.57,CANCELLED,2025-01-31,2025-03-04,Promotional order
Lambda Tools & Dies,BATT-4325,2332,281.52,ORDERED,2025-09-14,2025-10-17,Urgent requirement
Epsilon Industrial,ELEC-2775,3475,25.15,RECEIVED,2026-01-11,2026-02-07,Backfill stock
Gamma Raw Materials,LABEL-9594,2078,31.90,PARTIAL,2026-04-26,2026-05-06,Quarterly restock
Beta Manufacturing Inc,CASE-6241,684,7.05,RECEIVED,2025-02-05,2025-03-03,
Lambda Tools & Dies,PACK-1194,463,8.00,CANCELLED,2026-03-14,2026-04-13,Backfill stock
Epsilon Industrial,TOOL-9618,414,19.78,ORDERED,2025-02-03,2025-02-20,
Theta Electronics,GADGET-5410,136,17.40,CANCELLED,2025-06-22,2025-07-14,
Xi Industrial Supply,BATT-4493,3302,16.62,CANCELLED,2026-02-11,2026-02-18,Backfill stock
Iota Hardware Solutions,PACK-1416,746,194.48,ORDERED,2025-11-24,2025-12-26,Promotional order
Gamma Raw Materials,BATT-6624,4024,55.92,DRAFT,2025-03-20,2025-04-27,
Beta Manufacturing Inc,BATT-5696,4987,64.35,PENDING_APPROVAL,2025-03-21,2025-04-22,Backfill stock
Gamma Raw Materials,CABLE-2143,1213,3.36,APPROVED,2025-03-14,2025-04-25,
Zeta Fabrication,GLOVE-6395,759,14.42,RECEIVED,2026-05-12,2026-05-29,Quarterly restock
Lambda Tools & Dies,CHARG-5965,4316,10.71,PENDING_APPROVAL,2026-03-23,2026-04-26,Urgent requirement
Theta Electronics,RACK-9169,1821,134.86,APPROVED,2025-02-18,2025-03-29,Promotional order
Mu Engineering Corp,LIGHT-7732,4238,17.94,RECEIVED,2025-04-26,2025-05-25,Quarterly restock
Xi Industrial Supply,PACK-6794,4329,9.28,PARTIAL,2025-01-25,2025-03-07,Urgent requirement
Theta Electronics,RACK-6050,3466,16.78,DRAFT,2025-02-20,2025-03-10,Quarterly restock
Theta Electronics,PACK-0222,1702,3.18,DRAFT,2025-10-15,2025-11-21,Urgent requirement
Kappa Machinery Works,CABLE-9181,342,130.26,ORDERED,2025-03-31,2025-04-23,Quarterly restock
Lambda Tools & Dies,ELEC-3538,3918,11.02,PENDING_APPROVAL,2026-05-26,2026-07-08,Promotional order
Kappa Machinery Works,BATT-2358,3389,18.08,CANCELLED,2025-12-02,2025-12-25,Quarterly restock
Theta Electronics,SEAL-2064,2068,132.29,RECEIVED,2026-06-08,2026-06-28,Quarterly restock
Nu Systems Inc,CASE-0488,3911,16.78,PARTIAL,2025-03-29,2025-04-27,Standard order
Lambda Tools & Dies,SEAL-1234,4155,11.65,PARTIAL,2025-02-01,2025-03-18,Urgent requirement
Epsilon Industrial,WIDGET-3406,1943,10.61,ORDERED,2025-05-31,2025-06-24,Backfill stock
Zeta Fabrication,CABLE-3043,4014,5.46,PENDING_APPROVAL,2026-02-04,2026-03-14,Promotional order
Nu Systems Inc,CABLE-7936,1520,17.37,DRAFT,2025-11-19,2025-12-18,Promotional order
Gamma Raw Materials,FILTER-0823,839,10.20,PARTIAL,2025-07-12,2025-07-30,
Epsilon Industrial,PACK-1583,749,9.11,RECEIVED,2025-03-12,2025-04-15,Urgent requirement
Iota Hardware Solutions,PACK-2843,2476,208.74,DRAFT,2025-08-19,2025-09-07,
Eta Packaging Co,WIDGET-5588,3853,34.12,RECEIVED,2026-02-20,2026-03-24,Backfill stock
Omicron Materials Tech,GLOVE-1077,815,14.39,PENDING_APPROVAL,2025-01-04,2025-02-09,Quarterly restock
Delta Parts Supply,RACK-1945,4825,19.02,ORDERED,2025-12-04,2026-01-03,Urgent requirement
Nu Systems Inc,SEAL-3561,3594,202.12,CANCELLED,2026-06-05,2026-07-03,Standard order
Eta Packaging Co,LABEL-6890,3004,3.92,CANCELLED,2025-03-19,2025-05-03,
Xi Industrial Supply,SEAL-9590,3677,8.03,PENDING_APPROVAL,2025-05-22,2025-06-10,
Epsilon Industrial,CASE-9374,4746,4.02,CANCELLED,2025-10-24,2025-11-15,
Lambda Tools & Dies,WIDGET-4407,1664,26.76,APPROVED,2025-04-17,2025-05-20,Quarterly restock
Eta Packaging Co,LIGHT-1961,4125,5.92,APPROVED,2025-10-07,2025-10-23,Quarterly restock
Gamma Raw Materials,ELEC-3047,2520,11.56,DRAFT,2026-05-07,2026-05-26,Standard order
Lambda Tools & Dies,RACK-0463,1955,21.99,DRAFT,2026-04-10,2026-05-07,Standard order
Alpha Components Ltd,BATT-9682,3042,134.18,PARTIAL,2025-12-01,2025-12-08,Promotional order
Delta Parts Supply,BATT-7766,878,10.34,PENDING_APPROVAL,2025-11-27,2025-12-09,Promotional order
Zeta Fabrication,PRINT-6988,1702,13.47,DRAFT,2026-03-27,2026-04-07,Standard order
Omicron Materials Tech,PACK-3773,1652,3.39,RECEIVED,2025-03-29,2025-04-27,Backfill stock
Xi Industrial Supply,LIGHT-3984,4194,55.76,DRAFT,2026-05-12,2026-06-14,Quarterly restock
Mu Engineering Corp,CABLE-0535,3310,127.97,RECEIVED,2025-09-18,2025-10-16,Urgent requirement
Gamma Raw Materials,UNIF-4975,2889,5.08,PARTIAL,2026-03-04,2026-04-16,Standard order
Nu Systems Inc,RACK-8426,748,8.22,APPROVED,2025-10-28,2025-12-12,Promotional order
Beta Manufacturing Inc,CASE-5280,2088,2.80,PENDING_APPROVAL,2025-08-11,2025-09-20,
Beta Manufacturing Inc,AUDIO-6788,3867,12.81,DRAFT,2026-03-18,2026-03-31,
Xi Industrial Supply,WIDGET-5222,2283,100.19,RECEIVED,2025-01-21,2025-02-27,Promotional order
Eta Packaging Co,GLOVE-1282,1090,16.20,ORDERED,2025-01-05,2025-02-07,
Delta Parts Supply,TOOL-2853,934,6.69,CANCELLED,2025-11-06,2025-11-13,
Kappa Machinery Works,LABEL-2301,4916,7.33,PENDING_APPROVAL,2025-02-23,2025-03-19,Standard order
Iota Hardware Solutions,SEAL-2781,1650,47.08,DRAFT,2026-01-22,2026-02-26,
Zeta Fabrication,CART-6310,2162,17.78,DRAFT,2025-04-30,2025-06-14,Quarterly restock
Lambda Tools & Dies,PACK-5645,2071,33.11,APPROVED,2025-12-01,2025-12-08,Backfill stock
Eta Packaging Co,ELEC-7119,969,12.17,PARTIAL,2025-10-06,2025-10-16,Promotional order
Kappa Machinery Works,LABEL-2060,3151,10.51,APPROVED,2026-03-27,2026-04-29,Urgent requirement
Kappa Machinery Works,CASE-1459,2163,9.18,RECEIVED,2025-03-05,2025-04-03,
Delta Parts Supply,SEAL-0922,1836,16.07,APPROVED,2025-06-14,2025-07-23,Quarterly restock
Delta Parts Supply,ELEC-3443,1267,471.53,ORDERED,2026-05-13,2026-06-21,Promotional order
Omicron Materials Tech,CASE-3321,2990,161.95,RECEIVED,2026-01-09,2026-02-22,Standard order
Xi Industrial Supply,SCAN-7590,3868,2.69,APPROVED,2026-06-09,2026-07-11,Quarterly restock
Gamma Raw Materials,FILTER-4420,1906,16.15,PENDING_APPROVAL,2026-03-08,2026-04-09,Quarterly restock
Iota Hardware Solutions,GLOVE-1589,679,6.74,CANCELLED,2026-03-24,2026-04-23,Promotional order
Lambda Tools & Dies,FILTER-9781,2776,4.46,PARTIAL,2025-10-03,2025-11-02,Urgent requirement
Eta Packaging Co,RACK-8543,2809,19.16,PENDING_APPROVAL,2025-09-27,2025-11-07,
Delta Parts Supply,GADGET-9941,4750,6.48,PARTIAL,2025-12-08,2026-01-04,Backfill stock
Beta Manufacturing Inc,LABEL-9510,1724,413.85,PENDING_APPROVAL,2025-03-29,2025-04-24,Standard order
Epsilon Industrial,BATT-1167,2968,20.78,CANCELLED,2025-02-03,2025-03-19,
Theta Electronics,PACK-2409,2600,6.88,APPROVED,2026-05-22,2026-06-14,Urgent requirement
Epsilon Industrial,WIDGET-6063,1351,15.81,ORDERED,2025-01-21,2025-02-09,
Epsilon Industrial,LABEL-7062,3165,36.89,ORDERED,2026-03-29,2026-05-11,
Zeta Fabrication,TOOL-0008,4824,10.77,RECEIVED,2025-12-29,2026-01-11,Backfill stock
Alpha Components Ltd,GLOVE-2779,1921,17.69,ORDERED,2025-04-16,2025-05-16,Urgent requirement
Epsilon Industrial,ELEC-1025,4138,37.69,PARTIAL,2025-06-05,2025-06-20,Urgent requirement
Kappa Machinery Works,CABLE-5206,771,19.63,DRAFT,2025-07-03,2025-08-16,
Alpha Components Ltd,TOOL-1535,2539,16.92,RECEIVED,2026-04-02,2026-04-20,Urgent requirement
Mu Engineering Corp,PACK-6065,2687,8.73,PARTIAL,2025-07-12,2025-07-20,Backfill stock
Kappa Machinery Works,GLOVE-5652,3982,10.40,PARTIAL,2025-10-17,2025-11-11,Quarterly restock
Xi Industrial Supply,PACK-3800,1652,21.17,PENDING_APPROVAL,2025-11-11,2025-12-14,
Beta Manufacturing Inc,RACK-0689,1747,11.52,CANCELLED,2025-02-24,2025-04-07,Quarterly restock
Epsilon Industrial,TOOL-3416,387,32.69,DRAFT,2026-02-20,2026-03-15,Backfill stock
Nu Systems Inc,RACK-0673,1699,5.53,PARTIAL,2025-09-06,2025-10-01,Standard order
Theta Electronics,GLOVE-3186,1720,12.22,RECEIVED,2025-08-28,2025-09-06,
Beta Manufacturing Inc,CART-2489,868,256.55,PENDING_APPROVAL,2025-04-05,2025-05-06,Urgent requirement
Omicron Materials Tech,SEAL-3086,4711,71.07,DRAFT,2026-06-25,2026-07-26,
Lambda Tools & Dies,UNIF-1860,745,11.44,DRAFT,2025-06-07,2025-06-29,Promotional order
Omicron Materials Tech,PACK-9457,3979,24.92,PENDING_APPROVAL,2025-12-31,2026-02-04,
Delta Parts Supply,PACK-6932,2586,15.95,DRAFT,2025-07-13,2025-08-11,Backfill stock
Omicron Materials Tech,LABEL-3029,4337,8.76,PARTIAL,2026-02-06,2026-02-23,Backfill stock
Nu Systems Inc,WIDGET-2570,1946,18.64,PARTIAL,2025-05-28,2025-06-07,Promotional order
Beta Manufacturing Inc,GLOVE-5653,666,20.88,PARTIAL,2025-02-15,2025-04-01,Urgent requirement
Lambda Tools & Dies,LIGHT-5984,3976,9.83,ORDERED,2025-09-05,2025-10-03,Promotional order
Kappa Machinery Works,PRINT-1469,251,7.69,ORDERED,2025-08-20,2025-09-10,Promotional order
Omicron Materials Tech,UNIF-3020,3692,8.01,APPROVED,2025-08-10,2025-09-04,Urgent requirement
Xi Industrial Supply,BATT-4915,4772,6.45,PARTIAL,2025-06-25,2025-07-17,
Iota Hardware Solutions,PACK-5427,1544,9.32,RECEIVED,2025-04-25,2025-05-25,Backfill stock
Epsilon Industrial,CASE-9021,2589,15.56,DRAFT,2026-04-03,2026-04-27,Urgent requirement
Zeta Fabrication,ELEC-9001,3869,26.75,RECEIVED,2025-05-18,2025-06-04,Standard order
Mu Engineering Corp,PRINT-7407,3787,19.61,DRAFT,2025-05-18,2025-06-16,Backfill stock
Mu Engineering Corp,PRINT-9782,4388,115.83,DRAFT,2025-08-02,2025-08-20,Urgent requirement
Mu Engineering Corp,CHARG-1734,477,47.51,PENDING_APPROVAL,2026-06-05,2026-06-16,Urgent requirement
Gamma Raw Materials,SCAN-7437,1461,63.22,CANCELLED,2026-04-04,2026-05-01,
Omicron Materials Tech,ELEC-2552,3583,18.47,RECEIVED,2025-02-27,2025-04-06,
Nu Systems Inc,PRINT-3467,1752,12.58,PENDING_APPROVAL,2025-12-24,2026-01-06,
Eta Packaging Co,SEAL-7159,4412,470.00,DRAFT,2025-06-18,2025-07-26,Backfill stock
Eta Packaging Co,BATT-1617,1753,17.26,PARTIAL,2025-12-22,2026-02-02,Quarterly restock
Lambda Tools & Dies,SCAN-6022,3309,3.59,DRAFT,2025-06-25,2025-08-09,
Xi Industrial Supply,SCAN-0539,4829,89.85,APPROVED,2025-03-18,2025-04-13,
Zeta Fabrication,LIGHT-7193,3552,33.06,CANCELLED,2025-06-29,2025-07-28,
Omicron Materials Tech,CASE-8324,2949,145.70,APPROVED,2026-05-25,2026-06-28,
Kappa Machinery Works,PACK-5297,4118,16.33,APPROVED,2025-05-01,2025-06-12,
Xi Industrial Supply,PACK-0857,3296,6.23,CANCELLED,2026-02-28,2026-03-24,
Beta Manufacturing Inc,ELEC-6129,4849,120.31,PARTIAL,2025-05-21,2025-06-18,
Iota Hardware Solutions,LABEL-0046,2592,58.19,ORDERED,2026-05-27,2026-06-25,Urgent requirement
Xi Industrial Supply,CART-0772,2502,9.38,DRAFT,2026-02-04,2026-02-25,Quarterly restock
Iota Hardware Solutions,PACK-0519,2472,25.38,CANCELLED,2026-04-21,2026-05-19,Urgent requirement
Xi Industrial Supply,PRINT-2667,276,235.30,PENDING_APPROVAL,2025-12-09,2025-12-27,Standard order
Gamma Raw Materials,AUDIO-9193,152,15.48,RECEIVED,2025-10-16,2025-11-08,
Omicron Materials Tech,CABLE-8071,3146,104.58,RECEIVED,2025-04-09,2025-05-04,
Epsilon Industrial,RACK-7722,800,32.04,PENDING_APPROVAL,2025-12-03,2025-12-27,
Nu Systems Inc,CART-9803,2019,138.78,RECEIVED,2025-08-21,2025-09-18,Backfill stock
Kappa Machinery Works,SCAN-9879,595,7.76,PENDING_APPROVAL,2025-12-23,2026-02-06,
Gamma Raw Materials,CABLE-9014,3928,160.76,DRAFT,2025-05-13,2025-05-20,Urgent requirement
Beta Manufacturing Inc,CART-1472,4117,24.78,ORDERED,2025-09-13,2025-09-24,Standard order
Beta Manufacturing Inc,CASE-9949,3517,99.44,CANCELLED,2025-01-27,2025-03-11,Standard order
Omicron Materials Tech,GADGET-5153,73,12.02,CANCELLED,2025-11-26,2026-01-10,
Lambda Tools & Dies,ELEC-7411,2255,30.41,RECEIVED,2026-01-06,2026-02-13,
Nu Systems Inc,UNIF-3407,2194,10.60,RECEIVED,2025-10-07,2025-10-24,Standard order
Alpha Components Ltd,CASE-2670,186,20.03,CANCELLED,2025-04-02,2025-05-11,Quarterly restock
Iota Hardware Solutions,PRINT-6670,2675,15.41,CANCELLED,2026-04-22,2026-06-03,
Gamma Raw Materials,FILTER-5390,335,4.85,APPROVED,2025-05-04,2025-06-18,Urgent requirement
Kappa Machinery Works,LIGHT-7504,3078,20.69,DRAFT,2026-03-30,2026-05-13,
Lambda Tools & Dies,WIDGET-6586,809,7.75,DRAFT,2025-08-05,2025-09-04,Standard order
Gamma Raw Materials,CART-4302,4609,17.84,PARTIAL,2025-11-17,2025-12-17,
Iota Hardware Solutions,BATT-7937,3843,40.39,PARTIAL,2025-05-15,2025-05-30,
Kappa Machinery Works,ELEC-6138,3233,104.23,APPROVED,2025-01-30,2025-03-05,Urgent requirement
Xi Industrial Supply,UNIF-2918,4124,6.37,DRAFT,2025-06-23,2025-07-14,
Xi Industrial Supply,TOOL-2253,272,497.30,APPROVED,2026-01-10,2026-02-23,
Kappa Machinery Works,ELEC-5478,3894,20.27,PARTIAL,2025-09-25,2025-10-14,
Omicron Materials Tech,PRINT-6933,1691,18.57,PARTIAL,2026-06-09,2026-07-03,Standard order
Delta Parts Supply,CART-7759,4381,17.22,DRAFT,2026-06-13,2026-06-25,Standard order
Beta Manufacturing Inc,AUDIO-3829,3926,418.64,RECEIVED,2025-06-13,2025-07-03,Promotional order
Beta Manufacturing Inc,CHARG-3853,1413,12.48,ORDERED,2025-01-13,2025-02-18,Standard order
Gamma Raw Materials,GLOVE-8245,4024,65.23,PENDING_APPROVAL,2026-06-07,2026-07-15,Urgent requirement
Xi Industrial Supply,UNIF-1124,1622,13.03,DRAFT,2026-06-04,2026-06-20,Quarterly restock
Omicron Materials Tech,GADGET-5002,2359,8.25,CANCELLED,2025-09-02,2025-09-29,Standard order
Kappa Machinery Works,GLOVE-8437,4652,25.35,APPROVED,2025-12-28,2026-02-03,Standard order
Nu Systems Inc,GADGET-4767,1206,22.43,PARTIAL,2025-01-18,2025-01-25,Quarterly restock
Iota Hardware Solutions,CASE-2689,1140,16.58,ORDERED,2025-02-14,2025-02-28,Promotional order
Xi Industrial Supply,PRINT-1568,2004,14.95,APPROVED,2025-08-03,2025-08-26,Urgent requirement
Delta Parts Supply,GADGET-5594,3924,84.65,RECEIVED,2025-04-04,2025-05-12,Promotional order
Delta Parts Supply,AUDIO-5693,4314,30.13,PARTIAL,2025-06-17,2025-07-04,Urgent requirement
Beta Manufacturing Inc,PRINT-5484,1327,532.07,RECEIVED,2026-05-14,2026-06-16,
Epsilon Industrial,PACK-2879,716,17.88,ORDERED,2025-01-09,2025-01-19,
Gamma Raw Materials,GADGET-8424,1171,29.64,APPROVED,2025-01-11,2025-02-16,
Eta Packaging Co,CASE-5536,1795,5.80,PARTIAL,2025-05-11,2025-05-25,Promotional order
Omicron Materials Tech,FILTER-0719,872,23.51,APPROVED,2026-01-22,2026-03-04,
Alpha Components Ltd,RACK-2173,4665,21.31,PARTIAL,2025-10-20,2025-11-28,Backfill stock
Zeta Fabrication,CHARG-9568,2327,65.85,APPROVED,2025-10-29,2025-12-04,Quarterly restock
Lambda Tools & Dies,GADGET-4733,4059,25.07,APPROVED,2025-05-09,2025-05-22,
Xi Industrial Supply,PACK-6749,1941,88.02,DRAFT,2025-09-27,2025-10-28,
Beta Manufacturing Inc,CASE-4933,2168,21.78,CANCELLED,2026-01-07,2026-02-14,Backfill stock
Iota Hardware Solutions,TOOL-4791,2656,55.60,RECEIVED,2026-06-08,2026-07-17,
Epsilon Industrial,PACK-5211,190,274.08,DRAFT,2025-09-14,2025-10-06,Standard order
Theta Electronics,CART-4813,1321,40.27,PARTIAL,2025-04-11,2025-05-02,
Mu Engineering Corp,SCAN-8180,2837,22.73,PARTIAL,2025-08-08,2025-09-15,
Theta Electronics,CABLE-7231,1049,4.72,PENDING_APPROVAL,2025-06-17,2025-07-10,Standard order
Gamma Raw Materials,FILTER-0025,1717,9.63,APPROVED,2025-04-11,2025-04-29,Backfill stock
Theta Electronics,CABLE-2957,1930,6.98,DRAFT,2026-04-01,2026-04-27,Standard order
Kappa Machinery Works,GLOVE-5662,1823,9.22,RECEIVED,2025-02-23,2025-03-29,Promotional order
Gamma Raw Materials,AUDIO-9761,4999,279.72,PARTIAL,2026-05-17,2026-06-22,Promotional order
Delta Parts Supply,PACK-2610,844,22.77,PARTIAL,2025-07-13,2025-08-18,
Zeta Fabrication,CART-2937,3450,38.86,DRAFT,2026-06-25,2026-08-09,Backfill stock
Nu Systems Inc,PACK-1640,549,264.94,CANCELLED,2026-06-04,2026-07-17,Standard order
Iota Hardware Solutions,ELEC-1634,4978,408.64,PARTIAL,2025-05-03,2025-06-10,Promotional order
Epsilon Industrial,CABLE-0034,3422,19.70,RECEIVED,2025-11-23,2025-12-21,Promotional order
Nu Systems Inc,CASE-3203,1586,11.53,ORDERED,2025-04-12,2025-05-27,
Gamma Raw Materials,PRINT-0207,2265,42.42,CANCELLED,2025-08-09,2025-08-27,Backfill stock
Gamma Raw Materials,CHARG-3211,311,11.75,DRAFT,2026-04-16,2026-05-07,Standard order
Eta Packaging Co,LIGHT-3630,1145,11.91,DRAFT,2026-06-13,2026-07-21,Quarterly restock
Epsilon Industrial,CHARG-7867,4168,127.75,RECEIVED,2025-01-30,2025-03-09,Standard order
Omicron Materials Tech,CABLE-1370,1418,5.23,CANCELLED,2026-03-19,2026-05-03,Standard order
Alpha Components Ltd,CABLE-4970,963,116.57,CANCELLED,2025-07-03,2025-08-09,Quarterly restock
Epsilon Industrial,CASE-5898,1495,65.89,PARTIAL,2025-03-20,2025-04-18,Quarterly restock
Xi Industrial Supply,CART-3449,748,22.00,PARTIAL,2026-04-20,2026-05-28,
Beta Manufacturing Inc,SEAL-6647,2985,43.96,PARTIAL,2025-02-19,2025-03-01,
Epsilon Industrial,CASE-0342,1229,5.84,DRAFT,2025-04-30,2025-05-15,Promotional order
Beta Manufacturing Inc,PACK-2255,2831,10.65,DRAFT,2025-02-04,2025-02-12,Promotional order
Eta Packaging Co,SEAL-8806,2907,12.87,PENDING_APPROVAL,2026-05-02,2026-05-24,Backfill stock
Xi Industrial Supply,LABEL-1493,4529,16.80,APPROVED,2026-05-30,2026-06-10,
Delta Parts Supply,GADGET-2890,927,15.55,DRAFT,2025-06-12,2025-07-01,
Delta Parts Supply,GLOVE-2198,2755,28.25,PARTIAL,2026-06-18,2026-06-27,Promotional order
Nu Systems Inc,TOOL-0864,1313,5.81,ORDERED,2025-01-26,2025-02-25,Urgent requirement
Eta Packaging Co,LABEL-4831,4612,16.05,PENDING_APPROVAL,2025-06-06,2025-07-19,Quarterly restock
Zeta Fabrication,CASE-6445,2807,14.96,PENDING_APPROVAL,2025-03-20,2025-04-23,Standard order
Epsilon Industrial,PACK-5799,4925,33.09,APPROVED,2025-08-19,2025-09-17,Backfill stock
Gamma Raw Materials,LIGHT-7225,1354,21.93,ORDERED,2026-01-29,2026-02-13,Quarterly restock
Eta Packaging Co,GLOVE-6388,655,13.82,ORDERED,2025-01-13,2025-02-06,
Nu Systems Inc,FILTER-2722,1219,12.25,PENDING_APPROVAL,2025-02-14,2025-03-16,
Epsilon Industrial,CABLE-6001,2417,66.14,DRAFT,2026-01-20,2026-02-13,Promotional order
Theta Electronics,TOOL-6524,377,131.34,CANCELLED,2026-06-08,2026-07-16,Promotional order
Beta Manufacturing Inc,ELEC-7016,430,31.69,CANCELLED,2025-12-18,2026-01-09,
Gamma Raw Materials,TOOL-1571,2654,16.86,APPROVED,2025-01-05,2025-01-17,
Alpha Components Ltd,CHARG-3501,3861,535.62,DRAFT,2026-06-22,2026-07-25,Urgent requirement
Iota Hardware Solutions,UNIF-3948,2822,9.78,APPROVED,2025-12-27,2026-02-04,Promotional order
Eta Packaging Co,CHARG-5255,2203,230.56,APPROVED,2026-04-05,2026-05-18,
Epsilon Industrial,CABLE-5726,2445,63.16,RECEIVED,2025-03-01,2025-03-27,Promotional order
Eta Packaging Co,UNIF-2746,3961,28.84,APPROVED,2026-05-22,2026-07-01,
Alpha Components Ltd,LABEL-8561,3581,13.16,CANCELLED,2025-11-22,2025-12-13,Urgent requirement
Nu Systems Inc,UNIF-1753,2782,7.21,CANCELLED,2026-02-18,2026-03-25,Backfill stock
Zeta Fabrication,ELEC-1762,4985,48.22,CANCELLED,2025-06-12,2025-07-07,
Theta Electronics,TOOL-9220,4911,6.65,PENDING_APPROVAL,2025-08-10,2025-09-14,Standard order
Alpha Components Ltd,WIDGET-2407,3065,475.31,PENDING_APPROVAL,2025-11-22,2025-12-03,
Zeta Fabrication,LABEL-0911,3050,21.10,DRAFT,2025-09-09,2025-10-10,Standard order
Delta Parts Supply,PRINT-0330,583,10.40,ORDERED,2025-10-08,2025-10-21,
Gamma Raw Materials,RACK-4735,631,33.16,ORDERED,2025-12-02,2026-01-11,Urgent requirement
Eta Packaging Co,RACK-3640,1309,10.40,APPROVED,2025-02-10,2025-02-21,Standard order
Theta Electronics,TOOL-3107,327,132.72,ORDERED,2025-01-29,2025-03-06,Standard order
Iota Hardware Solutions,CHARG-6752,3809,154.27,ORDERED,2026-05-03,2026-05-24,
Delta Parts Supply,PRINT-1730,3459,108.98,ORDERED,2025-12-20,2026-01-06,
Epsilon Industrial,SEAL-0776,740,54.43,ORDERED,2026-03-30,2026-05-06,Backfill stock
Alpha Components Ltd,WIDGET-9739,3834,30.94,PENDING_APPROVAL,2025-05-16,2025-06-15,
Eta Packaging Co,TOOL-8916,121,5.65,PARTIAL,2025-12-13,2026-01-04,
Alpha Components Ltd,WIDGET-8186,560,9.44,PENDING_APPROVAL,2025-05-24,2025-06-08,Standard order
Gamma Raw Materials,PACK-9169,1837,367.52,DRAFT,2025-02-06,2025-02-20,Standard order
Nu Systems Inc,CART-1117,3153,85.63,APPROVED,2025-04-25,2025-05-02,
Omicron Materials Tech,LABEL-7150,4294,12.79,DRAFT,2025-04-23,2025-05-18,Backfill stock
Beta Manufacturing Inc,TOOL-6973,1929,15.34,RECEIVED,2025-06-05,2025-07-05,Standard order
Kappa Machinery Works,PACK-4216,1156,220.26,PARTIAL,2026-01-31,2026-02-14,
Theta Electronics,CABLE-1779,565,12.11,CANCELLED,2025-06-09,2025-07-06,Backfill stock
Xi Industrial Supply,CASE-9750,3248,27.92,PENDING_APPROVAL,2025-10-10,2025-10-27,Standard order
Xi Industrial Supply,UNIF-2326,2717,23.72,DRAFT,2025-12-06,2026-01-11,
Kappa Machinery Works,FILTER-0033,1447,9.63,APPROVED,2025-05-22,2025-06-24,Promotional order
Delta Parts Supply,PACK-2940,1910,35.89,RECEIVED,2025-11-25,2025-12-20,
Theta Electronics,ELEC-3184,1308,19.38,ORDERED,2025-04-03,2025-04-23,Quarterly restock
Alpha Components Ltd,AUDIO-1735,4342,2.93,CANCELLED,2026-04-19,2026-05-13,Backfill stock
Iota Hardware Solutions,BATT-2915,4230,15.32,ORDERED,2025-07-19,2025-07-29,Urgent requirement
Omicron Materials Tech,CASE-7085,1937,72.84,ORDERED,2026-03-04,2026-04-05,
Nu Systems Inc,SEAL-2862,4700,5.48,PENDING_APPROVAL,2026-03-21,2026-04-16,Standard order
Omicron Materials Tech,PRINT-0681,2155,12.73,ORDERED,2025-11-01,2025-12-16,
Xi Industrial Supply,CHARG-5255,4163,24.59,ORDERED,2025-12-19,2026-01-24,
Mu Engineering Corp,ELEC-4017,3738,31.64,APPROVED,2025-06-21,2025-07-27,Promotional order
Lambda Tools & Dies,BATT-8539,3853,16.09,CANCELLED,2025-06-27,2025-08-02,
Eta Packaging Co,FILTER-4212,4426,206.05,ORDERED,2025-11-09,2025-12-24,Backfill stock
Eta Packaging Co,CASE-5616,2303,123.51,RECEIVED,2025-01-31,2025-02-08,Quarterly restock
Lambda Tools & Dies,ELEC-4920,1964,6.52,CANCELLED,2025-10-28,2025-11-26,Promotional order
Iota Hardware Solutions,CART-2822,1811,11.61,APPROVED,2025-12-07,2025-12-29,Promotional order
Zeta Fabrication,PACK-6836,4266,71.65,CANCELLED,2026-06-21,2026-08-05,
Xi Industrial Supply,PACK-7935,3069,23.44,RECEIVED,2025-06-02,2025-06-09,Promotional order
Xi Industrial Supply,SCAN-8965,55,29.72,CANCELLED,2026-04-23,2026-05-25,Standard order
Nu Systems Inc,SCAN-1278,3043,5.95,DRAFT,2025-04-12,2025-05-08,Standard order
Beta Manufacturing Inc,TOOL-5835,4378,27.68,CANCELLED,2025-06-07,2025-06-27,Standard order
Zeta Fabrication,AUDIO-9987,2289,61.16,DRAFT,2026-01-02,2026-02-12,
Omicron Materials Tech,PACK-5536,369,108.25,ORDERED,2025-07-26,2025-09-09,
Omicron Materials Tech,PRINT-5969,235,6.05,CANCELLED,2025-05-21,2025-06-04,
Beta Manufacturing Inc,GADGET-9890,4610,15.46,RECEIVED,2025-09-29,2025-10-24,Promotional order
Alpha Components Ltd,GADGET-2280,3813,13.35,CANCELLED,2025-01-15,2025-02-15,
Eta Packaging Co,RACK-4737,1246,19.82,RECEIVED,2025-07-13,2025-08-24,Urgent requirement
Xi Industrial Supply,PRINT-8621,1468,7.72,PENDING_APPROVAL,2026-02-08,2026-03-15,
Mu Engineering Corp,AUDIO-1646,768,20.21,RECEIVED,2025-03-04,2025-04-09,
Delta Parts Supply,SCAN-8241,3947,17.07,APPROVED,2025-07-10,2025-08-13,Backfill stock
Gamma Raw Materials,RACK-3617,301,7.20,CANCELLED,2025-09-21,2025-10-22,Standard order
Epsilon Industrial,LIGHT-8294,1702,19.81,DRAFT,2026-02-27,2026-04-06,Backfill stock
Mu Engineering Corp,CABLE-8851,4924,34.89,CANCELLED,2025-02-22,2025-03-23,Backfill stock
Lambda Tools & Dies,GLOVE-4253,2066,292.99,APPROVED,2026-05-16,2026-06-13,Quarterly restock
Nu Systems Inc,UNIF-9658,4017,63.63,APPROVED,2026-04-15,2026-05-28,Quarterly restock
Gamma Raw Materials,CASE-5569,2874,9.11,RECEIVED,2025-10-14,2025-10-30,Standard order
Alpha Components Ltd,WIDGET-1848,2509,233.23,ORDERED,2025-05-02,2025-05-16,
Theta Electronics,UNIF-5272,2341,4.63,RECEIVED,2025-02-02,2025-03-03,
Mu Engineering Corp,SCAN-8953,3165,7.91,RECEIVED,2026-03-18,2026-05-02,Quarterly restock
Xi Industrial Supply,LIGHT-3882,4690,21.00,RECEIVED,2025-01-09,2025-01-18,Quarterly restock
Lambda Tools & Dies,PACK-5755,1650,63.03,RECEIVED,2025-07-07,2025-08-06,
Mu Engineering Corp,LIGHT-7446,4043,15.79,CANCELLED,2026-01-03,2026-01-20,Backfill stock
Zeta Fabrication,UNIF-8020,311,29.98,DRAFT,2025-04-30,2025-05-11,
Zeta Fabrication,ELEC-8037,1996,17.73,PENDING_APPROVAL,2026-02-26,2026-03-14,Backfill stock
Xi Industrial Supply,RACK-2890,1068,15.64,ORDERED,2025-11-13,2025-12-09,Promotional order
Iota Hardware Solutions,GLOVE-8973,3946,44.23,DRAFT,2025-08-25,2025-09-21,Promotional order
Zeta Fabrication,UNIF-9577,736,43.70,CANCELLED,2025-10-13,2025-11-23,Quarterly restock
Zeta Fabrication,SEAL-2606,4014,19.57,CANCELLED,2025-10-15,2025-11-03,Promotional order
Xi Industrial Supply,ELEC-7053,725,5.39,PARTIAL,2025-05-25,2025-07-06,
Lambda Tools & Dies,CART-7793,4624,9.68,RECEIVED,2026-04-29,2026-06-05,
Beta Manufacturing Inc,FILTER-3642,3302,20.92,DRAFT,2026-03-27,2026-04-25,Urgent requirement
Xi Industrial Supply,PACK-6153,4906,28.17,RECEIVED,2025-05-12,2025-06-22,
Xi Industrial Supply,PACK-8487,2750,111.58,APPROVED,2025-03-22,2025-04-24,Backfill stock
Xi Industrial Supply,RACK-3877,1733,29.03,DRAFT,2025-03-31,2025-04-27,
Nu Systems Inc,PRINT-8879,2652,26.67,PENDING_APPROVAL,2026-02-01,2026-02-16,Standard order
Iota Hardware Solutions,GADGET-6442,130,123.75,ORDERED,2025-09-13,2025-09-30,Promotional order
Lambda Tools & Dies,PACK-2006,4554,34.40,PENDING_APPROVAL,2025-04-02,2025-05-06,
Eta Packaging Co,TOOL-3265,556,20.50,PENDING_APPROVAL,2026-06-12,2026-07-17,Standard order
Lambda Tools & Dies,CASE-8375,2418,35.43,APPROVED,2025-07-23,2025-07-31,Urgent requirement
Theta Electronics,PRINT-4789,2810,20.53,ORDERED,2025-10-25,2025-11-08,Backfill stock
Omicron Materials Tech,SEAL-5675,871,15.24,ORDERED,2025-09-08,2025-09-27,Quarterly restock
Omicron Materials Tech,PACK-3633,2034,6.58,APPROVED,2026-04-13,2026-05-12,
Mu Engineering Corp,UNIF-6222,3358,36.79,DRAFT,2025-07-11,2025-08-08,Urgent requirement
Theta Electronics,PACK-7008,3545,79.27,PARTIAL,2026-01-01,2026-01-09,
Mu Engineering Corp,CABLE-6989,720,36.31,PARTIAL,2026-02-24,2026-03-26,
Xi Industrial Supply,LIGHT-2228,3207,22.46,CANCELLED,2025-04-20,2025-05-13,Standard order
Gamma Raw Materials,CHARG-0230,2179,30.82,PARTIAL,2025-10-18,2025-11-26,Promotional order
Zeta Fabrication,RACK-6354,460,18.04,DRAFT,2025-06-09,2025-06-16,
Beta Manufacturing Inc,PACK-3551,4401,222.78,PENDING_APPROVAL,2025-05-29,2025-07-05,Standard order
Kappa Machinery Works,ELEC-8290,4903,109.46,PARTIAL,2025-04-19,2025-05-30,
Omicron Materials Tech,SCAN-2107,839,2.79,DRAFT,2026-06-22,2026-07-03,
Mu Engineering Corp,PACK-7481,3498,18.92,DRAFT,2026-06-17,2026-07-21,
Lambda Tools & Dies,FILTER-2051,1083,2.55,PARTIAL,2025-03-30,2025-04-27,Quarterly restock
Lambda Tools & Dies,UNIF-3684,1426,14.53,CANCELLED,2026-02-18,2026-03-24,
Nu Systems Inc,TOOL-7988,4057,24.93,DRAFT,2026-04-17,2026-05-12,Promotional order
Beta Manufacturing Inc,AUDIO-5344,1177,16.05,ORDERED,2025-07-06,2025-08-04,
Kappa Machinery Works,AUDIO-8059,3515,4.33,CANCELLED,2026-06-16,2026-07-01,
Eta Packaging Co,SEAL-5531,953,5.97,DRAFT,2026-04-12,2026-04-29,
Beta Manufacturing Inc,FILTER-4127,4431,28.95,PARTIAL,2025-04-06,2025-04-25,Backfill stock
Beta Manufacturing Inc,AUDIO-5469,242,26.41,ORDERED,2025-01-13,2025-02-19,Backfill stock
Kappa Machinery Works,SEAL-8275,3662,29.34,RECEIVED,2025-10-30,2025-12-03,
Epsilon Industrial,CHARG-8829,1216,33.95,CANCELLED,2026-05-16,2026-06-05,Quarterly restock
Beta Manufacturing Inc,CABLE-5406,2720,17.54,ORDERED,2026-04-28,2026-05-22,Urgent requirement
Omicron Materials Tech,PACK-0952,1835,42.12,PENDING_APPROVAL,2025-11-14,2025-12-15,
Alpha Components Ltd,CART-6813,2697,3.14,ORDERED,2025-08-13,2025-09-23,
Nu Systems Inc,CHARG-4804,3976,12.46,APPROVED,2025-03-30,2025-04-16,
Mu Engineering Corp,AUDIO-8498,2089,25.77,DRAFT,2025-01-27,2025-03-02,
Nu Systems Inc,LABEL-2218,3699,3.40,APPROVED,2026-03-08,2026-03-25,Urgent requirement
Omicron Materials Tech,SEAL-8173,453,130.13,PENDING_APPROVAL,2025-08-08,2025-09-08,
Xi Industrial Supply,GLOVE-7441,2146,25.61,DRAFT,2025-09-15,2025-10-04,
Omicron Materials Tech,ELEC-1835,4307,17.91,DRAFT,2025-01-13,2025-02-02,Backfill stock
Alpha Components Ltd,SCAN-4023,2797,15.06,RECEIVED,2025-04-27,2025-06-04,Promotional order
Lambda Tools & Dies,CABLE-0869,1779,19.97,ORDERED,2026-02-11,2026-03-15,Backfill stock
Omicron Materials Tech,SEAL-5893,840,20.22,ORDERED,2026-06-05,2026-07-14,
Mu Engineering Corp,PRINT-7652,4358,263.75,APPROVED,2025-12-25,2026-02-02,
Kappa Machinery Works,PACK-7623,4809,9.38,APPROVED,2025-03-30,2025-05-05,Backfill stock
Eta Packaging Co,TOOL-0888,3126,203.13,PENDING_APPROVAL,2025-08-19,2025-10-01,
Beta Manufacturing Inc,WIDGET-8830,1722,10.76,RECEIVED,2026-06-14,2026-07-16,
Iota Hardware Solutions,SEAL-8881,4730,8.28,DRAFT,2025-01-22,2025-02-12,Quarterly restock
Eta Packaging Co,FILTER-0991,1920,43.16,PENDING_APPROVAL,2025-09-25,2025-10-08,Standard order
Epsilon Industrial,BATT-0645,3678,2.84,DRAFT,2025-08-17,2025-09-06,
Gamma Raw Materials,RACK-4625,4966,5.19,DRAFT,2025-09-12,2025-10-25,
Xi Industrial Supply,TOOL-0497,4473,16.71,RECEIVED,2025-06-18,2025-08-01,
Alpha Components Ltd,CASE-5200,1737,10.64,PARTIAL,2026-03-31,2026-05-02,Standard order
Gamma Raw Materials,RACK-7351,3418,14.25,DRAFT,2025-07-20,2025-08-17,Backfill stock
Lambda Tools & Dies,FILTER-6620,609,16.32,CANCELLED,2025-05-04,2025-06-02,Promotional order
Omicron Materials Tech,UNIF-3133,2541,296.42,RECEIVED,2026-01-07,2026-01-29,Standard order
Gamma Raw Materials,GADGET-0523,4308,19.32,DRAFT,2025-11-16,2025-11-26,Urgent requirement
Xi Industrial Supply,BATT-4583,901,15.23,ORDERED,2025-09-15,2025-10-03,Promotional order
Nu Systems Inc,GLOVE-4068,1833,39.68,CANCELLED,2025-06-02,2025-06-28,Standard order
Epsilon Industrial,PRINT-7207,1065,17.74,ORDERED,2026-02-07,2026-02-24,Standard order
Nu Systems Inc,GLOVE-7685,2461,7.99,RECEIVED,2025-07-01,2025-07-14,Urgent requirement
Xi Industrial Supply,ELEC-8111,1162,17.35,PARTIAL,2025-05-17,2025-05-29,
Omicron Materials Tech,TOOL-7867,2811,12.29,ORDERED,2026-03-08,2026-03-30,Standard order
Delta Parts Supply,CABLE-4487,544,15.51,CANCELLED,2025-03-24,2025-04-26,
Beta Manufacturing Inc,SCAN-6495,3262,59.55,APPROVED,2025-12-26,2026-02-01,Urgent requirement
Eta Packaging Co,FILTER-8705,3601,16.80,CANCELLED,2025-08-08,2025-09-12,
Mu Engineering Corp,LABEL-7578,840,5.09,DRAFT,2025-07-19,2025-09-02,Standard order
Theta Electronics,PACK-7837,58,15.81,DRAFT,2025-05-11,2025-05-28,
Kappa Machinery Works,SEAL-2635,2316,21.02,ORDERED,2026-06-02,2026-06-27,Promotional order
Alpha Components Ltd,WIDGET-3595,4515,15.00,CANCELLED,2025-02-10,2025-03-15,Backfill stock
Eta Packaging Co,FILTER-9242,2569,56.36,CANCELLED,2026-03-01,2026-04-11,Backfill stock
Kappa Machinery Works,PRINT-8376,4035,15.61,PENDING_APPROVAL,2025-07-02,2025-07-09,Promotional order
Mu Engineering Corp,RACK-2314,1416,6.89,ORDERED,2026-05-29,2026-07-05,Urgent requirement
Lambda Tools & Dies,LIGHT-7708,3056,6.23,RECEIVED,2026-05-18,2026-06-28,
Nu Systems Inc,CASE-5369,4015,7.79,PENDING_APPROVAL,2025-01-05,2025-02-18,Quarterly restock
Epsilon Industrial,SEAL-4717,1730,13.09,DRAFT,2025-08-16,2025-08-31,Quarterly restock
Gamma Raw Materials,PACK-7545,3086,10.16,PENDING_APPROVAL,2025-06-17,2025-07-20,
Epsilon Industrial,AUDIO-6119,74,88.96,APPROVED,2026-01-14,2026-02-18,Promotional order
Beta Manufacturing Inc,CASE-9341,1284,7.26,PENDING_APPROVAL,2025-09-17,2025-10-25,
Eta Packaging Co,WIDGET-3301,4600,7.57,PARTIAL,2025-03-02,2025-04-08,Standard order
Alpha Components Ltd,GADGET-2368,2139,30.30,CANCELLED,2026-06-25,2026-07-29,Backfill stock
Beta Manufacturing Inc,PRINT-7534,4863,116.89,CANCELLED,2026-02-03,2026-03-12,Promotional order
Lambda Tools & Dies,PRINT-3668,1713,112.74,RECEIVED,2025-07-20,2025-08-29,
Xi Industrial Supply,SEAL-9076,4247,19.13,CANCELLED,2026-02-13,2026-03-25,Quarterly restock
Zeta Fabrication,UNIF-2012,3715,19.17,RECEIVED,2026-03-21,2026-05-01,Standard order
Omicron Materials Tech,PACK-5712,1528,6.07,DRAFT,2026-05-18,2026-07-02,Promotional order
Theta Electronics,CART-8037,1957,212.38,DRAFT,2026-06-20,2026-06-28,
Iota Hardware Solutions,CHARG-9779,3358,11.99,PENDING_APPROVAL,2025-10-24,2025-11-11,
Alpha Components Ltd,CART-6466,3848,8.08,PENDING_APPROVAL,2026-02-23,2026-03-29,Quarterly restock
Iota Hardware Solutions,TOOL-0927,3732,9.51,RECEIVED,2026-03-31,2026-05-11,
Theta Electronics,AUDIO-9860,3999,45.58,DRAFT,2025-02-16,2025-03-17,
Epsilon Industrial,SEAL-8215,4753,86.87,DRAFT,2026-01-06,2026-01-26,
Epsilon Industrial,GADGET-6955,1342,19.26,DRAFT,2025-02-26,2025-03-20,Promotional order
Gamma Raw Materials,CHARG-9112,3918,13.12,APPROVED,2025-04-22,2025-06-01,Backfill stock
Nu Systems Inc,SCAN-1820,4445,3.30,DRAFT,2025-08-05,2025-08-21,Backfill stock
Alpha Components Ltd,PACK-3903,3034,9.81,ORDERED,2026-02-17,2026-03-09,
Theta Electronics,CABLE-6501,4337,24.41,ORDERED,2025-05-24,2025-07-05,Backfill stock
Xi Industrial Supply,AUDIO-8326,2957,9.98,CANCELLED,2025-01-09,2025-01-17,
Eta Packaging Co,RACK-2639,2243,167.84,APPROVED,2025-01-17,2025-02-13,Standard order
Xi Industrial Supply,CHARG-0471,2593,19.00,RECEIVED,2025-08-17,2025-09-15,
Zeta Fabrication,CHARG-3698,2401,26.81,ORDERED,2025-10-28,2025-12-10,
Beta Manufacturing Inc,GADGET-7985,4141,101.60,ORDERED,2026-04-13,2026-04-29,Quarterly restock
Gamma Raw Materials,CABLE-7034,2568,7.36,DRAFT,2025-11-28,2025-12-20,Promotional order
Alpha Components Ltd,WIDGET-2421,4119,19.22,CANCELLED,2026-01-08,2026-01-18,
Xi Industrial Supply,SEAL-7707,3629,87.48,PARTIAL,2025-02-09,2025-03-08,Standard order
Epsilon Industrial,PACK-3938,4589,7.14,RECEIVED,2025-01-11,2025-01-25,
Iota Hardware Solutions,TOOL-2539,357,14.05,DRAFT,2025-02-25,2025-03-05,
Kappa Machinery Works,SCAN-1326,2900,5.30,APPROVED,2025-08-13,2025-09-26,Quarterly restock
Xi Industrial Supply,CABLE-4234,2148,28.26,ORDERED,2025-12-13,2025-12-31,Promotional order
Gamma Raw Materials,CABLE-1572,2537,179.13,APPROVED,2025-10-14,2025-10-26,Promotional order
Kappa Machinery Works,RACK-9415,3110,125.12,ORDERED,2026-02-16,2026-03-31,Promotional order
Delta Parts Supply,GADGET-3908,4568,17.37,PARTIAL,2025-12-01,2026-01-14,Urgent requirement
Theta Electronics,WIDGET-5722,3616,63.96,DRAFT,2025-01-14,2025-02-17,Promotional order
Eta Packaging Co,ELEC-1044,1198,10.26,APPROVED,2025-02-12,2025-03-23,Standard order
Beta Manufacturing Inc,LABEL-3126,253,6.95,PARTIAL,2025-08-23,2025-10-02,Quarterly restock
Beta Manufacturing Inc,CHARG-5145,1134,146.44,CANCELLED,2026-06-16,2026-07-30,
Gamma Raw Materials,UNIF-9442,1971,25.02,PENDING_APPROVAL,2025-10-21,2025-10-31,
Gamma Raw Materials,TOOL-8233,2992,34.80,CANCELLED,2025-02-23,2025-04-06,Promotional order
Mu Engineering Corp,ELEC-9355,836,7.15,DRAFT,2025-09-26,2025-11-06,
Mu Engineering Corp,UNIF-9294,3499,27.15,PARTIAL,2025-03-11,2025-04-22,Backfill stock
Epsilon Industrial,WIDGET-9736,2030,176.62,CANCELLED,2026-03-15,2026-04-13,Backfill stock
Theta Electronics,TOOL-3060,4142,170.66,DRAFT,2026-01-17,2026-02-09,
Epsilon Industrial,UNIF-7733,352,17.99,PENDING_APPROVAL,2025-08-19,2025-08-27,Urgent requirement
Xi Industrial Supply,PACK-6431,105,198.65,APPROVED,2025-10-06,2025-11-07,Standard order
Zeta Fabrication,WIDGET-1596,1184,52.50,DRAFT,2026-03-04,2026-04-05,
Xi Industrial Supply,PACK-7091,502,4.26,APPROVED,2025-01-22,2025-03-02,
Lambda Tools & Dies,PACK-7501,3557,18.63,PARTIAL,2025-08-06,2025-09-12,Promotional order
Kappa Machinery Works,ELEC-9861,2576,13.59,ORDERED,2025-06-05,2025-07-18,Urgent requirement
Mu Engineering Corp,LIGHT-5335,1298,20.20,CANCELLED,2026-02-01,2026-02-09,Standard order
Alpha Components Ltd,CABLE-7465,3511,14.98,CANCELLED,2025-11-12,2025-11-30,Backfill stock
Lambda Tools & Dies,PRINT-3734,1429,15.75,CANCELLED,2025-02-20,2025-03-07,
Lambda Tools & Dies,SEAL-2190,1971,14.69,RECEIVED,2025-04-22,2025-05-13,Promotional order
Alpha Components Ltd,SCAN-8803,2043,31.46,APPROVED,2025-06-16,2025-07-08,
Iota Hardware Solutions,WIDGET-3397,2578,5.98,PENDING_APPROVAL,2025-07-05,2025-08-13,
Epsilon Industrial,PRINT-2514,3035,2.78,PARTIAL,2026-02-07,2026-03-12,Urgent requirement
Mu Engineering Corp,FILTER-9074,383,55.33,APPROVED,2025-12-25,2026-01-14,Standard order
Zeta Fabrication,GLOVE-6103,485,21.39,APPROVED,2025-08-15,2025-09-25,
Theta Electronics,CART-1746,4636,184.43,ORDERED,2026-04-10,2026-05-04,Standard order
Nu Systems Inc,CASE-8692,4306,31.68,CANCELLED,2025-04-27,2025-05-22,Backfill stock
Eta Packaging Co,SEAL-1519,4937,63.20,DRAFT,2026-04-11,2026-04-23,Urgent requirement
Alpha Components Ltd,SEAL-5955,3449,7.85,ORDERED,2026-03-15,2026-04-25,
Epsilon Industrial,FILTER-5449,1974,241.64,PENDING_APPROVAL,2026-05-25,2026-07-02,
Eta Packaging Co,PACK-9904,2935,467.91,PENDING_APPROVAL,2025-08-23,2025-09-16,Backfill stock
Omicron Materials Tech,CABLE-3818,4646,29.76,PENDING_APPROVAL,2025-07-08,2025-08-08,
Epsilon Industrial,UNIF-5075,932,9.53,DRAFT,2025-11-16,2025-12-17,Quarterly restock
Iota Hardware Solutions,UNIF-3829,3358,20.33,PARTIAL,2025-03-03,2025-04-02,Promotional order
Delta Parts Supply,TOOL-5911,722,197.96,RECEIVED,2025-07-21,2025-08-19,
Beta Manufacturing Inc,ELEC-7280,89,59.64,APPROVED,2026-05-02,2026-05-21,Backfill stock
Epsilon Industrial,LABEL-9465,1618,16.27,PENDING_APPROVAL,2025-08-21,2025-09-04,
Nu Systems Inc,PACK-1248,3386,226.84,PENDING_APPROVAL,2025-12-21,2026-01-30,
Lambda Tools & Dies,UNIF-4479,1664,29.90,RECEIVED,2025-11-18,2025-12-26,Backfill stock
Alpha Components Ltd,UNIF-7331,2568,17.05,CANCELLED,2026-04-08,2026-04-27,
Gamma Raw Materials,RACK-6880,904,14.08,APPROVED,2026-03-26,2026-05-03,Urgent requirement
Eta Packaging Co,ELEC-8304,2039,10.17,APPROVED,2025-05-08,2025-05-20,Urgent requirement
Kappa Machinery Works,FILTER-4272,2784,24.93,RECEIVED,2025-05-10,2025-06-04,Standard order
Zeta Fabrication,CABLE-8420,3588,104.00,APPROVED,2025-01-07,2025-01-18,
Xi Industrial Supply,TOOL-7397,442,160.04,APPROVED,2025-05-01,2025-05-27,Backfill stock
Zeta Fabrication,LIGHT-4022,4082,4.26,DRAFT,2025-04-09,2025-05-09,
Kappa Machinery Works,ELEC-4524,3616,24.98,APPROVED,2025-03-20,2025-04-18,
Delta Parts Supply,LIGHT-7786,3535,8.17,RECEIVED,2025-04-01,2025-04-20,Backfill stock
Beta Manufacturing Inc,PRINT-8052,4201,36.27,DRAFT,2026-05-14,2026-05-28,
Theta Electronics,PRINT-1674,2500,3.15,PARTIAL,2026-01-03,2026-01-16,Backfill stock
Kappa Machinery Works,PRINT-5885,2727,166.48,PARTIAL,2026-05-14,2026-06-03,
Iota Hardware Solutions,GADGET-7652,1482,64.63,RECEIVED,2025-03-21,2025-04-30,Urgent requirement
Iota Hardware Solutions,CHARG-3953,4313,10.38,ORDERED,2025-11-15,2025-12-25,Quarterly restock
Xi Industrial Supply,LABEL-2784,1650,173.11,CANCELLED,2025-02-02,2025-03-10,Urgent requirement
Nu Systems Inc,CASE-6311,2306,21.06,PENDING_APPROVAL,2025-01-23,2025-01-30,
Lambda Tools & Dies,WIDGET-4288,2979,36.09,PARTIAL,2025-02-18,2025-03-29,Standard order
Xi Industrial Supply,UNIF-7855,1940,15.39,PENDING_APPROVAL,2026-05-20,2026-06-20,Promotional order
Mu Engineering Corp,CABLE-7488,1551,52.95,ORDERED,2025-08-16,2025-09-19,
Alpha Components Ltd,CHARG-3401,1247,143.14,DRAFT,2025-12-06,2026-01-19,Urgent requirement
Epsilon Industrial,LABEL-3831,2971,17.45,PENDING_APPROVAL,2025-06-18,2025-07-21,
Epsilon Industrial,RACK-3376,479,4.28,PARTIAL,2026-04-25,2026-05-14,Backfill stock
Xi Industrial Supply,PACK-1582,1645,4.21,PARTIAL,2026-03-21,2026-04-15,Quarterly restock
Eta Packaging Co,GADGET-6224,557,11.74,PARTIAL,2026-04-15,2026-05-02,
Epsilon Industrial,WIDGET-5149,784,23.88,PENDING_APPROVAL,2025-04-28,2025-05-29,Backfill stock
Beta Manufacturing Inc,TOOL-9962,779,29.20,ORDERED,2025-11-14,2025-11-24,Quarterly restock
Mu Engineering Corp,PACK-4728,1469,6.12,ORDERED,2025-05-11,2025-06-21,Quarterly restock
Gamma Raw Materials,LIGHT-8531,2177,17.69,ORDERED,2025-07-12,2025-08-22,
Omicron Materials Tech,RACK-4926,3058,269.34,PENDING_APPROVAL,2025-11-30,2025-12-11,
Epsilon Industrial,GLOVE-5277,1491,61.30,ORDERED,2026-04-15,2026-05-14,
Zeta Fabrication,FILTER-1674,1380,19.63,CANCELLED,2026-06-10,2026-07-08,
Delta Parts Supply,CART-3083,3557,14.44,APPROVED,2026-04-10,2026-04-20,Promotional order
Beta Manufacturing Inc,WIDGET-1283,1423,10.24,PENDING_APPROVAL,2025-08-18,2025-09-27,
Zeta Fabrication,LIGHT-4289,1512,41.42,RECEIVED,2026-06-08,2026-06-28,
Epsilon Industrial,FILTER-7440,2413,97.75,RECEIVED,2025-08-25,2025-09-28,Promotional order
Iota Hardware Solutions,CABLE-5932,1284,6.01,PENDING_APPROVAL,2025-02-06,2025-02-25,
Mu Engineering Corp,AUDIO-5565,1466,42.33,ORDERED,2025-07-20,2025-08-14,
Eta Packaging Co,WIDGET-7087,4412,102.96,CANCELLED,2025-06-05,2025-06-28,
Beta Manufacturing Inc,PACK-7796,2678,3.46,DRAFT,2025-02-17,2025-02-28,Urgent requirement
Nu Systems Inc,LIGHT-0332,1379,17.33,RECEIVED,2025-05-24,2025-06-13,
Zeta Fabrication,ELEC-2931,840,3.11,PENDING_APPROVAL,2025-05-20,2025-06-08,Quarterly restock
Iota Hardware Solutions,PACK-4250,858,26.78,PENDING_APPROVAL,2026-02-24,2026-03-17,Quarterly restock
Eta Packaging Co,CABLE-1865,2466,20.87,ORDERED,2025-04-19,2025-05-17,Urgent requirement
Epsilon Industrial,FILTER-2043,3267,15.25,ORDERED,2026-05-21,2026-07-02,Urgent requirement
Nu Systems Inc,TOOL-2043,2941,56.71,PENDING_APPROVAL,2026-03-09,2026-04-19,Backfill stock
Gamma Raw Materials,LIGHT-2866,3271,28.05,CANCELLED,2025-10-03,2025-11-05,Urgent requirement
Delta Parts Supply,LIGHT-6339,4659,25.03,CANCELLED,2025-12-16,2026-01-20,Standard order
Kappa Machinery Works,LABEL-4053,1491,32.43,DRAFT,2025-12-29,2026-01-23,
Zeta Fabrication,CABLE-7440,4630,10.96,CANCELLED,2025-06-15,2025-07-16,Urgent requirement
Omicron Materials Tech,BATT-3527,2751,6.85,RECEIVED,2025-08-27,2025-09-03,
Iota Hardware Solutions,SCAN-1283,4962,4.22,RECEIVED,2026-03-24,2026-05-01,
Kappa Machinery Works,RACK-9941,4688,20.00,DRAFT,2025-05-07,2025-06-19,Backfill stock
Iota Hardware Solutions,LABEL-4471,3234,29.33,RECEIVED,2025-03-27,2025-05-11,Urgent requirement
Alpha Components Ltd,CABLE-4737,795,4.90,ORDERED,2025-12-01,2026-01-10,
Omicron Materials Tech,LIGHT-7424,1776,16.53,PENDING_APPROVAL,2026-04-30,2026-05-09,Quarterly restock
Iota Hardware Solutions,RACK-9905,3341,3.55,PARTIAL,2026-03-20,2026-04-30,
Xi Industrial Supply,CART-4401,1791,37.59,PENDING_APPROVAL,2025-03-10,2025-03-20,
Zeta Fabrication,TOOL-4993,2123,5.29,PARTIAL,2026-02-17,2026-03-19,Backfill stock
Mu Engineering Corp,LIGHT-1281,199,17.65,ORDERED,2025-03-09,2025-03-18,Promotional order
Lambda Tools & Dies,GADGET-2358,3826,19.29,DRAFT,2025-12-05,2026-01-16,
Kappa Machinery Works,LABEL-9960,1598,21.50,APPROVED,2025-07-28,2025-08-20,Quarterly restock
Delta Parts Supply,ELEC-4289,4697,16.61,PENDING_APPROVAL,2025-04-14,2025-05-01,
Mu Engineering Corp,CART-7099,421,6.41,CANCELLED,2025-01-06,2025-02-14,Standard order
Iota Hardware Solutions,GADGET-4466,441,154.45,CANCELLED,2025-04-29,2025-05-26,Standard order
Nu Systems Inc,CASE-1702,2440,21.22,DRAFT,2025-12-24,2025-12-31,Standard order
Mu Engineering Corp,AUDIO-4363,3975,204.54,PENDING_APPROVAL,2026-02-16,2026-03-09,
Epsilon Industrial,TOOL-2993,1457,2.76,PENDING_APPROVAL,2025-11-24,2025-12-18,Promotional order
Mu Engineering Corp,RACK-2922,2387,16.58,RECEIVED,2026-02-12,2026-02-19,Backfill stock
Gamma Raw Materials,CHARG-0429,4448,18.39,RECEIVED,2025-10-11,2025-10-26,
Lambda Tools & Dies,AUDIO-9359,3328,9.54,CANCELLED,2025-07-10,2025-08-14,
Iota Hardware Solutions,BATT-0314,4706,26.75,PARTIAL,2025-04-15,2025-05-02,Quarterly restock
Epsilon Industrial,PACK-6387,1057,25.94,CANCELLED,2025-02-10,2025-03-27,
Alpha Components Ltd,BATT-0132,3884,202.94,PARTIAL,2026-03-22,2026-04-13,
Xi Industrial Supply,ELEC-5213,684,44.44,RECEIVED,2025-08-07,2025-08-29,Standard order
Theta Electronics,GADGET-2217,2919,16.79,PARTIAL,2026-05-01,2026-05-08,
Alpha Components Ltd,CASE-3862,3881,13.14,PARTIAL,2026-04-17,2026-05-05,
Delta Parts Supply,LABEL-1416,4083,7.93,DRAFT,2025-11-28,2025-12-19,Promotional order
Delta Parts Supply,WIDGET-0122,1685,14.01,ORDERED,2026-03-02,2026-03-26,
Nu Systems Inc,CHARG-1101,1613,93.14,DRAFT,2026-01-01,2026-01-13,
Iota Hardware Solutions,AUDIO-9998,2431,165.03,RECEIVED,2025-11-05,2025-11-22,Quarterly restock
Eta Packaging Co,PRINT-7084,1667,17.75,PENDING_APPROVAL,2025-01-19,2025-03-04,Urgent requirement
Delta Parts Supply,PRINT-5099,4706,30.32,APPROVED,2026-01-26,2026-02-23,Promotional order
Xi Industrial Supply,PACK-7080,4114,16.55,APPROVED,2026-03-05,2026-03-24,
Beta Manufacturing Inc,CASE-5322,1432,15.08,RECEIVED,2025-05-19,2025-06-08,Quarterly restock
Omicron Materials Tech,FILTER-3545,2579,18.35,RECEIVED,2025-07-11,2025-08-25,
Nu Systems Inc,SCAN-9309,1784,23.36,ORDERED,2025-12-30,2026-02-03,
Zeta Fabrication,CART-3931,1862,3.26,RECEIVED,2026-05-24,2026-05-31,
Epsilon Industrial,WIDGET-7098,2412,16.07,RECEIVED,2025-03-20,2025-04-16,Backfill stock
Alpha Components Ltd,CABLE-5050,2190,6.00,DRAFT,2026-04-09,2026-05-07,Urgent requirement
Beta Manufacturing Inc,PACK-3225,1211,15.80,PENDING_APPROVAL,2025-10-03,2025-11-15,Standard order
Epsilon Industrial,ELEC-0271,2886,9.28,PARTIAL,2026-02-11,2026-03-02,
Omicron Materials Tech,CASE-2739,3854,7.36,PENDING_APPROVAL,2026-02-20,2026-03-15,
Epsilon Industrial,LIGHT-6350,4034,3.00,CANCELLED,2026-05-08,2026-06-11,
Lambda Tools & Dies,CASE-6388,3976,256.99,PENDING_APPROVAL,2026-01-31,2026-03-17,
Mu Engineering Corp,LIGHT-0079,779,39.70,PENDING_APPROVAL,2026-05-15,2026-06-26,Quarterly restock
Nu Systems Inc,ELEC-7409,59,63.38,ORDERED,2026-05-11,2026-05-25,
Beta Manufacturing Inc,CASE-9879,2369,376.92,PARTIAL,2025-12-27,2026-01-10,Backfill stock
Mu Engineering Corp,LABEL-5812,3510,40.15,RECEIVED,2025-02-12,2025-03-04,Backfill stock
Kappa Machinery Works,FILTER-2462,3313,12.68,PARTIAL,2025-07-08,2025-07-25,
Kappa Machinery Works,FILTER-6619,636,25.00,CANCELLED,2025-01-12,2025-02-24,
Eta Packaging Co,TOOL-6040,1440,518.45,PENDING_APPROVAL,2025-12-12,2026-01-16,Urgent requirement
Omicron Materials Tech,CART-8269,2794,65.43,DRAFT,2025-07-15,2025-07-25,Promotional order
Epsilon Industrial,GLOVE-1167,691,12.29,ORDERED,2025-08-06,2025-08-14,Quarterly restock
Omicron Materials Tech,AUDIO-8654,3020,231.59,APPROVED,2025-04-10,2025-04-25,Quarterly restock
Alpha Components Ltd,LABEL-2498,1255,24.54,PENDING_APPROVAL,2025-09-06,2025-10-06,Quarterly restock
Delta Parts Supply,AUDIO-9443,4481,481.63,DRAFT,2025-04-19,2025-05-03,Promotional order
Lambda Tools & Dies,SCAN-9545,4122,13.13,PENDING_APPROVAL,2026-04-14,2026-05-29,Quarterly restock
Theta Electronics,CART-7665,3245,22.06,CANCELLED,2025-06-10,2025-07-02,
Alpha Components Ltd,PRINT-9034,2450,12.78,CANCELLED,2026-01-28,2026-03-02,
Beta Manufacturing Inc,CASE-4190,2181,16.39,ORDERED,2025-10-05,2025-10-24,Urgent requirement
Omicron Materials Tech,PACK-2544,240,6.82,APPROVED,2025-11-02,2025-12-15,Standard order
Kappa Machinery Works,UNIF-7194,1206,32.59,PARTIAL,2026-06-11,2026-06-23,Standard order
Delta Parts Supply,WIDGET-0078,4291,13.42,RECEIVED,2025-08-12,2025-09-25,Standard order
Epsilon Industrial,TOOL-9490,4553,37.18,DRAFT,2026-03-25,2026-05-08,
Delta Parts Supply,LIGHT-0347,2815,26.98,CANCELLED,2025-10-14,2025-11-26,
Alpha Components Ltd,CASE-4635,2008,58.58,CANCELLED,2025-06-20,2025-08-02,Urgent requirement
Gamma Raw Materials,UNIF-4604,2210,37.74,ORDERED,2025-03-30,2025-04-30,Promotional order
Lambda Tools & Dies,SEAL-2931,2286,37.79,PARTIAL,2025-12-05,2025-12-19,
Delta Parts Supply,CABLE-3941,4194,23.05,DRAFT,2025-11-24,2025-12-31,Backfill stock
Beta Manufacturing Inc,GADGET-3980,3948,3.50,PENDING_APPROVAL,2026-03-01,2026-03-29,Backfill stock
Beta Manufacturing Inc,FILTER-2108,3000,132.61,APPROVED,2025-03-27,2025-04-30,Promotional order
Zeta Fabrication,GLOVE-8471,650,32.55,CANCELLED,2025-10-12,2025-11-15,
Xi Industrial Supply,UNIF-4501,3972,29.63,PENDING_APPROVAL,2025-03-02,2025-03-15,Urgent requirement
Omicron Materials Tech,BATT-9895,877,18.90,CANCELLED,2025-12-16,2025-12-30,Standard order
Iota Hardware Solutions,PACK-8613,715,38.15,DRAFT,2025-04-07,2025-05-02,
Alpha Components Ltd,CABLE-3135,3086,130.04,RECEIVED,2026-02-11,2026-03-22,Quarterly restock
Iota Hardware Solutions,RACK-0242,847,17.76,PARTIAL,2025-04-27,2025-05-12,Promotional order
Zeta Fabrication,SEAL-3733,718,9.72,ORDERED,2026-02-09,2026-02-19,Quarterly restock
Theta Electronics,ELEC-6506,4645,163.50,PARTIAL,2025-10-09,2025-11-14,
Beta Manufacturing Inc,CART-1257,1678,133.77,ORDERED,2026-03-31,2026-04-09,
Beta Manufacturing Inc,WIDGET-4187,3935,53.84,RECEIVED,2025-02-01,2025-02-19,Quarterly restock
Beta Manufacturing Inc,LIGHT-1864,694,25.54,PENDING_APPROVAL,2025-11-15,2025-11-27,Backfill stock
Mu Engineering Corp,AUDIO-0343,2294,10.38,PARTIAL,2026-04-21,2026-06-01,Backfill stock
Gamma Raw Materials,FILTER-9218,3430,41.40,CANCELLED,2025-01-17,2025-01-25,Standard order
Kappa Machinery Works,LABEL-6878,4358,60.10,APPROVED,2026-01-04,2026-01-11,Urgent requirement
Epsilon Industrial,ELEC-5965,781,16.48,DRAFT,2025-08-08,2025-08-16,
Nu Systems Inc,PACK-6393,627,9.01,RECEIVED,2025-04-19,2025-05-20,
Iota Hardware Solutions,CHARG-6780,2596,160.46,PENDING_APPROVAL,2025-02-01,2025-03-18,
Gamma Raw Materials,UNIF-5072,4336,45.21,PARTIAL,2026-02-03,2026-03-18,
Kappa Machinery Works,CABLE-3709,2350,26.06,DRAFT,2025-12-01,2025-12-31,
Gamma Raw Materials,CASE-8167,3828,49.98,PENDING_APPROVAL,2026-02-24,2026-03-15,
Gamma Raw Materials,WIDGET-9551,659,2.40,RECEIVED,2025-10-07,2025-11-20,Backfill stock
Beta Manufacturing Inc,GLOVE-2582,1636,52.09,DRAFT,2025-03-06,2025-04-10,Urgent requirement
Mu Engineering Corp,PACK-6939,4367,6.05,ORDERED,2025-05-18,2025-05-31,
Nu Systems Inc,CART-9437,1815,3.76,APPROVED,2025-02-22,2025-03-20,
Alpha Components Ltd,PACK-7481,773,67.95,APPROVED,2026-02-02,2026-03-03,
Xi Industrial Supply,CHARG-1653,3559,28.73,ORDERED,2026-04-14,2026-04-27,
Theta Electronics,ELEC-1363,1023,7.95,ORDERED,2025-01-19,2025-02-01,Urgent requirement
Mu Engineering Corp,FILTER-8626,4692,33.17,PARTIAL,2026-03-09,2026-04-16,Quarterly restock
Nu Systems Inc,SEAL-2989,3011,16.02,ORDERED,2026-03-08,2026-03-20,
Alpha Components Ltd,AUDIO-3073,2894,75.54,PARTIAL,2025-09-22,2025-11-02,Urgent requirement
Xi Industrial Supply,UNIF-6846,587,16.77,CANCELLED,2026-06-13,2026-07-02,Urgent requirement
Xi Industrial Supply,CHARG-3345,2345,5.83,PARTIAL,2026-05-23,2026-07-03,
Delta Parts Supply,CABLE-2030,77,48.81,PENDING_APPROVAL,2025-08-11,2025-08-18,Urgent requirement
Epsilon Industrial,WIDGET-0778,2075,17.59,CANCELLED,2026-03-07,2026-04-05,Backfill stock
Xi Industrial Supply,RACK-0261,918,18.38,APPROVED,2026-03-20,2026-04-17,Urgent requirement
Gamma Raw Materials,PACK-7375,4541,12.22,RECEIVED,2025-02-17,2025-03-16,Urgent requirement
Gamma Raw Materials,LABEL-9861,4667,20.43,PENDING_APPROVAL,2026-02-09,2026-03-26,Standard order
Nu Systems Inc,SCAN-9427,962,9.95,CANCELLED,2026-06-19,2026-07-22,Backfill stock
Iota Hardware Solutions,CART-3076,3166,9.39,ORDERED,2025-03-23,2025-04-25,Promotional order
Eta Packaging Co,LABEL-7783,594,6.99,ORDERED,2025-11-22,2025-12-10,
Mu Engineering Corp,RACK-4902,1523,7.07,APPROVED,2025-10-06,2025-11-16,
Omicron Materials Tech,CART-8917,770,203.82,RECEIVED,2025-05-22,2025-06-14,
Xi Industrial Supply,BATT-7286,3919,63.76,CANCELLED,2026-04-29,2026-05-27,
Alpha Components Ltd,FILTER-7045,1385,20.65,CANCELLED,2025-03-24,2025-05-04,
Theta Electronics,UNIF-9695,3064,9.45,PARTIAL,2025-04-26,2025-06-08,Promotional order
Iota Hardware Solutions,LABEL-1020,3640,17.02,DRAFT,2025-11-02,2025-11-19,Urgent requirement
Beta Manufacturing Inc,AUDIO-4530,4456,19.90,RECEIVED,2025-06-28,2025-08-08,Standard order
Omicron Materials Tech,CASE-0273,2449,5.87,ORDERED,2026-03-24,2026-04-12,
Xi Industrial Supply,LABEL-3031,1816,3.19,ORDERED,2025-08-21,2025-09-11,Urgent requirement
Iota Hardware Solutions,RACK-0189,2031,20.86,APPROVED,2025-11-14,2025-12-16,Backfill stock
Nu Systems Inc,AUDIO-2927,564,77.35,PARTIAL,2025-11-26,2025-12-21,
Iota Hardware Solutions,SEAL-1667,4040,6.72,RECEIVED,2025-07-12,2025-07-22,
Kappa Machinery Works,WIDGET-9387,672,101.81,RECEIVED,2026-05-28,2026-06-21,
Theta Electronics,SEAL-1117,3862,11.68,APPROVED,2025-05-01,2025-05-13,Urgent requirement
Delta Parts Supply,PACK-6619,1385,29.78,ORDERED,2025-05-17,2025-05-28,Urgent requirement
Mu Engineering Corp,PRINT-9750,325,6.81,APPROVED,2026-04-10,2026-05-24,
Zeta Fabrication,WIDGET-0393,498,20.67,DRAFT,2025-12-19,2026-01-22,
Lambda Tools & Dies,AUDIO-0677,3116,21.71,ORDERED,2026-01-17,2026-02-20,Quarterly restock
Nu Systems Inc,BATT-0357,1391,33.08,PARTIAL,2025-07-03,2025-08-14,Promotional order
Kappa Machinery Works,WIDGET-5250,1638,4.86,RECEIVED,2025-08-21,2025-09-27,
Mu Engineering Corp,WIDGET-7478,1563,24.04,PENDING_APPROVAL,2025-06-06,2025-06-30,Promotional order
Xi Industrial Supply,CABLE-3727,3863,13.12,ORDERED,2026-05-19,2026-06-25,Backfill stock
Omicron Materials Tech,PACK-6357,4517,26.45,PENDING_APPROVAL,2025-10-11,2025-10-25,Backfill stock
Iota Hardware Solutions,CASE-2560,3478,178.61,PARTIAL,2026-06-05,2026-07-17,Urgent requirement
Omicron Materials Tech,GLOVE-7231,2990,12.90,APPROVED,2026-03-24,2026-04-22,
Lambda Tools & Dies,LABEL-8998,3095,11.00,APPROVED,2025-03-31,2025-05-14,Quarterly restock
Epsilon Industrial,CABLE-7348,4701,101.93,PARTIAL,2025-05-11,2025-06-22,
Beta Manufacturing Inc,PACK-5667,1232,15.99,ORDERED,2025-08-01,2025-08-28,Standard order
Beta Manufacturing Inc,CART-7651,3986,8.61,APPROVED,2025-03-11,2025-04-04,Backfill stock
Iota Hardware Solutions,GLOVE-7950,3665,22.00,ORDERED,2025-07-21,2025-09-03,
Lambda Tools & Dies,TOOL-0299,1633,45.42,ORDERED,2025-07-03,2025-08-10,
Xi Industrial Supply,RACK-6852,498,3.19,PARTIAL,2026-06-19,2026-07-20,
Lambda Tools & Dies,CASE-2863,125,20.14,DRAFT,2025-11-29,2026-01-05,Backfill stock
Eta Packaging Co,BATT-2364,620,8.61,CANCELLED,2026-02-21,2026-03-21,Standard order
Iota Hardware Solutions,PACK-5210,978,3.34,PENDING_APPROVAL,2025-03-07,2025-04-01,Standard order
Lambda Tools & Dies,AUDIO-8541,1076,235.41,RECEIVED,2026-05-11,2026-05-21,
Lambda Tools & Dies,UNIF-7000,2629,30.66,APPROVED,2026-03-24,2026-04-26,Urgent requirement
Nu Systems Inc,ELEC-8097,165,3.84,PARTIAL,2026-03-01,2026-04-06,Urgent requirement
Beta Manufacturing Inc,FILTER-6056,1401,14.32,DRAFT,2025-05-17,2025-06-09,
Omicron Materials Tech,PACK-5487,1313,63.75,ORDERED,2026-04-09,2026-04-28,
Beta Manufacturing Inc,PACK-8897,2003,7.82,CANCELLED,2025-07-04,2025-07-21,
Mu Engineering Corp,ELEC-1353,1805,124.84,DRAFT,2025-03-03,2025-03-19,Standard order
Mu Engineering Corp,CHARG-9843,4300,30.47,CANCELLED,2025-09-18,2025-10-23,
Xi Industrial Supply,FILTER-5897,3708,13.47,RECEIVED,2025-08-10,2025-08-26,Quarterly restock
Delta Parts Supply,SCAN-1119,1592,11.67,RECEIVED,2025-03-09,2025-04-20,Promotional order
Eta Packaging Co,PACK-9506,2201,453.15,APPROVED,2026-06-10,2026-06-17,Backfill stock
Eta Packaging Co,SCAN-8454,4123,16.03,CANCELLED,2026-04-10,2026-05-07,Backfill stock
Nu Systems Inc,FILTER-6996,1210,9.48,RECEIVED,2025-07-14,2025-08-19,Urgent requirement
Lambda Tools & Dies,CABLE-4251,2498,11.10,PARTIAL,2025-10-11,2025-11-09,Urgent requirement
Kappa Machinery Works,GADGET-6220,3320,11.57,ORDERED,2026-06-22,2026-07-11,Urgent requirement
Xi Industrial Supply,SEAL-2410,3537,10.82,APPROVED,2026-05-30,2026-07-10,
Gamma Raw Materials,CHARG-4390,2511,7.84,PENDING_APPROVAL,2025-03-26,2025-04-11,Backfill stock
Nu Systems Inc,CABLE-0703,4794,14.74,PARTIAL,2025-09-09,2025-10-22,Urgent requirement
Kappa Machinery Works,UNIF-1509,705,5.77,PENDING_APPROVAL,2025-03-17,2025-04-14,Standard order
Gamma Raw Materials,PRINT-8320,2949,16.57,PARTIAL,2025-10-13,2025-10-22,
Epsilon Industrial,ELEC-6353,2769,71.90,ORDERED,2025-01-09,2025-01-16,
Theta Electronics,GLOVE-6092,683,369.70,DRAFT,2025-07-30,2025-08-17,Quarterly restock
Mu Engineering Corp,SEAL-0436,3947,102.91,CANCELLED,2026-04-21,2026-05-30,Backfill stock
Delta Parts Supply,BATT-6983,3881,25.92,APPROVED,2026-03-09,2026-04-02,Promotional order
Beta Manufacturing Inc,GADGET-3422,1199,22.37,PARTIAL,2025-12-29,2026-01-21,Promotional order
Theta Electronics,SEAL-7883,1984,41.20,PARTIAL,2025-12-18,2026-01-28,Quarterly restock
Beta Manufacturing Inc,SCAN-6928,2324,19.51,PARTIAL,2026-03-06,2026-04-16,Quarterly restock
Gamma Raw Materials,CHARG-3376,813,10.45,DRAFT,2025-06-02,2025-07-01,
Iota Hardware Solutions,UNIF-8515,1651,390.31,PENDING_APPROVAL,2025-01-22,2025-02-28,Standard order
Epsilon Industrial,ELEC-2091,2752,4.84,ORDERED,2026-04-07,2026-04-17,
Theta Electronics,SCAN-3055,2508,26.07,CANCELLED,2025-12-18,2026-01-13,
Zeta Fabrication,PRINT-9872,3638,37.85,CANCELLED,2025-04-23,2025-05-23,
Nu Systems Inc,UNIF-7971,1777,36.09,PENDING_APPROVAL,2025-11-02,2025-11-19,
Nu Systems Inc,CASE-5199,4976,8.65,PARTIAL,2025-10-14,2025-11-17,Backfill stock
Zeta Fabrication,UNIF-3502,865,25.19,DRAFT,2025-07-16,2025-08-14,
Iota Hardware Solutions,GLOVE-2216,3146,32.17,RECEIVED,2026-04-30,2026-05-29,Urgent requirement
Xi Industrial Supply,BATT-8043,631,58.17,APPROVED,2025-07-08,2025-07-22,Urgent requirement
Gamma Raw Materials,AUDIO-9008,3645,70.30,PARTIAL,2025-02-01,2025-03-11,Promotional order
Eta Packaging Co,SEAL-5040,4712,12.25,RECEIVED,2025-11-17,2025-12-31,Urgent requirement
Mu Engineering Corp,PRINT-1917,4663,10.38,CANCELLED,2025-10-01,2025-10-22,Promotional order
Zeta Fabrication,SEAL-2352,1597,174.99,DRAFT,2025-06-26,2025-07-07,Standard order
Xi Industrial Supply,ELEC-8336,3913,24.17,DRAFT,2025-02-11,2025-03-24,Quarterly restock
Gamma Raw Materials,CABLE-0903,2990,95.90,PENDING_APPROVAL,2025-02-13,2025-03-26,Promotional order
Kappa Machinery Works,PACK-6283,453,9.25,DRAFT,2025-10-26,2025-11-29,
Beta Manufacturing Inc,LABEL-1910,177,17.14,CANCELLED,2025-07-05,2025-07-28,
Xi Industrial Supply,PACK-9262,866,39.20,PENDING_APPROVAL,2025-02-15,2025-03-19,
Zeta Fabrication,GADGET-6601,4268,9.46,PARTIAL,2026-01-09,2026-02-14,
Nu Systems Inc,GADGET-2996,3858,25.45,DRAFT,2025-09-02,2025-10-01,Urgent requirement
Gamma Raw Materials,CASE-5575,177,11.00,PENDING_APPROVAL,2025-05-10,2025-06-15,Urgent requirement
Omicron Materials Tech,PACK-2532,2305,19.95,ORDERED,2025-09-21,2025-10-18,
Omicron Materials Tech,CASE-6252,4447,2.85,ORDERED,2025-09-18,2025-10-21,Standard order
Epsilon Industrial,BATT-8275,2548,18.15,CANCELLED,2025-01-14,2025-01-28,Promotional order
Nu Systems Inc,LABEL-4311,1617,18.82,ORDERED,2025-04-10,2025-04-18,
Delta Parts Supply,UNIF-2922,1610,12.88,CANCELLED,2025-08-17,2025-09-07,
Eta Packaging Co,BATT-2315,1762,102.08,DRAFT,2025-04-29,2025-05-27,Backfill stock
Beta Manufacturing Inc,GLOVE-8091,3366,5.16,ORDERED,2026-03-24,2026-04-05,Urgent requirement
Mu Engineering Corp,PRINT-0827,342,12.98,PARTIAL,2025-03-30,2025-04-13,
Gamma Raw Materials,PRINT-4394,4142,74.30,PARTIAL,2025-08-09,2025-08-29,Backfill stock
Iota Hardware Solutions,RACK-1397,2386,31.92,PARTIAL,2026-02-03,2026-02-24,Standard order
Zeta Fabrication,PACK-5751,4356,39.72,PARTIAL,2026-05-08,2026-06-07,
Nu Systems Inc,FILTER-7552,2741,30.93,PENDING_APPROVAL,2025-04-23,2025-06-01,Promotional order
Mu Engineering Corp,CART-2226,1627,12.32,RECEIVED,2025-10-15,2025-11-08,Backfill stock
Eta Packaging Co,CART-5238,185,28.00,RECEIVED,2025-03-31,2025-04-22,
Mu Engineering Corp,CASE-1789,4548,19.59,PENDING_APPROVAL,2025-06-14,2025-07-16,Backfill stock
Zeta Fabrication,LABEL-0753,588,12.87,ORDERED,2025-09-13,2025-10-04,
Lambda Tools & Dies,GADGET-1095,436,7.08,ORDERED,2025-02-15,2025-03-16,Backfill stock
Nu Systems Inc,RACK-7970,729,14.83,PENDING_APPROVAL,2025-03-22,2025-03-31,Quarterly restock
Omicron Materials Tech,PACK-2704,3986,5.55,CANCELLED,2025-01-01,2025-02-04,Urgent requirement
Epsilon Industrial,ELEC-8282,3602,507.73,DRAFT,2026-01-04,2026-02-04,
Xi Industrial Supply,ELEC-1392,4605,15.30,PENDING_APPROVAL,2025-03-31,2025-04-08,
Zeta Fabrication,UNIF-7058,2542,42.49,CANCELLED,2025-09-01,2025-09-09,
Zeta Fabrication,AUDIO-3248,3141,25.35,APPROVED,2025-05-18,2025-06-26,
Kappa Machinery Works,ELEC-8455,3361,35.89,APPROVED,2026-02-09,2026-03-22,
Delta Parts Supply,CHARG-5197,2301,221.95,APPROVED,2025-06-23,2025-07-11,Urgent requirement
Eta Packaging Co,RACK-9395,1304,20.79,PARTIAL,2025-09-04,2025-09-14,Urgent requirement
Delta Parts Supply,PACK-8761,533,291.59,APPROVED,2026-02-20,2026-03-14,Backfill stock
Mu Engineering Corp,CASE-1588,371,17.36,CANCELLED,2025-08-27,2025-09-21,Promotional order
Omicron Materials Tech,TOOL-9962,1577,20.43,PENDING_APPROVAL,2026-04-09,2026-05-14,Promotional order
Epsilon Industrial,GADGET-8138,4825,252.89,PENDING_APPROVAL,2026-05-29,2026-06-10,Standard order
Eta Packaging Co,GLOVE-1410,4072,19.98,DRAFT,2025-01-07,2025-01-28,Backfill stock
Alpha Components Ltd,BATT-0873,4075,43.85,ORDERED,2025-11-15,2025-12-12,
Nu Systems Inc,CHARG-1729,3930,235.19,PARTIAL,2025-10-06,2025-11-15,Urgent requirement
Alpha Components Ltd,GADGET-0464,175,16.70,DRAFT,2025-06-22,2025-07-06,Backfill stock
Xi Industrial Supply,CART-9647,200,26.23,DRAFT,2025-04-06,2025-04-28,Quarterly restock
Beta Manufacturing Inc,PACK-9152,689,161.24,CANCELLED,2026-05-19,2026-06-04,Backfill stock
Epsilon Industrial,AUDIO-7345,3494,10.44,DRAFT,2026-06-15,2026-07-11,
Iota Hardware Solutions,RACK-1617,3108,229.07,CANCELLED,2025-07-20,2025-08-09,
Zeta Fabrication,SCAN-7261,2585,17.30,RECEIVED,2025-04-17,2025-05-12,
Mu Engineering Corp,ELEC-9884,1566,74.35,CANCELLED,2026-06-08,2026-06-29,Promotional order
Iota Hardware Solutions,CABLE-6159,2897,6.36,ORDERED,2026-01-23,2026-03-05,Standard order
Gamma Raw Materials,PACK-6606,3420,464.44,ORDERED,2025-06-11,2025-07-17,
Lambda Tools & Dies,WIDGET-8231,3526,6.35,CANCELLED,2025-10-31,2025-12-11,
Zeta Fabrication,SCAN-7372,3673,31.20,ORDERED,2026-05-18,2026-06-21,
Delta Parts Supply,PRINT-8307,178,78.36,APPROVED,2025-02-04,2025-03-09,Quarterly restock
Delta Parts Supply,PRINT-4067,3940,127.70,PENDING_APPROVAL,2025-09-02,2025-09-26,
Nu Systems Inc,CASE-1530,1489,7.49,PARTIAL,2026-02-19,2026-03-19,
Alpha Components Ltd,LABEL-4029,4511,4.74,ORDERED,2025-01-04,2025-02-03,Quarterly restock
Beta Manufacturing Inc,LABEL-3443,1158,40.47,DRAFT,2025-12-07,2026-01-15,
Lambda Tools & Dies,CART-9565,1421,225.71,DRAFT,2025-06-18,2025-07-05,
Zeta Fabrication,GLOVE-6527,1835,37.67,PARTIAL,2025-08-09,2025-09-16,Urgent requirement
Theta Electronics,SCAN-9538,610,75.15,DRAFT,2026-03-04,2026-03-19,Promotional order
Lambda Tools & Dies,PRINT-1362,2882,10.01,APPROVED,2025-10-28,2025-11-09,
Epsilon Industrial,LABEL-0051,4522,11.43,ORDERED,2026-05-15,2026-05-29,Standard order
Mu Engineering Corp,LABEL-2595,2451,455.11,APPROVED,2026-01-22,2026-02-13,Backfill stock
Delta Parts Supply,SEAL-6123,435,405.10,ORDERED,2025-05-25,2025-06-26,
Gamma Raw Materials,CHARG-0178,4190,64.24,PARTIAL,2026-05-20,2026-05-30,Standard order
Omicron Materials Tech,AUDIO-2338,877,6.03,ORDERED,2026-03-11,2026-04-15,Urgent requirement
Beta Manufacturing Inc,SCAN-1256,4234,5.08,DRAFT,2025-01-08,2025-02-01,
Mu Engineering Corp,SCAN-9377,4953,65.19,DRAFT,2026-05-03,2026-05-15,Urgent requirement
Gamma Raw Materials,BATT-1291,2034,31.41,PARTIAL,2026-02-12,2026-02-21,
Alpha Components Ltd,LIGHT-5120,3202,30.11,RECEIVED,2025-04-03,2025-05-10,Promotional order
Epsilon Industrial,TOOL-7905,2153,17.08,CANCELLED,2025-12-20,2026-01-19,Backfill stock
Zeta Fabrication,TOOL-3004,2076,21.99,APPROVED,2026-01-08,2026-02-21,Standard order
Eta Packaging Co,CASE-1428,2908,144.63,PENDING_APPROVAL,2025-01-25,2025-02-13,
Delta Parts Supply,AUDIO-8398,3425,22.57,APPROVED,2025-01-20,2025-01-30,
Omicron Materials Tech,CASE-4292,1760,26.15,CANCELLED,2025-11-21,2025-11-28,Standard order
Kappa Machinery Works,TOOL-6771,3047,43.15,ORDERED,2025-01-21,2025-02-22,
Kappa Machinery Works,SEAL-7863,4026,18.11,CANCELLED,2025-08-01,2025-08-24,Standard order
Epsilon Industrial,FILTER-2453,2294,15.28,ORDERED,2025-10-09,2025-11-22,Standard order
Lambda Tools & Dies,FILTER-3541,2885,11.56,RECEIVED,2025-09-29,2025-10-18,
Mu Engineering Corp,TOOL-8532,2321,79.57,ORDERED,2025-08-02,2025-09-16,Quarterly restock
Kappa Machinery Works,CHARG-6620,3031,29.18,PENDING_APPROVAL,2025-05-29,2025-07-04,Standard order
Alpha Components Ltd,GADGET-4903,4824,30.08,ORDERED,2025-10-14,2025-11-05,Backfill stock
Nu Systems Inc,GLOVE-0424,4645,27.04,PENDING_APPROVAL,2025-01-18,2025-02-17,Urgent requirement
Omicron Materials Tech,SCAN-1558,3189,16.79,RECEIVED,2025-06-05,2025-06-27,
Gamma Raw Materials,FILTER-9545,1852,11.19,ORDERED,2026-01-05,2026-02-12,Standard order
Beta Manufacturing Inc,SCAN-2767,2450,106.98,PENDING_APPROVAL,2026-06-08,2026-06-28,Urgent requirement
Omicron Materials Tech,WIDGET-7006,1468,124.11,DRAFT,2026-06-09,2026-06-29,Quarterly restock
Epsilon Industrial,PACK-1900,3445,15.42,ORDERED,2026-04-06,2026-05-08,Standard order
Lambda Tools & Dies,RACK-7156,114,15.71,DRAFT,2025-04-08,2025-05-15,Quarterly restock
Kappa Machinery Works,CABLE-3886,1921,30.77,PENDING_APPROVAL,2025-08-03,2025-09-02,Promotional order
