order_id,sku,reason,condition,refund_amount,return_date
ORD-15287,FILTER-8355,NOT_AS_DESCRIBED,GOOD,167.20,2025-01-08
ORD-21037,GLOVE-2678,SIZE_ISSUE,LIKE_NEW,230.01,2026-03-30
ORD-41768,CABLE-8987,DAMAGED,DAMAGED,17.77,2025-08-30
ORD-27096,WIDGET-5915,WRONG_ITEM,NEW,376.95,2025-03-06
ORD-35333,CHARG-0454,CHANGED_MIND,LIKE_NEW,425.67,2025-02-01
ORD-19567,SCAN-9774,DEFECTIVE,GOOD,19.59,2025-11-07
ORD-15433,PACK-5158,WRONG_ITEM,NEW,338.83,2025-10-07
ORD-72209,TOOL-1454,SIZE_ISSUE,NEW,335.81,2025-10-06
ORD-80879,PACK-7208,CHANGED_MIND,DAMAGED,280.29,2025-07-19
ORD-92674,TOOL-2680,DELAYED_DELIVERY,NEW,226.68,2025-01-26
ORD-50357,PRINT-4879,WRONG_ITEM,LIKE_NEW,273.49,2026-06-18
ORD-25790,RACK-1024,WRONG_ITEM,NEW,498.41,2025-10-08
ORD-53944,SEAL-8190,CHANGED_MIND,FAIR,222.29,2025-03-14
ORD-86607,FILTER-2118,DELAYED_DELIVERY,DAMAGED,202.56,2025-01-30
ORD-22639,GLOVE-0640,DAMAGED,NEW,227.68,2025-11-10
ORD-53398,TOOL-7917,SIZE_ISSUE,NEW,68.82,2025-06-06
ORD-97225,LIGHT-9096,DEFECTIVE,GOOD,353.46,2025-12-25
ORD-40146,CASE-7408,DAMAGED,FAIR,232.92,2025-05-20
ORD-52283,LIGHT-2438,DEFECTIVE,DAMAGED,459.12,2025-07-06
ORD-79745,CHARG-8588,SIZE_ISSUE,LIKE_NEW,183.58,2026-05-30
ORD-75385,BATT-7514,DAMAGED,DAMAGED,305.80,2025-07-14
ORD-38175,PRINT-5562,SIZE_ISSUE,NEW,85.89,2025-09-19
ORD-13933,SCAN-3977,CHANGED_MIND,FAIR,101.75,2026-06-26
ORD-50414,PACK-4689,DELAYED_DELIVERY,GOOD,71.98,2026-04-11
ORD-42566,RACK-9130,NOT_AS_DESCRIBED,GOOD,362.80,2026-02-07
ORD-98740,PACK-2145,NOT_AS_DESCRIBED,DAMAGED,43.33,2026-03-03
ORD-96705,LABEL-6640,DAMAGED,LIKE_NEW,239.29,2025-12-08
ORD-39589,AUDIO-5108,DEFECTIVE,FAIR,317.23,2025-02-27
ORD-23678,SEAL-6949,NOT_AS_DESCRIBED,LIKE_NEW,138.73,2025-03-02
ORD-25294,CHARG-2183,WRONG_ITEM,GOOD,202.19,2025-07-20
ORD-43479,FILTER-2901,CHANGED_MIND,LIKE_NEW,203.57,2026-06-25
ORD-82955,SEAL-2982,NOT_AS_DESCRIBED,LIKE_NEW,185.40,2025-02-02
ORD-47134,CHARG-4364,DUPLICATE_ORDER,GOOD,400.61,2025-05-01
ORD-95512,CASE-3333,DELAYED_DELIVERY,GOOD,467.34,2025-03-28
ORD-20157,ELEC-7655,DUPLICATE_ORDER,GOOD,445.26,2025-09-29
ORD-48407,RACK-5447,SIZE_ISSUE,GOOD,87.52,2025-03-24
ORD-92808,CART-8708,DELAYED_DELIVERY,LIKE_NEW,428.87,2025-11-04
ORD-59619,AUDIO-8285,WRONG_ITEM,GOOD,41.92,2025-04-24
ORD-26124,SEAL-4475,SIZE_ISSUE,DAMAGED,90.95,2025-09-15
ORD-96589,PACK-4724,DAMAGED,DAMAGED,300.13,2026-05-29
ORD-67954,BATT-4149,SIZE_ISSUE,LIKE_NEW,164.99,2026-06-25
ORD-74991,PACK-9338,WRONG_ITEM,GOOD,123.73,2025-01-03
ORD-18015,LABEL-5179,WRONG_ITEM,GOOD,187.45,2025-03-19
ORD-79341,AUDIO-4555,SIZE_ISSUE,DAMAGED,92.82,2025-08-29
ORD-16385,FILTER-7628,DAMAGED,GOOD,165.52,2025-07-21
ORD-19990,WIDGET-8244,WRONG_ITEM,LIKE_NEW,129.24,2025-11-04
ORD-41275,GLOVE-8767,CHANGED_MIND,LIKE_NEW,157.73,2025-02-18
ORD-93321,TOOL-4402,CHANGED_MIND,NEW,215.76,2026-02-03
ORD-24972,WIDGET-6187,CHANGED_MIND,LIKE_NEW,376.23,2025-11-13
ORD-89578,ELEC-2410,WRONG_ITEM,DAMAGED,456.87,2025-02-07
ORD-60562,FILTER-0147,CHANGED_MIND,NEW,425.50,2025-09-30
ORD-67379,TOOL-5735,DEFECTIVE,NEW,58.20,2025-06-18
ORD-51736,WIDGET-2274,NOT_AS_DESCRIBED,NEW,210.58,2025-01-02
ORD-43334,GADGET-3068,SIZE_ISSUE,LIKE_NEW,281.17,2026-03-02
ORD-77035,AUDIO-2190,WRONG_ITEM,LIKE_NEW,34.74,2026-02-05
ORD-20478,CHARG-8979,DELAYED_DELIVERY,LIKE_NEW,189.10,2026-04-19
ORD-91065,PACK-6238,SIZE_ISSUE,DAMAGED,438.17,2025-06-17
ORD-14249,GADGET-1106,DELAYED_DELIVERY,NEW,142.74,2025-10-04
ORD-27880,CHARG-6427,DEFECTIVE,FAIR,115.30,2026-05-16
ORD-32227,AUDIO-8737,CHANGED_MIND,NEW,360.61,2025-12-29
ORD-85866,PACK-2780,DUPLICATE_ORDER,DAMAGED,355.80,2025-10-07
ORD-69894,FILTER-7710,CHANGED_MIND,LIKE_NEW,448.22,2026-05-17
ORD-89797,UNIF-2793,NOT_AS_DESCRIBED,NEW,173.31,2026-05-26
ORD-72634,RACK-7688,NOT_AS_DESCRIBED,FAIR,224.57,2025-01-17
ORD-71478,CASE-1634,DEFECTIVE,GOOD,295.38,2025-10-07
ORD-98165,CART-1694,DUPLICATE_ORDER,NEW,387.08,2025-08-24
ORD-84684,GADGET-3873,DUPLICATE_ORDER,FAIR,372.33,2025-05-17
ORD-79565,PACK-9037,CHANGED_MIND,DAMAGED,318.20,2026-01-28
ORD-65775,WIDGET-6868,NOT_AS_DESCRIBED,GOOD,157.09,2026-04-25
ORD-61484,WIDGET-7966,DUPLICATE_ORDER,NEW,399.61,2025-03-31
ORD-17463,TOOL-8199,DELAYED_DELIVERY,LIKE_NEW,197.76,2025-05-21
ORD-59766,CASE-4682,WRONG_ITEM,DAMAGED,16.55,2025-05-14
ORD-46362,PACK-9543,DELAYED_DELIVERY,NEW,253.35,2025-08-28
ORD-52159,PACK-6120,NOT_AS_DESCRIBED,GOOD,82.95,2025-10-11
ORD-94005,AUDIO-7711,SIZE_ISSUE,DAMAGED,168.77,2026-04-03
ORD-64703,PACK-5288,SIZE_ISSUE,LIKE_NEW,245.49,2025-09-16
ORD-83417,PACK-2535,DUPLICATE_ORDER,NEW,89.38,2025-12-05
ORD-82195,CASE-6870,SIZE_ISSUE,DAMAGED,423.62,2025-02-22
ORD-20786,GLOVE-5319,DAMAGED,LIKE_NEW,426.70,2025-06-29
ORD-91417,CHARG-9218,CHANGED_MIND,GOOD,439.30,2025-08-03
ORD-91811,PACK-8133,DELAYED_DELIVERY,DAMAGED,475.35,2025-02-24
ORD-28639,GADGET-3672,DUPLICATE_ORDER,GOOD,23.83,2025-01-01
ORD-17713,CART-4297,WRONG_ITEM,GOOD,287.32,2025-03-26
ORD-26895,CASE-2352,CHANGED_MIND,DAMAGED,371.20,2026-04-27
ORD-51964,AUDIO-8903,DUPLICATE_ORDER,NEW,355.05,2025-07-26
ORD-98567,SCAN-7899,CHANGED_MIND,LIKE_NEW,170.19,2025-10-19
ORD-64687,TOOL-5117,DAMAGED,FAIR,375.18,2025-01-23
ORD-45536,GADGET-8375,DUPLICATE_ORDER,LIKE_NEW,16.10,2025-09-09
ORD-36803,CHARG-6679,WRONG_ITEM,NEW,265.97,2026-05-26
ORD-78888,GLOVE-3095,SIZE_ISSUE,LIKE_NEW,263.03,2026-01-27
ORD-55787,SCAN-3090,NOT_AS_DESCRIBED,DAMAGED,25.33,2025-04-15
ORD-90343,TOOL-7881,WRONG_ITEM,FAIR,28.89,2025-09-09
ORD-36520,AUDIO-1002,DUPLICATE_ORDER,GOOD,144.28,2026-06-26
ORD-95210,CASE-4093,CHANGED_MIND,FAIR,31.84,2025-07-05
ORD-98733,WIDGET-9911,NOT_AS_DESCRIBED,NEW,115.15,2025-02-19
ORD-30754,TOOL-0515,NOT_AS_DESCRIBED,FAIR,245.33,2026-02-28
ORD-75361,LABEL-7599,SIZE_ISSUE,LIKE_NEW,427.39,2025-12-17
ORD-69787,PACK-5098,DUPLICATE_ORDER,GOOD,152.90,2025-03-01
ORD-37266,CHARG-8262,WRONG_ITEM,DAMAGED,168.76,2025-09-14
ORD-36482,PACK-1820,WRONG_ITEM,NEW,74.16,2025-07-29
ORD-85261,FILTER-6087,NOT_AS_DESCRIBED,LIKE_NEW,412.18,2025-05-19
ORD-35184,AUDIO-3090,WRONG_ITEM,LIKE_NEW,185.79,2025-03-13
ORD-50806,PRINT-8521,DUPLICATE_ORDER,GOOD,374.62,2025-01-30
ORD-70884,WIDGET-2348,CHANGED_MIND,GOOD,13.60,2025-05-22
ORD-65389,WIDGET-6317,SIZE_ISSUE,GOOD,360.06,2025-11-24
ORD-92869,ELEC-4866,DELAYED_DELIVERY,DAMAGED,241.37,2025-06-10
ORD-24072,SEAL-4681,NOT_AS_DESCRIBED,GOOD,332.15,2026-04-10
ORD-85877,LABEL-4084,DEFECTIVE,LIKE_NEW,293.65,2025-02-24
ORD-67249,RACK-5361,SIZE_ISSUE,LIKE_NEW,175.71,2025-02-04
ORD-30667,AUDIO-5919,NOT_AS_DESCRIBED,FAIR,233.74,2025-04-25
ORD-31077,PACK-8949,DAMAGED,DAMAGED,135.91,2025-03-28
ORD-87560,RACK-4918,DUPLICATE_ORDER,NEW,195.13,2025-12-08
ORD-91912,RACK-1102,DELAYED_DELIVERY,GOOD,418.92,2026-02-08
ORD-96089,CASE-4892,CHANGED_MIND,GOOD,384.89,2025-05-28
ORD-41228,RACK-0097,DEFECTIVE,GOOD,40.91,2026-01-15
ORD-32265,CASE-2560,CHANGED_MIND,FAIR,271.48,2025-12-05
ORD-43508,GLOVE-0153,WRONG_ITEM,DAMAGED,296.02,2026-05-15
ORD-88527,PACK-0739,WRONG_ITEM,GOOD,191.00,2025-02-14
ORD-90748,AUDIO-6939,SIZE_ISSUE,LIKE_NEW,380.59,2025-12-18
ORD-15827,CABLE-8250,DEFECTIVE,NEW,399.74,2025-11-14
ORD-97298,TOOL-7561,SIZE_ISSUE,NEW,415.18,2026-05-23
ORD-41629,CHARG-6937,DEFECTIVE,LIKE_NEW,57.39,2025-04-11
ORD-39040,CASE-0207,SIZE_ISSUE,DAMAGED,310.95,2025-03-31
ORD-60507,CHARG-5736,SIZE_ISSUE,GOOD,422.30,2026-05-15
ORD-55260,CASE-2936,NOT_AS_DESCRIBED,LIKE_NEW,381.34,2026-02-14
ORD-74210,UNIF-5546,WRONG_ITEM,GOOD,341.63,2026-03-10
ORD-61283,UNIF-8325,WRONG_ITEM,GOOD,182.49,2026-04-25
ORD-24393,FILTER-5977,CHANGED_MIND,FAIR,45.07,2026-03-08
ORD-64340,CART-9540,DELAYED_DELIVERY,NEW,285.01,2026-03-07
ORD-41324,PACK-4111,CHANGED_MIND,NEW,174.11,2026-01-15
ORD-51102,ELEC-6772,WRONG_ITEM,NEW,113.45,2025-12-09
ORD-64437,LIGHT-3070,DAMAGED,GOOD,453.62,2025-03-18
ORD-76946,CABLE-6115,CHANGED_MIND,DAMAGED,205.02,2025-05-12
ORD-20685,CABLE-7040,SIZE_ISSUE,GOOD,281.23,2026-02-02
ORD-85986,GLOVE-9068,DELAYED_DELIVERY,DAMAGED,243.46,2026-06-04
ORD-92244,SCAN-6691,NOT_AS_DESCRIBED,NEW,287.97,2025-08-18
ORD-17661,PACK-2655,SIZE_ISSUE,NEW,133.64,2025-07-29
ORD-60945,RACK-3002,DAMAGED,GOOD,407.78,2025-03-22
ORD-65306,CHARG-2182,NOT_AS_DESCRIBED,NEW,470.94,2025-05-18
ORD-73265,CASE-6642,DEFECTIVE,NEW,246.49,2025-07-28
ORD-24145,SCAN-1483,CHANGED_MIND,LIKE_NEW,236.01,2025-01-18
ORD-78703,PACK-5668,NOT_AS_DESCRIBED,FAIR,7.19,2025-06-03
ORD-32777,LIGHT-0198,CHANGED_MIND,LIKE_NEW,177.41,2026-04-27
ORD-37011,PRINT-5781,SIZE_ISSUE,FAIR,189.99,2025-10-24
ORD-31784,SCAN-8534,DELAYED_DELIVERY,NEW,5.92,2025-11-02
ORD-11100,GADGET-3557,DAMAGED,FAIR,105.60,2025-08-12
ORD-26706,CASE-8582,DAMAGED,FAIR,155.78,2026-01-26
ORD-37134,FILTER-2087,NOT_AS_DESCRIBED,GOOD,420.33,2025-03-24
ORD-25195,CART-8436,DAMAGED,NEW,482.84,2025-01-04
ORD-66264,RACK-5399,CHANGED_MIND,LIKE_NEW,332.35,2025-12-09
ORD-36197,PRINT-1050,WRONG_ITEM,NEW,329.65,2025-06-17
ORD-75865,TOOL-7646,SIZE_ISSUE,DAMAGED,19.86,2025-08-03
ORD-93564,PACK-6946,CHANGED_MIND,FAIR,118.12,2025-11-08
ORD-72935,BATT-8309,WRONG_ITEM,LIKE_NEW,83.39,2025-12-01
ORD-86220,UNIF-4586,DUPLICATE_ORDER,NEW,100.28,2026-05-19
ORD-90099,GADGET-2835,DELAYED_DELIVERY,NEW,417.14,2026-05-18
ORD-57346,LIGHT-5654,NOT_AS_DESCRIBED,NEW,331.77,2025-06-09
ORD-42890,FILTER-2067,SIZE_ISSUE,GOOD,210.20,2025-04-11
ORD-86290,PRINT-5609,DEFECTIVE,LIKE_NEW,31.98,2026-02-17
ORD-75709,LABEL-9101,DEFECTIVE,FAIR,395.89,2025-05-09
ORD-62168,FILTER-2487,DELAYED_DELIVERY,DAMAGED,149.59,2025-03-15
ORD-75601,PACK-2622,NOT_AS_DESCRIBED,DAMAGED,253.88,2025-06-23
ORD-10521,TOOL-5375,WRONG_ITEM,GOOD,295.62,2026-03-29
ORD-75097,SEAL-4395,WRONG_ITEM,LIKE_NEW,202.98,2025-03-28
ORD-63504,PACK-7217,CHANGED_MIND,GOOD,73.14,2025-06-20
ORD-27547,PACK-1779,DUPLICATE_ORDER,GOOD,355.68,2025-01-25
ORD-27175,RACK-4996,DELAYED_DELIVERY,DAMAGED,390.45,2025-07-14
ORD-97936,CHARG-5241,SIZE_ISSUE,FAIR,417.66,2026-02-24
ORD-61784,TOOL-3895,CHANGED_MIND,GOOD,314.54,2025-01-17
ORD-14451,RACK-1482,DUPLICATE_ORDER,DAMAGED,176.61,2026-02-14
ORD-68143,UNIF-3073,DAMAGED,LIKE_NEW,284.34,2026-01-09
ORD-87483,LIGHT-6286,DEFECTIVE,NEW,291.69,2025-10-19
ORD-21398,CABLE-7532,DEFECTIVE,FAIR,194.52,2025-12-02
ORD-97995,AUDIO-6714,DEFECTIVE,DAMAGED,248.90,2025-02-12
ORD-67454,CABLE-0012,DAMAGED,NEW,451.68,2025-08-17
ORD-93084,LIGHT-9021,WRONG_ITEM,NEW,83.18,2026-03-14
ORD-61906,GLOVE-7023,NOT_AS_DESCRIBED,FAIR,86.13,2025-01-18
ORD-36128,PRINT-7272,NOT_AS_DESCRIBED,GOOD,388.30,2026-05-31
ORD-39332,PACK-5925,CHANGED_MIND,FAIR,5.48,2025-04-14
ORD-85930,PRINT-0042,DUPLICATE_ORDER,FAIR,331.38,2025-11-30
ORD-74275,CASE-3176,CHANGED_MIND,FAIR,241.77,2025-11-22
ORD-44162,PACK-7383,NOT_AS_DESCRIBED,DAMAGED,125.77,2026-02-06
ORD-42932,SCAN-0093,DUPLICATE_ORDER,GOOD,493.93,2026-05-23
ORD-41599,GADGET-5797,CHANGED_MIND,DAMAGED,66.63,2025-06-14
ORD-53321,LIGHT-1549,DAMAGED,DAMAGED,401.40,2026-03-09
ORD-64994,CABLE-5182,DELAYED_DELIVERY,FAIR,389.79,2025-02-19
ORD-99970,GADGET-9234,DUPLICATE_ORDER,DAMAGED,30.62,2025-01-15
ORD-21878,CASE-6326,WRONG_ITEM,GOOD,306.16,2026-04-24
ORD-11703,GADGET-0420,WRONG_ITEM,DAMAGED,337.40,2025-02-05
ORD-69080,LIGHT-8505,DUPLICATE_ORDER,GOOD,199.28,2025-08-26
ORD-92680,CASE-8129,DELAYED_DELIVERY,LIKE_NEW,423.05,2025-08-26
ORD-85200,PRINT-0532,DELAYED_DELIVERY,NEW,109.28,2026-06-28
ORD-51675,RACK-6193,SIZE_ISSUE,NEW,264.22,2025-05-27
ORD-24314,LIGHT-0218,DUPLICATE_ORDER,GOOD,67.30,2025-09-17
ORD-95818,BATT-5874,WRONG_ITEM,NEW,47.86,2025-02-12
ORD-35731,PACK-9850,DELAYED_DELIVERY,NEW,291.02,2025-06-20
ORD-96747,RACK-4632,WRONG_ITEM,LIKE_NEW,160.19,2026-04-05
ORD-91454,SCAN-9661,DEFECTIVE,LIKE_NEW,381.36,2025-05-23
ORD-42362,CART-8885,SIZE_ISSUE,FAIR,493.69,2026-02-03
ORD-66387,GADGET-6345,DAMAGED,DAMAGED,290.73,2025-11-24
ORD-19310,LIGHT-5075,DEFECTIVE,LIKE_NEW,284.27,2026-04-27
ORD-82104,LIGHT-8746,SIZE_ISSUE,GOOD,148.65,2025-07-19
ORD-12798,UNIF-1638,NOT_AS_DESCRIBED,FAIR,123.22,2025-07-29
ORD-93052,SCAN-7336,DEFECTIVE,LIKE_NEW,195.49,2026-01-27
ORD-41766,UNIF-2734,DEFECTIVE,FAIR,65.59,2025-11-13
ORD-83300,TOOL-9027,DUPLICATE_ORDER,NEW,115.12,2025-04-18
ORD-20181,GLOVE-8346,CHANGED_MIND,NEW,173.85,2026-04-05
ORD-63214,LABEL-8083,WRONG_ITEM,DAMAGED,72.61,2025-05-19
ORD-14373,AUDIO-0968,DAMAGED,DAMAGED,485.21,2026-03-31
ORD-51889,LABEL-4421,DEFECTIVE,GOOD,254.22,2025-07-10
ORD-41224,WIDGET-3428,CHANGED_MIND,NEW,192.15,2026-05-16
ORD-79450,GLOVE-1815,DAMAGED,GOOD,381.01,2026-04-29
ORD-96820,BATT-6194,DUPLICATE_ORDER,GOOD,376.57,2026-04-22
ORD-18407,LIGHT-6634,DELAYED_DELIVERY,DAMAGED,421.56,2026-05-04
ORD-43916,PACK-1553,DELAYED_DELIVERY,GOOD,118.30,2025-12-31
ORD-33291,PACK-7265,DELAYED_DELIVERY,GOOD,340.57,2026-06-15
ORD-79709,CABLE-5295,DAMAGED,FAIR,329.07,2025-02-19
ORD-24745,UNIF-5986,WRONG_ITEM,NEW,410.37,2025-11-19
ORD-66725,GLOVE-4091,NOT_AS_DESCRIBED,DAMAGED,432.98,2025-03-18
ORD-51912,LABEL-7010,DELAYED_DELIVERY,FAIR,249.75,2025-02-07
ORD-95066,PACK-0988,CHANGED_MIND,DAMAGED,9.58,2025-07-27
ORD-76060,LIGHT-1110,NOT_AS_DESCRIBED,GOOD,219.79,2025-03-03
ORD-33262,GLOVE-5244,CHANGED_MIND,NEW,128.07,2025-11-03
ORD-55102,PACK-3322,NOT_AS_DESCRIBED,LIKE_NEW,389.83,2025-06-04
ORD-42009,CASE-5892,DAMAGED,GOOD,385.81,2026-04-08
ORD-17025,FILTER-1264,DUPLICATE_ORDER,GOOD,362.62,2026-06-28
ORD-93619,CABLE-6594,NOT_AS_DESCRIBED,DAMAGED,274.24,2025-07-27
ORD-31782,CHARG-2382,SIZE_ISSUE,NEW,191.88,2026-06-22
ORD-98043,PACK-2633,CHANGED_MIND,DAMAGED,468.08,2025-09-14
ORD-73098,SEAL-2947,NOT_AS_DESCRIBED,FAIR,17.17,2025-12-19
ORD-95387,CHARG-7694,SIZE_ISSUE,LIKE_NEW,209.54,2025-04-09
ORD-84815,LIGHT-2013,DAMAGED,LIKE_NEW,363.33,2025-10-15
ORD-21832,BATT-3653,DAMAGED,DAMAGED,378.07,2025-01-01
ORD-61348,BATT-5711,NOT_AS_DESCRIBED,DAMAGED,129.10,2025-04-08
ORD-75771,PACK-4499,DUPLICATE_ORDER,GOOD,142.71,2025-06-18
ORD-51719,CART-8681,NOT_AS_DESCRIBED,NEW,134.33,2025-01-04
ORD-16706,AUDIO-5688,CHANGED_MIND,LIKE_NEW,18.86,2025-06-12
ORD-76202,CABLE-7064,SIZE_ISSUE,LIKE_NEW,166.56,2025-11-07
ORD-90264,WIDGET-5053,SIZE_ISSUE,DAMAGED,407.60,2026-01-25
ORD-57223,LABEL-1643,CHANGED_MIND,DAMAGED,294.19,2026-03-24
ORD-95753,CABLE-1514,NOT_AS_DESCRIBED,LIKE_NEW,390.83,2026-01-11
ORD-17822,UNIF-6846,DAMAGED,DAMAGED,206.85,2025-11-18
ORD-60585,CASE-3446,DELAYED_DELIVERY,FAIR,196.37,2026-06-21
ORD-80551,BATT-3456,DEFECTIVE,DAMAGED,89.15,2026-01-06
ORD-81352,LABEL-2902,DELAYED_DELIVERY,FAIR,236.08,2025-08-07
ORD-61502,LIGHT-1279,CHANGED_MIND,LIKE_NEW,125.82,2025-10-28
ORD-60783,GADGET-1690,SIZE_ISSUE,LIKE_NEW,373.39,2025-06-05
ORD-77390,WIDGET-3861,NOT_AS_DESCRIBED,FAIR,159.24,2025-02-20
ORD-77576,CASE-8186,DELAYED_DELIVERY,DAMAGED,44.96,2025-04-03
ORD-66768,AUDIO-4164,NOT_AS_DESCRIBED,NEW,118.23,2025-04-08
ORD-18003,ELEC-6361,CHANGED_MIND,LIKE_NEW,385.46,2026-03-18
ORD-33451,CABLE-8588,DELAYED_DELIVERY,GOOD,419.36,2025-11-10
ORD-19485,CASE-0044,DUPLICATE_ORDER,FAIR,309.58,2026-01-23
ORD-29957,BATT-9420,DUPLICATE_ORDER,NEW,383.08,2025-04-17
ORD-93080,WIDGET-8380,DELAYED_DELIVERY,DAMAGED,216.36,2025-02-07
ORD-60154,SEAL-0717,DEFECTIVE,LIKE_NEW,433.82,2025-01-07
ORD-48822,SEAL-9686,DEFECTIVE,NEW,223.89,2025-12-10
ORD-36116,UNIF-1736,CHANGED_MIND,LIKE_NEW,451.25,2025-10-12
ORD-19514,WIDGET-6823,CHANGED_MIND,FAIR,275.12,2025-10-22
ORD-51870,GLOVE-3619,DAMAGED,NEW,218.13,2025-02-27
ORD-33291,CHARG-2505,NOT_AS_DESCRIBED,DAMAGED,288.26,2025-12-21
ORD-44875,CHARG-0230,SIZE_ISSUE,NEW,401.13,2025-01-16
ORD-70824,BATT-8452,DUPLICATE_ORDER,NEW,88.62,2025-01-27
ORD-55358,PRINT-0499,CHANGED_MIND,FAIR,225.03,2025-09-16
ORD-80895,FILTER-3834,NOT_AS_DESCRIBED,LIKE_NEW,389.22,2026-05-27
ORD-20561,CHARG-7457,DUPLICATE_ORDER,GOOD,131.46,2025-03-09
ORD-32374,RACK-9051,DAMAGED,GOOD,378.10,2025-07-02
ORD-30527,WIDGET-2948,WRONG_ITEM,GOOD,394.14,2025-07-05
ORD-16233,UNIF-9610,DUPLICATE_ORDER,LIKE_NEW,59.78,2026-03-28
ORD-61442,CART-0059,WRONG_ITEM,LIKE_NEW,211.44,2026-03-17
ORD-31790,FILTER-0746,DUPLICATE_ORDER,NEW,241.23,2025-08-22
ORD-27808,CHARG-9833,WRONG_ITEM,LIKE_NEW,444.26,2025-10-30
ORD-41275,GADGET-4048,DAMAGED,GOOD,27.68,2025-06-22
ORD-73746,CHARG-9837,CHANGED_MIND,LIKE_NEW,395.22,2025-09-03
ORD-83551,AUDIO-8288,DELAYED_DELIVERY,GOOD,28.40,2025-08-26
ORD-73154,PRINT-6439,DUPLICATE_ORDER,GOOD,109.19,2025-09-30
ORD-30232,CART-5839,DEFECTIVE,LIKE_NEW,116.26,2025-01-27
ORD-78516,SEAL-4173,WRONG_ITEM,GOOD,280.53,2025-09-09
ORD-26782,RACK-0767,DUPLICATE_ORDER,NEW,169.69,2025-02-28
ORD-45701,UNIF-8120,WRONG_ITEM,GOOD,294.35,2025-11-19
ORD-25455,CART-2053,NOT_AS_DESCRIBED,FAIR,246.67,2025-04-18
ORD-17779,SCAN-0852,SIZE_ISSUE,GOOD,148.03,2026-04-27
ORD-85024,AUDIO-9307,WRONG_ITEM,NEW,238.47,2026-05-12
ORD-42954,WIDGET-0485,NOT_AS_DESCRIBED,GOOD,181.49,2026-06-25
ORD-99076,UNIF-4540,CHANGED_MIND,GOOD,338.73,2026-05-14
ORD-37277,GLOVE-4814,DELAYED_DELIVERY,DAMAGED,192.29,2026-01-22
ORD-10643,LABEL-2214,NOT_AS_DESCRIBED,FAIR,192.33,2025-03-01
ORD-48297,GLOVE-4315,WRONG_ITEM,LIKE_NEW,8.31,2025-04-19
ORD-81202,WIDGET-3162,CHANGED_MIND,DAMAGED,299.13,2026-05-29
ORD-93808,CABLE-5826,DAMAGED,DAMAGED,340.80,2025-10-16
ORD-10622,CASE-3539,NOT_AS_DESCRIBED,GOOD,62.90,2025-01-19
ORD-27921,PACK-9957,DUPLICATE_ORDER,FAIR,487.27,2026-01-18
ORD-27353,SEAL-6861,DELAYED_DELIVERY,DAMAGED,467.98,2025-08-11
ORD-97351,ELEC-7002,NOT_AS_DESCRIBED,FAIR,237.59,2025-03-13
ORD-70284,FILTER-2449,DELAYED_DELIVERY,DAMAGED,38.19,2025-12-13
ORD-41995,GLOVE-6316,DELAYED_DELIVERY,LIKE_NEW,306.86,2026-06-12
ORD-40151,SCAN-3608,DEFECTIVE,LIKE_NEW,478.38,2026-01-02
ORD-41500,SCAN-6008,DAMAGED,FAIR,25.67,2025-12-21
ORD-34668,BATT-9832,SIZE_ISSUE,LIKE_NEW,148.69,2025-01-31
ORD-22188,TOOL-4161,SIZE_ISSUE,GOOD,230.37,2025-12-03
ORD-45695,GLOVE-3305,SIZE_ISSUE,FAIR,23.29,2025-02-10
ORD-85487,SEAL-7518,WRONG_ITEM,DAMAGED,158.46,2026-02-03
ORD-54091,RACK-7853,SIZE_ISSUE,LIKE_NEW,306.75,2025-04-07
ORD-14105,LIGHT-4110,DEFECTIVE,GOOD,237.72,2026-02-16
ORD-80966,RACK-1583,DEFECTIVE,DAMAGED,433.29,2025-01-21
ORD-48448,ELEC-8142,DUPLICATE_ORDER,FAIR,314.33,2025-10-12
ORD-38125,GADGET-7763,DAMAGED,NEW,449.43,2026-05-30
ORD-96538,UNIF-7477,SIZE_ISSUE,NEW,340.33,2026-03-11
ORD-85520,RACK-1653,CHANGED_MIND,GOOD,255.62,2025-07-05
ORD-40356,SEAL-4051,DELAYED_DELIVERY,NEW,63.76,2025-09-28
ORD-80520,FILTER-7204,CHANGED_MIND,FAIR,466.86,2025-04-24
ORD-29056,PACK-5369,SIZE_ISSUE,LIKE_NEW,276.86,2025-03-10
ORD-82512,CABLE-9615,WRONG_ITEM,LIKE_NEW,425.50,2026-06-06
ORD-58107,PRINT-2697,DELAYED_DELIVERY,DAMAGED,477.87,2025-03-07
ORD-91857,PACK-0424,DELAYED_DELIVERY,NEW,360.93,2025-12-23
ORD-98786,CART-5485,DUPLICATE_ORDER,LIKE_NEW,235.27,2025-08-21
ORD-18088,CHARG-3515,SIZE_ISSUE,FAIR,105.58,2026-06-27
ORD-52056,PACK-9265,CHANGED_MIND,FAIR,15.79,2025-05-07
ORD-67043,SCAN-4186,DELAYED_DELIVERY,DAMAGED,356.44,2025-04-08
ORD-45518,CASE-0038,DEFECTIVE,NEW,374.44,2025-10-06
ORD-14746,LABEL-6056,CHANGED_MIND,NEW,78.75,2025-05-06
ORD-16673,SEAL-5118,DEFECTIVE,FAIR,385.52,2026-05-13
ORD-30828,RACK-6736,DAMAGED,LIKE_NEW,367.82,2026-05-31
ORD-96733,FILTER-5006,DAMAGED,FAIR,462.35,2025-10-01
ORD-43898,RACK-7954,DAMAGED,GOOD,61.88,2026-05-07
ORD-35546,SEAL-6683,DUPLICATE_ORDER,GOOD,225.45,2026-01-11
ORD-76680,LABEL-9180,NOT_AS_DESCRIBED,FAIR,455.34,2025-03-03
ORD-52285,LIGHT-9617,DAMAGED,GOOD,325.54,2025-02-26
ORD-66382,GLOVE-7530,WRONG_ITEM,DAMAGED,165.29,2026-02-15
ORD-10265,PRINT-1751,SIZE_ISSUE,GOOD,464.55,2025-01-21
ORD-43709,GADGET-2586,DUPLICATE_ORDER,FAIR,477.28,2025-03-02
ORD-16126,CASE-1982,NOT_AS_DESCRIBED,NEW,207.46,2026-02-11
ORD-74776,LABEL-5770,DAMAGED,FAIR,389.32,2025-01-01
ORD-67385,ELEC-2552,SIZE_ISSUE,DAMAGED,496.48,2026-04-25
ORD-23446,LABEL-7045,NOT_AS_DESCRIBED,GOOD,9.59,2025-10-30
ORD-33389,LABEL-2577,DEFECTIVE,GOOD,109.28,2025-04-14
ORD-73842,SEAL-7568,CHANGED_MIND,LIKE_NEW,466.80,2025-06-21
ORD-67462,GADGET-2357,DUPLICATE_ORDER,GOOD,127.05,2025-03-15
ORD-61939,PRINT-3804,WRONG_ITEM,GOOD,257.59,2026-03-08
ORD-45744,GLOVE-2067,DUPLICATE_ORDER,FAIR,31.82,2025-10-17
ORD-60325,LABEL-8395,DAMAGED,NEW,342.62,2026-03-23
ORD-91311,WIDGET-6403,WRONG_ITEM,GOOD,356.46,2025-12-26
ORD-14301,BATT-6437,WRONG_ITEM,LIKE_NEW,132.40,2026-04-28
ORD-39679,TOOL-2213,DAMAGED,NEW,408.69,2026-03-19
ORD-60315,LABEL-7135,CHANGED_MIND,GOOD,146.81,2025-01-05
ORD-52509,AUDIO-2929,DELAYED_DELIVERY,LIKE_NEW,315.47,2025-04-27
ORD-63985,RACK-4548,NOT_AS_DESCRIBED,GOOD,115.71,2025-06-20
ORD-75611,SEAL-1201,SIZE_ISSUE,DAMAGED,334.44,2026-01-10
ORD-82616,TOOL-3929,DEFECTIVE,GOOD,229.28,2025-07-11
ORD-25170,AUDIO-6196,SIZE_ISSUE,DAMAGED,379.82,2026-01-30
ORD-48877,PACK-5444,DUPLICATE_ORDER,LIKE_NEW,207.34,2025-11-19
ORD-25616,WIDGET-7217,DEFECTIVE,GOOD,334.47,2026-05-25
ORD-11100,PACK-2564,DUPLICATE_ORDER,NEW,283.25,2026-05-20
ORD-44987,CASE-1518,DAMAGED,LIKE_NEW,175.12,2026-03-21
ORD-95957,BATT-5210,CHANGED_MIND,DAMAGED,79.48,2026-02-13
ORD-42310,FILTER-7060,DEFECTIVE,NEW,194.52,2025-07-11
ORD-53873,PACK-1031,DUPLICATE_ORDER,NEW,243.87,2026-04-03
ORD-57609,TOOL-9586,NOT_AS_DESCRIBED,FAIR,439.36,2025-09-14
ORD-87065,FILTER-3570,WRONG_ITEM,LIKE_NEW,229.90,2025-07-22
ORD-45011,CHARG-5477,DEFECTIVE,NEW,314.08,2026-05-20
ORD-65457,BATT-1835,NOT_AS_DESCRIBED,GOOD,211.35,2025-04-02
ORD-61997,CHARG-6172,WRONG_ITEM,GOOD,78.61,2026-03-18
ORD-53959,AUDIO-2477,DAMAGED,LIKE_NEW,424.19,2025-09-25
ORD-68936,GADGET-8357,WRONG_ITEM,NEW,58.07,2026-06-25
ORD-24174,BATT-9550,SIZE_ISSUE,NEW,309.63,2025-10-07
ORD-15709,CART-9849,DELAYED_DELIVERY,LIKE_NEW,226.48,2025-11-06
ORD-82588,PRINT-1957,DAMAGED,FAIR,260.09,2026-05-15
ORD-88836,AUDIO-0136,DEFECTIVE,DAMAGED,426.58,2025-11-28
ORD-77500,CART-9712,DEFECTIVE,GOOD,427.12,2026-06-05
ORD-15478,CART-1979,DELAYED_DELIVERY,NEW,100.33,2025-10-17
ORD-13298,FILTER-0547,WRONG_ITEM,NEW,172.86,2025-08-15
ORD-54731,PRINT-8491,CHANGED_MIND,DAMAGED,297.20,2025-07-08
ORD-23849,AUDIO-1123,WRONG_ITEM,FAIR,352.32,2025-11-07
ORD-64790,WIDGET-2247,WRONG_ITEM,LIKE_NEW,456.73,2025-10-25
ORD-66382,LABEL-6915,DELAYED_DELIVERY,LIKE_NEW,255.33,2025-06-02
ORD-99839,PACK-9274,NOT_AS_DESCRIBED,FAIR,389.78,2025-02-22
ORD-69904,CHARG-8344,DELAYED_DELIVERY,DAMAGED,451.22,2025-11-25
ORD-88488,TOOL-2821,CHANGED_MIND,NEW,431.68,2025-06-02
ORD-10063,AUDIO-3672,WRONG_ITEM,GOOD,373.82,2026-01-14
ORD-64690,PACK-8118,WRONG_ITEM,FAIR,198.42,2026-05-18
ORD-77146,PRINT-1582,NOT_AS_DESCRIBED,NEW,146.28,2025-12-20
ORD-17515,CASE-3853,CHANGED_MIND,GOOD,326.38,2026-02-12
ORD-45477,PACK-0647,CHANGED_MIND,LIKE_NEW,438.44,2025-11-27
ORD-34907,CABLE-2083,NOT_AS_DESCRIBED,NEW,238.52,2025-06-01
ORD-45548,CART-8016,CHANGED_MIND,GOOD,51.54,2025-07-10
ORD-64161,ELEC-3565,DUPLICATE_ORDER,GOOD,247.55,2025-11-25
ORD-81314,PACK-1943,DEFECTIVE,GOOD,428.34,2025-07-24
ORD-85577,AUDIO-5117,DEFECTIVE,DAMAGED,113.53,2025-10-05
ORD-93032,CHARG-2307,SIZE_ISSUE,DAMAGED,267.55,2026-06-07
ORD-26381,RACK-2818,DEFECTIVE,FAIR,307.90,2026-01-17
ORD-59924,SCAN-3214,DAMAGED,GOOD,333.83,2026-03-01
ORD-28621,LABEL-7137,DAMAGED,LIKE_NEW,123.80,2025-08-30
ORD-20866,BATT-7701,DUPLICATE_ORDER,LIKE_NEW,453.36,2025-05-06
ORD-79785,LIGHT-9951,DUPLICATE_ORDER,GOOD,319.22,2026-04-27
ORD-83534,GADGET-2638,DAMAGED,DAMAGED,13.79,2026-04-11
ORD-75160,TOOL-0439,CHANGED_MIND,LIKE_NEW,284.19,2026-01-07
ORD-12323,CABLE-6334,DELAYED_DELIVERY,GOOD,230.14,2026-01-09
ORD-97417,LIGHT-4548,WRONG_ITEM,GOOD,349.78,2025-03-16
ORD-14017,LIGHT-3052,NOT_AS_DESCRIBED,NEW,414.36,2026-03-18
ORD-96898,SEAL-7679,DEFECTIVE,FAIR,213.90,2026-05-14
ORD-43686,GLOVE-7899,DAMAGED,NEW,357.65,2025-04-10
ORD-20416,GADGET-4838,DEFECTIVE,DAMAGED,119.08,2025-09-14
ORD-42361,LABEL-9140,DAMAGED,FAIR,13.83,2025-03-28
ORD-94202,CART-7324,SIZE_ISSUE,FAIR,393.99,2025-12-21
ORD-94456,AUDIO-3087,DELAYED_DELIVERY,LIKE_NEW,70.96,2025-08-05
ORD-87525,AUDIO-2125,DAMAGED,GOOD,68.43,2026-05-20
ORD-72507,LABEL-2974,SIZE_ISSUE,FAIR,129.87,2026-04-02
ORD-98401,FILTER-0785,DAMAGED,NEW,330.89,2026-06-18
ORD-78883,PACK-3059,WRONG_ITEM,NEW,468.16,2025-10-16
ORD-78987,CASE-7078,DEFECTIVE,LIKE_NEW,356.93,2025-07-14
ORD-79631,AUDIO-9543,CHANGED_MIND,DAMAGED,247.15,2026-06-02
ORD-49024,BATT-0260,DELAYED_DELIVERY,FAIR,168.96,2025-09-10
ORD-58300,UNIF-9734,DELAYED_DELIVERY,FAIR,377.64,2025-02-27
ORD-60242,RACK-4005,DAMAGED,DAMAGED,173.46,2025-05-14
ORD-94569,PRINT-0895,DAMAGED,GOOD,158.69,2025-03-25
ORD-65009,PRINT-7770,DELAYED_DELIVERY,FAIR,374.33,2026-04-01
ORD-94521,LABEL-8608,WRONG_ITEM,DAMAGED,496.86,2026-06-14
ORD-66953,LIGHT-6788,WRONG_ITEM,LIKE_NEW,435.52,2025-11-30
ORD-91054,CASE-5375,DAMAGED,NEW,61.81,2025-12-10
ORD-67439,BATT-3763,DUPLICATE_ORDER,NEW,48.26,2025-10-15
ORD-70375,LIGHT-8100,SIZE_ISSUE,DAMAGED,214.15,2026-02-15
ORD-98432,LIGHT-8277,CHANGED_MIND,GOOD,149.57,2026-05-21
ORD-98993,LABEL-9343,WRONG_ITEM,FAIR,279.21,2025-06-07
ORD-27713,WIDGET-0721,WRONG_ITEM,NEW,395.55,2025-04-10
ORD-43491,BATT-8268,CHANGED_MIND,FAIR,300.09,2026-02-09
ORD-33881,FILTER-1406,DUPLICATE_ORDER,FAIR,165.06,2025-12-15
ORD-24113,CHARG-9547,DEFECTIVE,DAMAGED,351.15,2026-04-01
ORD-22865,PRINT-0230,DEFECTIVE,NEW,358.02,2025-12-28
ORD-77481,GLOVE-3005,DELAYED_DELIVERY,LIKE_NEW,331.18,2026-05-11
ORD-98262,PRINT-4801,CHANGED_MIND,FAIR,178.04,2025-05-12
ORD-91154,CASE-8459,NOT_AS_DESCRIBED,NEW,475.18,2025-12-20
ORD-25068,LABEL-2037,SIZE_ISSUE,LIKE_NEW,372.76,2025-03-07
ORD-33598,PRINT-3558,DELAYED_DELIVERY,LIKE_NEW,380.64,2025-08-29
ORD-52932,AUDIO-7079,SIZE_ISSUE,GOOD,339.38,2026-05-11
ORD-75235,LABEL-3485,DELAYED_DELIVERY,LIKE_NEW,197.06,2025-12-09
ORD-79734,GLOVE-5287,DEFECTIVE,LIKE_NEW,334.48,2025-01-10
ORD-49263,PRINT-9672,SIZE_ISSUE,DAMAGED,50.61,2025-01-02
ORD-71644,GLOVE-1230,DAMAGED,DAMAGED,19.77,2026-02-27
ORD-21185,RACK-9771,DEFECTIVE,FAIR,421.97,2026-02-08
ORD-61516,SEAL-9900,SIZE_ISSUE,GOOD,239.91,2025-04-03
ORD-70222,ELEC-2790,DELAYED_DELIVERY,LIKE_NEW,187.28,2026-03-10
ORD-75595,AUDIO-0827,NOT_AS_DESCRIBED,LIKE_NEW,177.39,2025-07-21
ORD-60706,RACK-6091,DAMAGED,GOOD,166.33,2026-04-02
ORD-59775,GLOVE-3390,DUPLICATE_ORDER,NEW,239.90,2025-04-06
ORD-17259,GLOVE-2882,NOT_AS_DESCRIBED,DAMAGED,152.28,2026-04-18
ORD-60594,CHARG-6803,WRONG_ITEM,LIKE_NEW,341.53,2025-04-01
ORD-44119,SCAN-9954,NOT_AS_DESCRIBED,FAIR,336.74,2025-08-31
ORD-24066,RACK-6470,DAMAGED,FAIR,170.20,2025-11-02
ORD-43510,AUDIO-9505,DEFECTIVE,DAMAGED,162.59,2025-12-11
ORD-61543,PACK-3567,DEFECTIVE,NEW,327.71,2025-07-25
ORD-61127,CABLE-1936,DEFECTIVE,GOOD,341.02,2026-02-03
ORD-43944,GADGET-7297,SIZE_ISSUE,NEW,436.19,2026-05-29
ORD-24168,TOOL-3351,DUPLICATE_ORDER,LIKE_NEW,437.45,2026-05-03
ORD-92810,PRINT-4037,CHANGED_MIND,GOOD,465.85,2026-05-10
ORD-92392,BATT-9760,DUPLICATE_ORDER,DAMAGED,375.90,2026-02-06
ORD-67759,LABEL-7682,DEFECTIVE,GOOD,183.47,2026-06-14
ORD-87689,RACK-0606,SIZE_ISSUE,NEW,492.92,2026-01-29
ORD-89820,SCAN-1575,DUPLICATE_ORDER,GOOD,353.38,2025-07-07
ORD-72686,WIDGET-0814,DAMAGED,DAMAGED,127.41,2025-04-18
ORD-37806,CABLE-6408,NOT_AS_DESCRIBED,FAIR,408.61,2026-03-07
ORD-12583,BATT-1055,NOT_AS_DESCRIBED,FAIR,380.13,2025-10-22
ORD-19927,PACK-8188,SIZE_ISSUE,NEW,348.13,2025-03-11
ORD-78983,CHARG-2831,DUPLICATE_ORDER,NEW,362.60,2025-12-28
ORD-64221,TOOL-7749,CHANGED_MIND,GOOD,171.32,2025-06-10
ORD-30334,AUDIO-6040,DUPLICATE_ORDER,LIKE_NEW,346.95,2025-11-27
ORD-82924,GLOVE-0424,CHANGED_MIND,LIKE_NEW,7.84,2025-06-04
ORD-29377,CART-2906,NOT_AS_DESCRIBED,LIKE_NEW,181.62,2025-05-28
ORD-81194,LABEL-8637,SIZE_ISSUE,NEW,190.41,2025-07-18
ORD-55973,SCAN-6717,DELAYED_DELIVERY,FAIR,471.89,2026-02-25
ORD-78976,CASE-8173,DELAYED_DELIVERY,FAIR,142.11,2026-01-04
ORD-52068,GADGET-7453,DAMAGED,DAMAGED,126.47,2025-01-11
ORD-26109,CART-5791,DEFECTIVE,DAMAGED,275.43,2026-05-07
ORD-51430,PACK-5088,DUPLICATE_ORDER,NEW,374.85,2025-12-13
ORD-81163,ELEC-0197,DUPLICATE_ORDER,DAMAGED,10.22,2025-01-02
ORD-83664,PRINT-9111,CHANGED_MIND,FAIR,299.30,2025-09-24
ORD-43244,GLOVE-7132,WRONG_ITEM,DAMAGED,110.01,2026-03-14
ORD-59404,LIGHT-6294,DELAYED_DELIVERY,FAIR,382.58,2025-09-06
ORD-38738,AUDIO-4921,SIZE_ISSUE,FAIR,141.87,2026-02-23
ORD-39998,LIGHT-7857,DAMAGED,LIKE_NEW,397.64,2026-03-17
ORD-32317,UNIF-1876,WRONG_ITEM,GOOD,5.26,2025-08-12
ORD-73559,CASE-3388,SIZE_ISSUE,LIKE_NEW,147.71,2025-11-17
ORD-16590,FILTER-2697,WRONG_ITEM,DAMAGED,148.45,2025-11-24
ORD-93020,WIDGET-4137,SIZE_ISSUE,LIKE_NEW,377.02,2025-01-28
ORD-91830,GLOVE-9236,CHANGED_MIND,LIKE_NEW,299.61,2025-10-04
ORD-56583,RACK-7976,SIZE_ISSUE,LIKE_NEW,488.37,2026-02-24
ORD-59499,WIDGET-9374,DUPLICATE_ORDER,DAMAGED,61.85,2025-04-06
ORD-67551,CASE-7942,NOT_AS_DESCRIBED,FAIR,220.74,2025-07-29
ORD-90477,LABEL-8663,DUPLICATE_ORDER,DAMAGED,227.95,2025-11-03
ORD-76317,SCAN-5675,DUPLICATE_ORDER,FAIR,62.65,2025-04-26
ORD-92804,SCAN-8770,DELAYED_DELIVERY,GOOD,135.65,2026-02-04
ORD-18456,SEAL-3984,DUPLICATE_ORDER,LIKE_NEW,172.78,2025-09-14
ORD-72583,GLOVE-7920,DELAYED_DELIVERY,LIKE_NEW,222.10,2025-06-11
ORD-20401,CABLE-3642,DELAYED_DELIVERY,DAMAGED,230.28,2026-01-14
ORD-60264,TOOL-1334,SIZE_ISSUE,GOOD,189.79,2025-08-15
ORD-26624,BATT-9743,DEFECTIVE,NEW,459.48,2025-11-28
ORD-87226,WIDGET-5238,DELAYED_DELIVERY,GOOD,371.02,2026-03-25
ORD-40161,PACK-5278,DUPLICATE_ORDER,GOOD,21.05,2025-03-10
ORD-84927,AUDIO-4543,DELAYED_DELIVERY,LIKE_NEW,148.77,2025-05-09
ORD-96207,GLOVE-1690,DAMAGED,LIKE_NEW,306.98,2025-09-10
ORD-17251,SEAL-5509,NOT_AS_DESCRIBED,LIKE_NEW,189.07,2025-07-19
ORD-58290,SCAN-7739,DUPLICATE_ORDER,DAMAGED,336.92,2025-01-21
ORD-84753,PACK-2563,DAMAGED,NEW,299.23,2025-01-01
ORD-78858,GLOVE-9178,SIZE_ISSUE,GOOD,318.28,2026-06-01
ORD-95411,CART-2397,SIZE_ISSUE,LIKE_NEW,235.21,2026-03-12
ORD-42446,GADGET-9634,SIZE_ISSUE,FAIR,113.65,2026-06-12
ORD-42408,SEAL-6305,CHANGED_MIND,NEW,286.76,2026-05-26
ORD-75961,FILTER-5489,DEFECTIVE,NEW,344.63,2025-10-27
ORD-46364,PACK-0760,SIZE_ISSUE,LIKE_NEW,302.30,2025-06-10
ORD-89927,WIDGET-1339,DEFECTIVE,FAIR,308.02,2025-07-06
ORD-29341,PACK-5828,DAMAGED,FAIR,260.81,2025-12-20
ORD-47964,PACK-3893,DEFECTIVE,GOOD,312.47,2025-03-22
ORD-56036,SEAL-8190,WRONG_ITEM,NEW,232.11,2025-11-24
ORD-36646,RACK-9030,SIZE_ISSUE,LIKE_NEW,142.59,2025-11-20
ORD-82563,TOOL-9672,SIZE_ISSUE,NEW,491.20,2026-05-28
ORD-49866,WIDGET-8108,DUPLICATE_ORDER,GOOD,383.58,2025-01-03
ORD-57784,LIGHT-6421,DUPLICATE_ORDER,DAMAGED,315.19,2025-05-26
ORD-67328,UNIF-3555,DUPLICATE_ORDER,NEW,385.86,2025-01-25
ORD-55770,TOOL-3112,DEFECTIVE,FAIR,304.97,2026-04-05
ORD-33812,TOOL-2106,WRONG_ITEM,GOOD,197.12,2025-09-06
ORD-82455,LABEL-0461,DAMAGED,FAIR,433.20,2026-06-18
ORD-53725,AUDIO-7370,DAMAGED,NEW,147.95,2025-06-24
ORD-50655,TOOL-3649,SIZE_ISSUE,NEW,242.32,2025-01-03
ORD-65850,LIGHT-9280,DEFECTIVE,DAMAGED,189.13,2025-08-09
ORD-14369,SEAL-9164,DELAYED_DELIVERY,DAMAGED,106.07,2026-03-12
ORD-77618,ELEC-6937,SIZE_ISSUE,LIKE_NEW,103.48,2026-02-09
ORD-65779,FILTER-6780,DEFECTIVE,FAIR,240.03,2026-01-16
ORD-55861,RACK-5829,SIZE_ISSUE,LIKE_NEW,368.83,2025-12-01
ORD-48090,ELEC-0050,DUPLICATE_ORDER,FAIR,243.29,2025-05-14
ORD-56372,WIDGET-4812,DEFECTIVE,LIKE_NEW,167.46,2026-05-30
ORD-81843,TOOL-0423,DUPLICATE_ORDER,GOOD,266.66,2025-06-04
ORD-37686,FILTER-7937,DELAYED_DELIVERY,GOOD,393.17,2025-06-02
ORD-16090,UNIF-0349,DAMAGED,GOOD,470.89,2025-01-17
ORD-47520,TOOL-6060,DEFECTIVE,FAIR,368.90,2025-11-07
ORD-86002,AUDIO-1916,CHANGED_MIND,FAIR,11.82,2025-05-02
ORD-66114,ELEC-1409,DUPLICATE_ORDER,GOOD,316.69,2026-03-24
ORD-21708,AUDIO-4662,DEFECTIVE,GOOD,223.02,2025-12-31
ORD-15903,GADGET-0679,DELAYED_DELIVERY,GOOD,278.24,2025-02-04
ORD-93980,CART-9621,DAMAGED,LIKE_NEW,314.97,2025-01-24
ORD-63233,RACK-0609,CHANGED_MIND,GOOD,305.46,2025-11-12
ORD-91764,AUDIO-5441,CHANGED_MIND,GOOD,370.86,2026-06-03
ORD-15337,AUDIO-6452,NOT_AS_DESCRIBED,DAMAGED,112.68,2025-10-27
ORD-73863,CABLE-2700,DELAYED_DELIVERY,GOOD,165.98,2026-06-07
ORD-22750,GLOVE-0629,NOT_AS_DESCRIBED,LIKE_NEW,177.99,2025-10-31
ORD-94256,BATT-4271,DELAYED_DELIVERY,DAMAGED,317.18,2026-02-21
ORD-62609,AUDIO-9953,DEFECTIVE,NEW,366.17,2025-09-24
ORD-56788,LIGHT-9695,DEFECTIVE,GOOD,352.23,2026-03-04
ORD-74987,PRINT-2716,DUPLICATE_ORDER,NEW,154.29,2026-01-21
ORD-24351,LABEL-0835,SIZE_ISSUE,LIKE_NEW,41.39,2025-01-15
ORD-87330,UNIF-1896,CHANGED_MIND,FAIR,479.83,2025-04-16
ORD-39213,WIDGET-3766,DELAYED_DELIVERY,FAIR,303.36,2025-07-04
ORD-82026,ELEC-5978,DEFECTIVE,NEW,193.61,2025-11-30
ORD-44224,SEAL-6309,DAMAGED,GOOD,222.40,2025-04-25
ORD-30288,PACK-3589,CHANGED_MIND,NEW,67.98,2026-02-17
ORD-87791,UNIF-7413,CHANGED_MIND,LIKE_NEW,386.29,2025-06-15
ORD-86546,PACK-8163,DELAYED_DELIVERY,FAIR,143.65,2025-02-08
ORD-82793,GADGET-9242,SIZE_ISSUE,NEW,235.79,2025-08-26
ORD-95462,AUDIO-1468,DUPLICATE_ORDER,FAIR,51.55,2026-03-11
ORD-14826,CHARG-2827,CHANGED_MIND,NEW,136.20,2025-09-16
ORD-68693,TOOL-6839,DUPLICATE_ORDER,NEW,424.84,2025-09-26
ORD-23734,PACK-3037,CHANGED_MIND,GOOD,145.54,2025-12-20
ORD-99415,UNIF-2351,CHANGED_MIND,DAMAGED,146.47,2026-01-13
ORD-43679,TOOL-9394,WRONG_ITEM,LIKE_NEW,466.35,2026-04-20
ORD-83099,GADGET-4167,SIZE_ISSUE,FAIR,71.84,2025-07-13
ORD-81772,LIGHT-7279,NOT_AS_DESCRIBED,DAMAGED,199.13,2025-11-30
ORD-31598,CASE-2845,SIZE_ISSUE,FAIR,6.20,2026-05-13
ORD-46872,ELEC-5096,CHANGED_MIND,GOOD,423.20,2025-10-04
ORD-10445,BATT-7133,WRONG_ITEM,LIKE_NEW,179.39,2025-10-17
ORD-30305,FILTER-5788,DUPLICATE_ORDER,FAIR,47.73,2025-07-22
ORD-28792,SEAL-2498,WRONG_ITEM,LIKE_NEW,269.01,2025-05-06
ORD-57197,PACK-1187,DEFECTIVE,DAMAGED,335.17,2025-10-07
ORD-27370,PRINT-5932,DAMAGED,FAIR,172.94,2026-01-12
ORD-62686,CART-8247,DEFECTIVE,DAMAGED,452.85,2026-06-23
ORD-32534,WIDGET-7187,DAMAGED,FAIR,40.55,2026-02-05
ORD-34660,LIGHT-5028,DEFECTIVE,LIKE_NEW,330.00,2025-08-05
ORD-74056,UNIF-1726,NOT_AS_DESCRIBED,LIKE_NEW,206.32,2025-06-12
ORD-69153,AUDIO-3996,DAMAGED,FAIR,67.06,2026-04-03
ORD-66301,LABEL-4775,CHANGED_MIND,DAMAGED,171.19,2026-06-03
ORD-76676,ELEC-9514,DELAYED_DELIVERY,FAIR,271.03,2026-04-03
ORD-93907,LABEL-4821,DAMAGED,DAMAGED,148.32,2025-07-18
ORD-19558,LIGHT-6834,SIZE_ISSUE,GOOD,320.42,2026-05-22
ORD-30576,PACK-6699,DELAYED_DELIVERY,DAMAGED,482.15,2025-01-05
ORD-53297,AUDIO-6625,CHANGED_MIND,FAIR,324.85,2025-08-03
ORD-34474,GADGET-3136,WRONG_ITEM,FAIR,66.10,2025-07-31
ORD-24064,GLOVE-7376,DEFECTIVE,GOOD,125.45,2025-02-12
ORD-37180,CART-8750,NOT_AS_DESCRIBED,LIKE_NEW,103.85,2025-11-23
ORD-97129,ELEC-8391,DEFECTIVE,NEW,202.02,2025-10-14
ORD-80851,WIDGET-2581,NOT_AS_DESCRIBED,FAIR,71.91,2025-03-01
ORD-25628,SCAN-3639,DUPLICATE_ORDER,LIKE_NEW,40.62,2025-12-29
ORD-46179,AUDIO-9231,SIZE_ISSUE,DAMAGED,455.00,2026-01-04
ORD-73528,AUDIO-4262,WRONG_ITEM,GOOD,292.00,2025-03-28
ORD-12816,PACK-6985,DEFECTIVE,DAMAGED,213.02,2025-07-07
ORD-40891,PACK-5788,DEFECTIVE,GOOD,201.60,2025-05-25
ORD-63791,PRINT-2861,DAMAGED,GOOD,432.10,2026-05-22
ORD-82377,PRINT-9915,DAMAGED,LIKE_NEW,466.88,2025-12-11
ORD-23731,PRINT-9016,DAMAGED,FAIR,481.03,2025-04-12
ORD-42075,FILTER-0707,CHANGED_MIND,LIKE_NEW,37.20,2026-06-27
ORD-47891,GADGET-1268,DUPLICATE_ORDER,FAIR,422.95,2026-05-24
ORD-95407,WIDGET-6467,DAMAGED,DAMAGED,442.72,2025-03-07
ORD-14871,RACK-7826,DUPLICATE_ORDER,LIKE_NEW,434.29,2026-03-09
ORD-79595,PACK-6856,DUPLICATE_ORDER,NEW,490.41,2025-08-08
ORD-64886,CART-1523,CHANGED_MIND,DAMAGED,465.34,2025-06-17
ORD-24904,CASE-0688,SIZE_ISSUE,LIKE_NEW,238.17,2025-07-20
ORD-17066,UNIF-7429,WRONG_ITEM,GOOD,378.44,2025-01-19
ORD-35560,SCAN-0165,DAMAGED,NEW,457.14,2025-12-16
ORD-97157,PACK-2902,CHANGED_MIND,NEW,243.78,2025-07-01
ORD-95455,CASE-8069,DELAYED_DELIVERY,DAMAGED,413.54,2026-04-05
ORD-91749,UNIF-8754,DAMAGED,NEW,119.36,2026-04-18
ORD-39938,CART-1921,DUPLICATE_ORDER,LIKE_NEW,80.57,2025-08-01
ORD-32665,CABLE-9420,SIZE_ISSUE,LIKE_NEW,482.22,2025-12-02
ORD-43544,GADGET-1838,DELAYED_DELIVERY,DAMAGED,337.03,2025-09-12
ORD-82177,CASE-8017,DUPLICATE_ORDER,GOOD,121.19,2025-03-29
ORD-76304,CART-6584,DELAYED_DELIVERY,GOOD,302.08,2026-04-11
ORD-81575,GADGET-0941,SIZE_ISSUE,DAMAGED,90.98,2025-10-04
ORD-66164,LIGHT-6551,CHANGED_MIND,DAMAGED,418.74,2025-09-05
ORD-72657,PACK-5890,DUPLICATE_ORDER,NEW,143.67,2025-12-11
ORD-81323,AUDIO-8842,SIZE_ISSUE,GOOD,24.15,2026-05-27
ORD-70918,GADGET-9521,DEFECTIVE,LIKE_NEW,62.21,2025-05-29
ORD-22450,PRINT-1275,NOT_AS_DESCRIBED,GOOD,495.73,2026-05-28
ORD-10309,CASE-3162,NOT_AS_DESCRIBED,LIKE_NEW,59.45,2026-01-19
ORD-98254,SEAL-9514,CHANGED_MIND,GOOD,14.10,2025-02-19
ORD-20930,CASE-6648,DEFECTIVE,NEW,443.89,2025-07-24
ORD-37367,FILTER-3041,DEFECTIVE,FAIR,87.36,2025-06-28
ORD-60229,GADGET-9291,NOT_AS_DESCRIBED,NEW,494.90,2025-10-10
ORD-27098,PACK-6531,NOT_AS_DESCRIBED,LIKE_NEW,62.90,2025-04-07
ORD-48382,GADGET-9007,DAMAGED,LIKE_NEW,57.17,2025-03-07
ORD-72306,TOOL-7355,WRONG_ITEM,DAMAGED,398.01,2025-10-30
ORD-51475,LABEL-4097,DEFECTIVE,GOOD,382.39,2026-01-06
ORD-13780,CART-1206,DEFECTIVE,NEW,421.55,2025-12-07
ORD-64141,LABEL-3814,DUPLICATE_ORDER,LIKE_NEW,402.27,2025-08-20
ORD-57815,SCAN-6048,WRONG_ITEM,FAIR,400.89,2025-09-02
ORD-57383,BATT-4322,WRONG_ITEM,LIKE_NEW,327.82,2025-01-29
ORD-29670,BATT-8639,CHANGED_MIND,FAIR,497.15,2025-02-25
ORD-62016,SEAL-5350,CHANGED_MIND,NEW,88.42,2025-06-21
ORD-35332,PACK-7304,SIZE_ISSUE,FAIR,147.34,2025-11-05
ORD-86018,GADGET-6017,SIZE_ISSUE,NEW,251.70,2025-07-16
ORD-29812,CABLE-8127,SIZE_ISSUE,GOOD,85.79,2025-05-05
ORD-51406,UNIF-7612,WRONG_ITEM,FAIR,408.76,2025-09-13
ORD-22928,GLOVE-1735,DUPLICATE_ORDER,NEW,51.34,2025-09-22
ORD-31296,CHARG-1901,DAMAGED,GOOD,352.35,2026-05-28
ORD-50862,PACK-5003,CHANGED_MIND,FAIR,112.33,2025-07-28
ORD-68152,TOOL-7700,DELAYED_DELIVERY,NEW,288.82,2025-01-01
ORD-99442,SEAL-6592,DUPLICATE_ORDER,GOOD,452.82,2025-11-22
ORD-95806,GADGET-8893,DUPLICATE_ORDER,FAIR,371.44,2025-01-06
ORD-35173,CHARG-0122,WRONG_ITEM,NEW,466.90,2026-02-17
ORD-21709,LABEL-0474,CHANGED_MIND,NEW,107.12,2025-02-07
ORD-24857,ELEC-2060,SIZE_ISSUE,LIKE_NEW,268.47,2025-04-03
ORD-97119,UNIF-1440,SIZE_ISSUE,LIKE_NEW,19.66,2025-09-08
ORD-51667,GLOVE-9620,CHANGED_MIND,GOOD,477.73,2026-03-09
ORD-44016,WIDGET-0503,WRONG_ITEM,DAMAGED,36.59,2025-11-21
ORD-48111,CABLE-6535,DEFECTIVE,FAIR,278.71,2025-06-02
ORD-48129,TOOL-2015,CHANGED_MIND,GOOD,106.86,2025-06-26
ORD-49709,TOOL-2001,DELAYED_DELIVERY,FAIR,161.97,2025-10-26
ORD-96360,PACK-7152,DAMAGED,GOOD,455.24,2026-06-25
ORD-29117,CABLE-3750,DEFECTIVE,FAIR,447.81,2025-10-28
ORD-26553,TOOL-1299,CHANGED_MIND,DAMAGED,134.55,2025-02-26
ORD-39401,UNIF-9792,DUPLICATE_ORDER,NEW,315.82,2025-12-13
ORD-90397,CABLE-3901,DELAYED_DELIVERY,FAIR,198.50,2025-05-31
ORD-18471,GLOVE-4697,CHANGED_MIND,GOOD,165.75,2025-08-28
ORD-22917,SEAL-4430,DUPLICATE_ORDER,NEW,217.92,2025-11-28
ORD-94616,CASE-1695,WRONG_ITEM,LIKE_NEW,240.52,2025-04-17
ORD-39329,PRINT-4762,CHANGED_MIND,LIKE_NEW,318.20,2025-01-13
ORD-75059,CART-9808,DEFECTIVE,FAIR,270.09,2025-11-25
ORD-69358,PACK-0877,WRONG_ITEM,DAMAGED,401.36,2026-06-24
ORD-39808,WIDGET-4494,WRONG_ITEM,GOOD,318.83,2025-10-12
ORD-93719,CASE-8003,DELAYED_DELIVERY,FAIR,124.02,2025-10-01
ORD-39215,PACK-9974,SIZE_ISSUE,LIKE_NEW,218.85,2026-05-05
ORD-14512,ELEC-6989,DUPLICATE_ORDER,LIKE_NEW,418.87,2026-01-07
ORD-41643,TOOL-7925,DUPLICATE_ORDER,NEW,130.79,2025-01-05
ORD-83860,LIGHT-7763,DEFECTIVE,NEW,456.41,2025-04-29
ORD-77939,FILTER-6519,SIZE_ISSUE,GOOD,323.91,2026-01-03
ORD-32171,RACK-0349,DUPLICATE_ORDER,GOOD,21.09,2025-12-25
ORD-73319,RACK-2510,WRONG_ITEM,DAMAGED,137.12,2025-06-06
ORD-61192,PACK-8280,DEFECTIVE,FAIR,473.43,2025-06-26
ORD-47751,TOOL-6980,WRONG_ITEM,NEW,300.43,2025-10-03
ORD-14618,PRINT-6247,DAMAGED,FAIR,258.84,2025-01-27
ORD-76915,CART-0884,CHANGED_MIND,DAMAGED,400.53,2025-04-02
ORD-26087,CABLE-1930,SIZE_ISSUE,DAMAGED,169.46,2025-05-23
ORD-82667,CABLE-2625,NOT_AS_DESCRIBED,LIKE_NEW,478.01,2025-07-09
ORD-53165,PACK-7964,SIZE_ISSUE,LIKE_NEW,176.38,2025-08-08
ORD-78039,PACK-7028,WRONG_ITEM,FAIR,91.56,2026-04-17
ORD-25221,CHARG-1507,NOT_AS_DESCRIBED,GOOD,396.62,2026-05-24
ORD-95551,GLOVE-3091,DAMAGED,LIKE_NEW,161.20,2026-05-19
ORD-40477,GLOVE-4168,DAMAGED,NEW,339.74,2025-11-13
ORD-29799,WIDGET-9982,DELAYED_DELIVERY,LIKE_NEW,22.17,2025-09-02
ORD-73065,CHARG-1834,DUPLICATE_ORDER,DAMAGED,230.40,2025-10-22
ORD-28805,FILTER-0826,DUPLICATE_ORDER,DAMAGED,72.29,2025-12-04
ORD-39651,PRINT-0036,DUPLICATE_ORDER,GOOD,346.10,2026-05-19
ORD-74798,SCAN-9944,NOT_AS_DESCRIBED,FAIR,151.21,2025-07-06
ORD-74036,LIGHT-7543,DUPLICATE_ORDER,FAIR,78.74,2026-06-18
ORD-92160,ELEC-6919,WRONG_ITEM,LIKE_NEW,293.58,2025-03-29
ORD-41372,FILTER-1699,WRONG_ITEM,NEW,123.49,2025-08-01
ORD-16648,ELEC-0482,SIZE_ISSUE,GOOD,97.92,2025-02-15
ORD-33346,CHARG-6636,DELAYED_DELIVERY,DAMAGED,416.98,2025-10-23
ORD-23577,BATT-3460,DAMAGED,LIKE_NEW,94.77,2025-06-24
ORD-14375,CART-7932,NOT_AS_DESCRIBED,DAMAGED,377.54,2026-05-01
ORD-17763,RACK-4988,NOT_AS_DESCRIBED,DAMAGED,416.33,2025-04-18
ORD-42578,GLOVE-0196,DUPLICATE_ORDER,DAMAGED,439.60,2026-06-16
ORD-36883,GLOVE-2777,WRONG_ITEM,LIKE_NEW,475.18,2025-04-25
ORD-65607,CART-3045,DAMAGED,FAIR,326.50,2026-06-13
ORD-10855,SCAN-9766,NOT_AS_DESCRIBED,FAIR,38.47,2025-04-20
ORD-91866,AUDIO-1221,SIZE_ISSUE,DAMAGED,154.29,2025-09-10
ORD-80819,WIDGET-3234,SIZE_ISSUE,GOOD,492.38,2026-03-25
ORD-40318,CART-2021,WRONG_ITEM,LIKE_NEW,397.52,2026-04-02
ORD-18021,CHARG-9419,DELAYED_DELIVERY,FAIR,88.68,2026-01-11
ORD-51046,CASE-0511,SIZE_ISSUE,FAIR,441.75,2025-01-16
ORD-12033,FILTER-3812,DUPLICATE_ORDER,GOOD,326.76,2026-06-04
ORD-77998,CABLE-3350,DELAYED_DELIVERY,DAMAGED,363.15,2025-05-08
ORD-77000,WIDGET-9100,DAMAGED,DAMAGED,327.70,2025-08-26
ORD-77826,FILTER-0950,DAMAGED,DAMAGED,143.76,2026-05-08
ORD-87536,CART-2720,DUPLICATE_ORDER,DAMAGED,245.73,2025-12-29
ORD-38728,LABEL-1150,DUPLICATE_ORDER,FAIR,386.22,2025-04-13
ORD-52090,AUDIO-3545,DEFECTIVE,FAIR,387.04,2026-01-26
ORD-63866,SEAL-8085,DEFECTIVE,FAIR,110.52,2025-08-27
ORD-21876,ELEC-9390,WRONG_ITEM,FAIR,350.00,2025-04-17
ORD-87369,FILTER-5521,NOT_AS_DESCRIBED,NEW,299.51,2026-05-17
ORD-36943,ELEC-3119,DELAYED_DELIVERY,NEW,119.03,2026-05-20
ORD-91627,TOOL-7644,DEFECTIVE,LIKE_NEW,245.39,2025-08-05
ORD-13602,SEAL-1598,DAMAGED,NEW,448.60,2025-10-21
ORD-58636,UNIF-2124,DEFECTIVE,FAIR,76.22,2025-04-09
ORD-61269,BATT-4429,SIZE_ISSUE,GOOD,67.85,2026-03-18
ORD-83253,CHARG-7835,NOT_AS_DESCRIBED,LIKE_NEW,183.29,2025-11-25
ORD-17945,SEAL-5382,DAMAGED,DAMAGED,331.98,2025-01-25
ORD-53946,AUDIO-6302,SIZE_ISSUE,DAMAGED,319.69,2025-05-13
ORD-13175,LABEL-2604,DEFECTIVE,DAMAGED,176.06,2025-01-24
ORD-40691,FILTER-5257,DEFECTIVE,DAMAGED,53.86,2026-03-01
ORD-80727,CHARG-4550,DUPLICATE_ORDER,FAIR,166.69,2026-04-03
ORD-80599,TOOL-7328,DELAYED_DELIVERY,GOOD,498.05,2025-02-04
ORD-51234,CHARG-0910,DUPLICATE_ORDER,NEW,487.00,2026-01-14
ORD-97291,FILTER-6879,SIZE_ISSUE,GOOD,9.76,2025-06-28
ORD-16357,ELEC-6449,SIZE_ISSUE,GOOD,302.70,2025-09-06
ORD-14644,WIDGET-1173,NOT_AS_DESCRIBED,GOOD,432.73,2025-03-22
ORD-49743,GADGET-5720,DEFECTIVE,FAIR,316.89,2025-01-20
ORD-84830,TOOL-4176,DELAYED_DELIVERY,FAIR,182.88,2026-06-16
ORD-43735,WIDGET-0804,DEFECTIVE,NEW,445.28,2025-02-08
ORD-12948,CASE-6756,DELAYED_DELIVERY,GOOD,129.70,2026-04-19
ORD-60468,UNIF-3458,DELAYED_DELIVERY,DAMAGED,405.82,2025-12-26
ORD-32334,PACK-6657,DEFECTIVE,GOOD,496.79,2025-05-26
ORD-46965,PACK-6964,DAMAGED,GOOD,224.52,2025-03-03
ORD-20899,LIGHT-8690,DEFECTIVE,FAIR,303.21,2025-03-23
ORD-21688,UNIF-1837,DAMAGED,NEW,397.35,2026-01-29
ORD-56255,BATT-6110,DEFECTIVE,DAMAGED,339.14,2026-01-12
ORD-84205,FILTER-9858,DEFECTIVE,GOOD,123.93,2025-12-13
ORD-12822,LABEL-1158,SIZE_ISSUE,GOOD,40.22,2026-03-20
ORD-99622,CHARG-7882,SIZE_ISSUE,FAIR,439.66,2025-04-14
ORD-92030,GADGET-3748,DAMAGED,LIKE_NEW,65.21,2026-04-15
ORD-62691,GLOVE-0949,DAMAGED,GOOD,157.11,2026-01-20
ORD-23060,SEAL-8355,DELAYED_DELIVERY,GOOD,142.64,2026-03-06
ORD-47074,PACK-8276,DAMAGED,GOOD,343.18,2025-03-28
ORD-97068,CART-3735,DAMAGED,DAMAGED,447.89,2025-03-10
ORD-21536,AUDIO-7274,DAMAGED,GOOD,471.15,2025-10-13
ORD-74633,SCAN-2575,SIZE_ISSUE,GOOD,489.67,2025-04-05
ORD-44885,CASE-8688,DELAYED_DELIVERY,NEW,445.09,2025-11-13
ORD-60395,FILTER-8920,DELAYED_DELIVERY,FAIR,121.14,2025-06-08
ORD-94457,CASE-9181,SIZE_ISSUE,DAMAGED,14.05,2026-05-04
ORD-41969,GLOVE-6510,SIZE_ISSUE,FAIR,402.39,2026-04-27
ORD-36971,LABEL-8703,DEFECTIVE,GOOD,127.87,2025-06-01
ORD-55955,ELEC-9223,WRONG_ITEM,DAMAGED,230.02,2026-03-10
ORD-26619,CART-9366,SIZE_ISSUE,GOOD,223.56,2026-04-14
ORD-66692,SEAL-6559,DEFECTIVE,DAMAGED,45.40,2025-05-04
ORD-88825,LIGHT-5977,DAMAGED,FAIR,420.11,2025-05-10
ORD-54893,RACK-3451,WRONG_ITEM,FAIR,220.44,2026-05-24
ORD-12031,UNIF-5817,CHANGED_MIND,FAIR,162.69,2025-04-30
ORD-13428,PRINT-6141,CHANGED_MIND,LIKE_NEW,399.27,2026-03-02
ORD-73561,GADGET-4965,DELAYED_DELIVERY,FAIR,241.35,2026-05-08
ORD-24546,CHARG-0558,DUPLICATE_ORDER,FAIR,423.71,2026-04-25
ORD-17262,CABLE-5984,DEFECTIVE,NEW,183.19,2025-10-16
ORD-43560,SCAN-4624,DEFECTIVE,DAMAGED,347.53,2025-11-25
ORD-70069,FILTER-2166,DUPLICATE_ORDER,FAIR,496.71,2025-08-10
ORD-74305,CHARG-4377,DELAYED_DELIVERY,GOOD,171.63,2025-12-11
ORD-97700,PRINT-7757,CHANGED_MIND,FAIR,109.21,2025-12-13
ORD-45584,BATT-0053,DUPLICATE_ORDER,NEW,499.85,2025-12-16
ORD-38287,WIDGET-7362,DAMAGED,FAIR,464.63,2026-04-27
ORD-27136,UNIF-2342,SIZE_ISSUE,FAIR,288.03,2026-06-04
ORD-82916,GLOVE-0987,DELAYED_DELIVERY,LIKE_NEW,369.01,2026-03-13
ORD-62832,WIDGET-3847,CHANGED_MIND,FAIR,406.42,2025-02-01
ORD-93390,BATT-7614,CHANGED_MIND,GOOD,135.78,2025-06-26
ORD-94072,SCAN-4678,NOT_AS_DESCRIBED,GOOD,27.86,2026-05-09
ORD-89057,PACK-1682,CHANGED_MIND,GOOD,115.85,2026-05-23
ORD-71215,UNIF-4196,DAMAGED,GOOD,248.03,2026-03-07
ORD-47739,RACK-1059,WRONG_ITEM,FAIR,100.56,2026-03-15
ORD-86276,FILTER-0356,SIZE_ISSUE,LIKE_NEW,174.84,2025-06-30
ORD-55123,GADGET-1624,CHANGED_MIND,DAMAGED,41.61,2026-03-14
ORD-90353,GLOVE-8687,DEFECTIVE,FAIR,314.32,2025-05-26
ORD-37283,GADGET-7836,DEFECTIVE,NEW,264.32,2025-07-21
ORD-38279,CASE-9495,DEFECTIVE,LIKE_NEW,108.21,2026-05-07
ORD-49275,AUDIO-2914,CHANGED_MIND,DAMAGED,430.93,2025-06-29
ORD-46530,SCAN-4611,WRONG_ITEM,DAMAGED,6.87,2026-01-24
ORD-98177,RACK-5775,WRONG_ITEM,NEW,324.21,2025-06-28
ORD-85020,CASE-6890,DELAYED_DELIVERY,NEW,127.40,2025-04-20
ORD-81093,CABLE-9066,SIZE_ISSUE,DAMAGED,453.31,2025-09-27
ORD-66969,PACK-9669,DUPLICATE_ORDER,NEW,488.76,2025-05-29
ORD-13603,LIGHT-3777,DEFECTIVE,GOOD,303.36,2026-01-30
ORD-66652,SEAL-9498,DELAYED_DELIVERY,LIKE_NEW,112.34,2025-10-25
ORD-34757,CART-3405,SIZE_ISSUE,GOOD,440.86,2025-10-21
ORD-30842,UNIF-8207,DELAYED_DELIVERY,FAIR,124.96,2026-05-06
ORD-41630,CASE-9010,DUPLICATE_ORDER,NEW,368.88,2025-01-10
ORD-33502,LABEL-7781,DAMAGED,NEW,497.74,2025-07-29
ORD-19780,PACK-2595,DUPLICATE_ORDER,NEW,474.65,2025-12-04
ORD-56202,LIGHT-2588,CHANGED_MIND,FAIR,310.61,2025-05-30
ORD-46427,PRINT-5001,NOT_AS_DESCRIBED,FAIR,76.07,2026-04-18
ORD-73886,RACK-3942,DELAYED_DELIVERY,DAMAGED,44.23,2025-06-25
ORD-79018,SEAL-7249,DAMAGED,DAMAGED,246.36,2025-09-21
ORD-75255,CART-6285,WRONG_ITEM,NEW,150.81,2026-03-30
ORD-59728,BATT-9779,CHANGED_MIND,DAMAGED,478.81,2026-01-26
ORD-51090,BATT-4616,WRONG_ITEM,GOOD,245.61,2025-03-18
ORD-97257,UNIF-0823,DAMAGED,NEW,146.40,2025-09-28
ORD-20157,WIDGET-7540,WRONG_ITEM,DAMAGED,39.19,2025-10-14
ORD-42683,AUDIO-7478,DEFECTIVE,LIKE_NEW,214.05,2026-03-25
ORD-79351,ELEC-4770,CHANGED_MIND,LIKE_NEW,401.18,2025-11-22
ORD-13927,TOOL-9543,NOT_AS_DESCRIBED,GOOD,108.47,2025-03-06
ORD-96733,TOOL-0498,WRONG_ITEM,GOOD,258.02,2026-01-14
ORD-61860,LABEL-3691,WRONG_ITEM,LIKE_NEW,241.19,2025-02-17
ORD-18598,LABEL-4510,NOT_AS_DESCRIBED,NEW,453.07,2026-04-07
ORD-57115,SEAL-0455,SIZE_ISSUE,LIKE_NEW,8.37,2025-04-17
ORD-68366,LIGHT-7425,NOT_AS_DESCRIBED,LIKE_NEW,417.74,2026-05-08
ORD-93049,GADGET-1367,DEFECTIVE,NEW,331.96,2025-10-24
ORD-84144,BATT-6779,DAMAGED,NEW,414.41,2025-06-11
ORD-30878,CHARG-0255,DEFECTIVE,FAIR,43.29,2026-06-21
ORD-59973,FILTER-4423,CHANGED_MIND,FAIR,31.24,2025-11-17
ORD-21142,CHARG-4089,DUPLICATE_ORDER,DAMAGED,362.32,2025-10-11
ORD-71729,TOOL-1051,DEFECTIVE,NEW,478.64,2025-12-14
ORD-16893,TOOL-5175,NOT_AS_DESCRIBED,NEW,355.33,2025-12-02
ORD-90117,PRINT-6660,DEFECTIVE,LIKE_NEW,243.55,2025-07-15
ORD-45917,GLOVE-7942,CHANGED_MIND,FAIR,29.59,2025-12-02
ORD-43642,UNIF-5445,CHANGED_MIND,LIKE_NEW,161.83,2025-12-25
ORD-11078,CHARG-2772,DAMAGED,GOOD,203.35,2025-09-25
ORD-17457,PACK-9678,DELAYED_DELIVERY,DAMAGED,210.44,2025-04-23
ORD-74490,FILTER-4225,WRONG_ITEM,DAMAGED,83.88,2026-05-26
ORD-24335,ELEC-4917,WRONG_ITEM,FAIR,32.48,2025-01-22
ORD-19914,RACK-8180,DUPLICATE_ORDER,GOOD,455.69,2025-02-13
ORD-82962,BATT-6579,SIZE_ISSUE,DAMAGED,193.80,2025-11-30
ORD-16112,CHARG-4438,DELAYED_DELIVERY,NEW,451.64,2025-10-13
ORD-28009,SCAN-4270,DAMAGED,FAIR,249.37,2025-01-20
ORD-79472,CART-0993,DUPLICATE_ORDER,NEW,37.07,2025-05-07
ORD-39796,LABEL-8386,CHANGED_MIND,LIKE_NEW,208.30,2025-09-16
ORD-90926,LABEL-0705,DELAYED_DELIVERY,LIKE_NEW,131.12,2026-02-25
ORD-83851,UNIF-1908,DELAYED_DELIVERY,LIKE_NEW,437.68,2025-01-06
ORD-68364,PACK-8831,WRONG_ITEM,FAIR,328.42,2025-02-15
ORD-66252,CART-1275,DELAYED_DELIVERY,LIKE_NEW,215.84,2026-04-29
ORD-30206,AUDIO-9765,SIZE_ISSUE,FAIR,208.50,2025-04-18
ORD-99544,GADGET-5127,DELAYED_DELIVERY,NEW,433.45,2025-03-27
ORD-52263,GADGET-0480,SIZE_ISSUE,FAIR,11.88,2026-04-14
ORD-55595,ELEC-8797,DEFECTIVE,NEW,450.07,2026-04-30
ORD-82561,CHARG-2934,DELAYED_DELIVERY,GOOD,184.48,2026-03-24
ORD-23454,UNIF-7011,SIZE_ISSUE,FAIR,400.58,2026-03-20
ORD-66081,GLOVE-2151,WRONG_ITEM,DAMAGED,364.43,2025-07-01
ORD-82513,AUDIO-4906,WRONG_ITEM,GOOD,106.62,2025-06-04
ORD-24515,PACK-2596,SIZE_ISSUE,LIKE_NEW,373.93,2026-05-12
ORD-80088,AUDIO-3216,CHANGED_MIND,FAIR,456.24,2025-10-15
ORD-17128,UNIF-9441,WRONG_ITEM,LIKE_NEW,345.05,2025-02-16
ORD-55258,RACK-9569,DELAYED_DELIVERY,GOOD,345.60,2026-02-05
ORD-87450,CART-8840,DEFECTIVE,NEW,92.30,2025-06-19
ORD-54858,PACK-2115,DEFECTIVE,DAMAGED,112.01,2025-04-09
ORD-11908,CART-8843,DEFECTIVE,LIKE_NEW,182.05,2025-02-09
ORD-19157,PACK-2760,DEFECTIVE,FAIR,360.54,2026-04-14
ORD-18161,AUDIO-6090,DUPLICATE_ORDER,DAMAGED,179.11,2025-04-19
ORD-51686,ELEC-6414,SIZE_ISSUE,FAIR,377.87,2026-03-23
ORD-64178,CABLE-9381,CHANGED_MIND,GOOD,273.14,2026-02-11
ORD-35278,PACK-0891,DAMAGED,GOOD,125.52,2026-01-20
ORD-77296,GLOVE-3081,DAMAGED,NEW,311.32,2025-07-02
ORD-52759,CHARG-5892,DEFECTIVE,DAMAGED,497.11,2025-01-21
ORD-60752,SCAN-4395,DEFECTIVE,DAMAGED,222.40,2026-04-20
ORD-36778,PRINT-9157,SIZE_ISSUE,NEW,409.53,2025-07-24
ORD-93361,CASE-1922,DEFECTIVE,NEW,321.66,2026-03-24
ORD-61053,FILTER-8846,DELAYED_DELIVERY,DAMAGED,147.16,2025-09-04
ORD-83867,AUDIO-0448,DEFECTIVE,GOOD,218.14,2025-08-19
ORD-51049,PRINT-6785,DEFECTIVE,DAMAGED,306.56,2026-05-24
ORD-15000,PACK-4521,NOT_AS_DESCRIBED,FAIR,189.62,2025-01-06
ORD-47306,CASE-7660,DEFECTIVE,GOOD,375.05,2025-09-06
ORD-17560,CHARG-7699,DEFECTIVE,LIKE_NEW,246.84,2026-06-27
ORD-85621,WIDGET-2619,SIZE_ISSUE,FAIR,135.13,2025-04-27
ORD-34651,WIDGET-0783,DUPLICATE_ORDER,NEW,449.07,2025-05-02
ORD-91681,CART-5371,SIZE_ISSUE,GOOD,152.90,2025-08-03
ORD-81056,UNIF-0004,DELAYED_DELIVERY,LIKE_NEW,244.93,2025-01-25
ORD-60175,BATT-8365,DAMAGED,DAMAGED,166.12,2025-01-03
ORD-68250,BATT-5644,DUPLICATE_ORDER,LIKE_NEW,95.97,2026-01-15
ORD-28354,CART-5911,WRONG_ITEM,GOOD,421.89,2025-02-27
ORD-25344,LIGHT-5399,DAMAGED,GOOD,236.72,2025-04-05
ORD-67372,CART-8359,SIZE_ISSUE,GOOD,11.66,2026-01-06
ORD-26001,LIGHT-1973,DELAYED_DELIVERY,NEW,258.88,2026-01-03
ORD-22135,CASE-1669,DAMAGED,NEW,484.05,2025-01-04
ORD-74567,CHARG-0684,DELAYED_DELIVERY,GOOD,38.53,2026-03-15
ORD-86084,SCAN-3488,NOT_AS_DESCRIBED,LIKE_NEW,239.05,2025-05-29
ORD-60157,CART-9368,DELAYED_DELIVERY,FAIR,116.93,2026-04-22
ORD-90183,LIGHT-0689,DAMAGED,GOOD,93.19,2025-07-28
ORD-89001,GADGET-6152,DEFECTIVE,GOOD,209.32,2026-02-26
ORD-15946,LABEL-1327,DAMAGED,GOOD,415.57,2025-05-07
ORD-36684,GLOVE-3362,DELAYED_DELIVERY,DAMAGED,47.84,2025-11-17
ORD-80150,TOOL-9298,NOT_AS_DESCRIBED,FAIR,197.74,2025-10-22
ORD-34863,SEAL-4874,NOT_AS_DESCRIBED,FAIR,178.22,2025-07-19
ORD-21015,CASE-5163,DELAYED_DELIVERY,GOOD,476.40,2025-05-01
ORD-58255,GADGET-8898,DUPLICATE_ORDER,NEW,458.49,2026-01-26
ORD-40501,PRINT-1767,SIZE_ISSUE,DAMAGED,277.54,2026-05-06
ORD-63851,AUDIO-3930,DEFECTIVE,LIKE_NEW,103.25,2025-10-15
ORD-30401,LIGHT-3944,NOT_AS_DESCRIBED,DAMAGED,264.95,2025-09-03
ORD-23584,RACK-6334,DEFECTIVE,LIKE_NEW,165.58,2025-06-07
ORD-74967,WIDGET-4236,DEFECTIVE,NEW,390.22,2025-09-09
ORD-81600,SEAL-6219,CHANGED_MIND,DAMAGED,155.09,2025-02-11
ORD-75489,PRINT-2504,CHANGED_MIND,NEW,370.42,2026-04-21
ORD-51219,GLOVE-8295,CHANGED_MIND,FAIR,105.26,2026-05-31
ORD-13793,PACK-3362,SIZE_ISSUE,LIKE_NEW,267.31,2026-06-23
ORD-29298,LIGHT-3112,DEFECTIVE,DAMAGED,232.90,2025-04-06
ORD-89784,RACK-8881,DAMAGED,GOOD,234.75,2025-02-21
ORD-92693,LABEL-5930,WRONG_ITEM,DAMAGED,347.74,2026-02-10
ORD-28167,ELEC-0053,CHANGED_MIND,LIKE_NEW,204.86,2026-06-25
ORD-99862,BATT-8282,WRONG_ITEM,FAIR,274.50,2026-02-01
ORD-11477,WIDGET-6200,CHANGED_MIND,DAMAGED,342.06,2026-06-21
ORD-18296,BATT-7969,DEFECTIVE,GOOD,364.82,2025-06-17
ORD-58429,BATT-8918,DELAYED_DELIVERY,FAIR,164.65,2025-01-24
ORD-65350,CART-1231,SIZE_ISSUE,DAMAGED,71.41,2025-10-20
ORD-23220,SCAN-9989,SIZE_ISSUE,DAMAGED,224.22,2025-08-11
ORD-26162,GADGET-9136,DEFECTIVE,DAMAGED,110.00,2025-01-05
ORD-90976,CART-5665,DELAYED_DELIVERY,GOOD,454.62,2026-04-12
ORD-82218,RACK-0730,DELAYED_DELIVERY,DAMAGED,127.11,2025-09-19
ORD-64588,FILTER-8835,CHANGED_MIND,FAIR,458.41,2025-05-19
ORD-60710,GADGET-2995,WRONG_ITEM,LIKE_NEW,39.77,2026-06-01
ORD-13873,SEAL-6923,CHANGED_MIND,GOOD,32.78,2026-05-03
ORD-93284,CASE-3647,DEFECTIVE,DAMAGED,251.86,2025-01-09
ORD-37741,LABEL-8586,DAMAGED,GOOD,354.49,2025-09-04
ORD-67516,ELEC-2077,CHANGED_MIND,DAMAGED,266.11,2025-01-24
ORD-47661,TOOL-5467,DUPLICATE_ORDER,FAIR,272.55,2025-04-11
ORD-40793,PRINT-7203,NOT_AS_DESCRIBED,NEW,145.43,2025-06-21
ORD-25655,GLOVE-5542,CHANGED_MIND,LIKE_NEW,138.70,2025-10-10
ORD-43034,AUDIO-3218,WRONG_ITEM,FAIR,488.14,2025-06-12
ORD-68927,AUDIO-0640,DUPLICATE_ORDER,DAMAGED,241.41,2026-03-22
ORD-27676,GADGET-8649,DELAYED_DELIVERY,NEW,461.19,2026-03-28
ORD-78269,CHARG-6570,DELAYED_DELIVERY,NEW,383.17,2025-12-07
ORD-67962,LABEL-4822,CHANGED_MIND,FAIR,73.76,2026-05-13
ORD-76977,FILTER-7004,DUPLICATE_ORDER,LIKE_NEW,161.47,2025-12-18
ORD-97030,CASE-2453,DELAYED_DELIVERY,GOOD,283.30,2026-03-09
ORD-62677,LABEL-2860,DAMAGED,DAMAGED,305.52,2026-04-20
ORD-31235,CABLE-6882,SIZE_ISSUE,DAMAGED,139.30,2026-03-20
ORD-97321,WIDGET-1621,DUPLICATE_ORDER,GOOD,56.59,2026-06-14
ORD-31448,LABEL-3824,CHANGED_MIND,DAMAGED,265.18,2025-08-31
ORD-90759,CABLE-3325,CHANGED_MIND,LIKE_NEW,81.79,2025-09-16
ORD-65470,PRINT-8209,CHANGED_MIND,LIKE_NEW,283.68,2026-03-18
ORD-21387,GADGET-3714,DUPLICATE_ORDER,FAIR,189.60,2025-10-03
ORD-94072,CART-0849,DELAYED_DELIVERY,LIKE_NEW,247.85,2025-03-23
ORD-50030,RACK-2637,CHANGED_MIND,LIKE_NEW,243.11,2026-01-10
ORD-10533,PRINT-6534,DEFECTIVE,NEW,366.22,2025-06-02
ORD-66093,SEAL-4676,CHANGED_MIND,NEW,294.81,2026-03-21
ORD-19891,CASE-9911,DEFECTIVE,DAMAGED,454.00,2025-03-27
ORD-10832,GADGET-9787,WRONG_ITEM,FAIR,199.15,2025-11-27
ORD-50488,FILTER-5096,NOT_AS_DESCRIBED,NEW,32.07,2026-05-01
ORD-78016,CHARG-6556,DAMAGED,FAIR,364.95,2025-06-10
ORD-10556,PRINT-5158,DAMAGED,LIKE_NEW,173.24,2026-06-03
ORD-69998,LIGHT-0926,SIZE_ISSUE,LIKE_NEW,83.13,2026-02-26
ORD-62014,PACK-6552,WRONG_ITEM,NEW,375.99,2025-03-02
ORD-92208,CART-6620,WRONG_ITEM,NEW,407.81,2025-04-06
ORD-37970,CHARG-0016,DAMAGED,GOOD,21.59,2025-01-23
ORD-63365,CHARG-2886,DAMAGED,FAIR,497.00,2025-09-21
ORD-42138,CASE-9426,DELAYED_DELIVERY,FAIR,172.52,2026-03-18
ORD-98303,PACK-0998,DUPLICATE_ORDER,LIKE_NEW,145.80,2026-05-18
ORD-98068,CHARG-1304,WRONG_ITEM,FAIR,12.36,2026-06-05
ORD-59022,RACK-5774,NOT_AS_DESCRIBED,DAMAGED,271.05,2026-05-26
ORD-55005,PACK-9823,SIZE_ISSUE,GOOD,284.07,2025-07-11
ORD-17777,CHARG-1143,DUPLICATE_ORDER,GOOD,86.01,2026-06-27
ORD-31586,AUDIO-0815,WRONG_ITEM,FAIR,462.20,2025-10-08
ORD-40276,WIDGET-4033,DAMAGED,DAMAGED,479.98,2026-04-14
ORD-46601,CASE-4707,NOT_AS_DESCRIBED,LIKE_NEW,388.97,2025-05-29
ORD-87744,CASE-5654,SIZE_ISSUE,DAMAGED,217.15,2026-05-26
ORD-94351,CASE-0882,DELAYED_DELIVERY,FAIR,471.83,2025-05-13
ORD-44318,PRINT-6445,DELAYED_DELIVERY,DAMAGED,243.01,2026-06-07
ORD-37667,CASE-1684,DEFECTIVE,FAIR,228.09,2025-03-18
ORD-12855,GADGET-9773,SIZE_ISSUE,DAMAGED,149.33,2025-06-27
ORD-90426,UNIF-2705,NOT_AS_DESCRIBED,NEW,192.74,2025-09-23
ORD-27188,ELEC-2109,DAMAGED,FAIR,180.97,2025-12-24
ORD-89225,GLOVE-0825,DAMAGED,GOOD,260.28,2025-03-15
ORD-10231,FILTER-5960,SIZE_ISSUE,DAMAGED,288.62,2025-04-01
ORD-57403,UNIF-4277,NOT_AS_DESCRIBED,GOOD,340.88,2025-12-26
ORD-59663,PACK-1917,DAMAGED,LIKE_NEW,146.98,2025-09-29
ORD-46075,GADGET-7658,DEFECTIVE,DAMAGED,387.23,2026-03-01
ORD-95499,LIGHT-1166,NOT_AS_DESCRIBED,DAMAGED,167.75,2025-10-27
ORD-41280,FILTER-7370,DELAYED_DELIVERY,GOOD,311.59,2026-04-29
ORD-37429,ELEC-2557,DAMAGED,NEW,320.40,2025-03-15
ORD-33919,PACK-5056,DAMAGED,NEW,486.20,2026-06-08
ORD-20319,FILTER-4195,DELAYED_DELIVERY,FAIR,487.47,2026-06-02
ORD-86496,LIGHT-7609,SIZE_ISSUE,NEW,246.36,2026-01-14
ORD-13704,LABEL-0412,DUPLICATE_ORDER,NEW,321.04,2025-05-14
ORD-60440,LIGHT-3040,SIZE_ISSUE,FAIR,93.76,2025-09-19
ORD-96084,LIGHT-2130,CHANGED_MIND,GOOD,229.24,2025-01-04
ORD-75015,SCAN-8607,DEFECTIVE,GOOD,370.66,2025-02-11
ORD-73080,UNIF-3959,SIZE_ISSUE,DAMAGED,462.68,2026-05-26
ORD-74832,FILTER-2672,NOT_AS_DESCRIBED,DAMAGED,296.51,2026-03-22
ORD-35580,PACK-9269,WRONG_ITEM,DAMAGED,153.77,2025-10-11
ORD-45088,ELEC-9605,NOT_AS_DESCRIBED,DAMAGED,457.67,2026-04-09
ORD-84540,CABLE-8640,DAMAGED,FAIR,405.24,2025-01-19
ORD-23186,SEAL-5766,WRONG_ITEM,GOOD,303.62,2025-11-18
ORD-31750,GLOVE-4655,SIZE_ISSUE,DAMAGED,416.43,2026-05-21
ORD-22957,PACK-5432,NOT_AS_DESCRIBED,LIKE_NEW,480.79,2025-03-14
ORD-94882,LABEL-9407,NOT_AS_DESCRIBED,NEW,397.52,2025-08-07
ORD-94036,CASE-8112,DUPLICATE_ORDER,FAIR,440.53,2026-03-10
ORD-22421,LABEL-6218,DUPLICATE_ORDER,NEW,75.54,2025-01-21
ORD-12673,GADGET-2811,SIZE_ISSUE,DAMAGED,214.95,2026-01-01
ORD-78393,LABEL-0925,DEFECTIVE,GOOD,64.71,2025-05-09
ORD-52675,AUDIO-8401,DEFECTIVE,FAIR,100.67,2025-01-03
ORD-53372,LIGHT-8126,CHANGED_MIND,DAMAGED,108.06,2026-04-24
ORD-93059,RACK-2749,SIZE_ISSUE,GOOD,339.38,2026-01-30
ORD-34550,BATT-6476,SIZE_ISSUE,GOOD,101.25,2025-03-20
ORD-55601,BATT-4263,NOT_AS_DESCRIBED,DAMAGED,248.54,2025-01-27
