order_id,carrier,tracking_number,status,origin_city,origin_state,dest_city,dest_state,ship_date,weight_kg
ORD-86753,Ekart,1Z908U709465264,PICKED_UP,Srinagar,JK,Rajkot,GJ,2026-02-08,48.85
ORD-51742,Ekart,1Z370I505383053,IN_TRANSIT,Bhopal,MP,Nagpur,MH,2026-01-19,34.48
ORD-51553,Delhivery,1Z393A217440976,DELIVERED,Kolkata,WB,Bhubaneswar,OD,2025-12-17,4.72
ORD-60075,Ekart,1Z292U119639059,EXCEPTION,Srinagar,JK,Lucknow,UP,2025-03-01,10.7
ORD-94943,XpressBees,1Z202U332344597,OUT_FOR_DELIVERY,Coimbatore,TN,Udaipur,RJ,2025-11-05,39.13
ORD-80393,Delhivery,1Z982O186190530,IN_TRANSIT,Visakhapatnam,AP,Jaipur,RJ,2025-06-19,1.88
ORD-19764,Delhivery,1Z777U361810586,PICKED_UP,Agra,UP,Varanasi,UP,2025-10-01,48.75
ORD-22772,FedEx,1Z289O281445148,DELIVERED,Bhopal,MP,Visakhapatnam,AP,2025-01-12,10.18
ORD-76605,Ekart,1Z999O412544635,OUT_FOR_DELIVERY,Chandigarh,CH,Bangalore,KA,2025-01-11,49.57
ORD-96691,Ekart,1Z545A683539043,PICKED_UP,Guwahati,AS,Visakhapatnam,AP,2025-05-28,37.15
ORD-58912,UPS,1Z594O802448013,OUT_FOR_DELIVERY,Ahmedabad,GJ,Kochi,KL,2025-07-09,47.94
ORD-75403,DHL,1Z142I685833703,DELIVERED,Goa,GA,Tiruvananthapuram,KL,2025-02-20,33.01
ORD-23497,XpressBees,1Z499U338768340,PENDING,Ludhiana,PB,Surat,GJ,2026-02-01,42.33
ORD-95765,DTDC,1Z914O375632325,DELIVERED,Coimbatore,TN,Guwahati,AS,2025-11-02,5.9
ORD-90330,FedEx,1Z510A446712607,EXCEPTION,Ludhiana,PB,Delhi,DL,2026-02-01,39.34
ORD-42790,ShadowFax,1Z133U872361966,EXCEPTION,Mysore,KA,Mumbai,MH,2025-08-23,15.27
ORD-54078,FedEx,1Z822U583858741,EXCEPTION,Hyderabad,TS,Pune,MH,2025-03-12,37.0
ORD-58989,XpressBees,1Z687A301679006,OUT_FOR_DELIVERY,Bhubaneswar,OD,Lucknow,UP,2026-02-05,23.5
ORD-11412,Ekart,1Z383E226557327,IN_TRANSIT,Agra,UP,Ahmedabad,GJ,2025-09-12,32.06
ORD-62163,DHL,1Z899I284546479,OUT_FOR_DELIVERY,Mumbai,MH,Jaipur,RJ,2025-06-28,6.1
ORD-84892,UPS,1Z663U589084667,IN_TRANSIT,Faridabad,HR,Udaipur,RJ,2025-01-11,7.51
ORD-89099,BlueDart,1Z303I685443106,PICKED_UP,Udaipur,RJ,Rajkot,GJ,2025-07-16,34.28
ORD-91468,FedEx,1Z104O488788775,OUT_FOR_DELIVERY,Agra,UP,Varanasi,UP,2025-03-28,24.26
ORD-54311,Delhivery,1Z486U333723697,EXCEPTION,Amritsar,PB,Pune,MH,2025-01-27,43.87
ORD-20680,Delhivery,1Z148A261643050,DELIVERED,Agra,UP,Indore,MP,2025-03-30,28.78
ORD-58187,XpressBees,1Z750U858634790,OUT_FOR_DELIVERY,Mumbai,MH,Ludhiana,PB,2025-12-14,40.5
ORD-89023,Ekart,1Z202O629294829,PENDING,Mysore,KA,Delhi,DL,2025-07-16,2.12
ORD-63845,XpressBees,1Z562A715393034,IN_TRANSIT,Ahmedabad,GJ,Jaipur,RJ,2025-09-17,45.55
ORD-60067,UPS,1Z437A521079032,IN_TRANSIT,Bhubaneswar,OD,Ludhiana,PB,2025-11-25,10.84
ORD-68748,India Post,1Z672I223805985,DELIVERED,Guwahati,AS,Tiruvananthapuram,KL,2026-04-14,23.51
ORD-97455,India Post,1Z978A110082373,OUT_FOR_DELIVERY,Faridabad,HR,Ludhiana,PB,2025-11-14,16.57
ORD-95990,ShadowFax,1Z918O826195560,EXCEPTION,Ludhiana,PB,Chennai,TN,2026-04-29,38.14
ORD-15846,BlueDart,1Z331E383679007,DELIVERED,Kochi,KL,Vadodara,GJ,2025-12-08,45.66
ORD-75519,Delhivery,1Z989I224887333,PENDING,Rajkot,GJ,Bhubaneswar,OD,2025-10-15,44.9
ORD-15660,ShadowFax,1Z410O878851291,PICKED_UP,Pune,MH,Bhubaneswar,OD,2025-04-05,49.55
ORD-60727,UPS,1Z977I410859082,PICKED_UP,Chandigarh,CH,Hyderabad,TS,2026-04-11,29.92
ORD-86503,DTDC,1Z937U871074443,IN_TRANSIT,Chandigarh,CH,Kochi,KL,2025-05-01,5.71
ORD-16714,Ekart,1Z689O521126592,IN_TRANSIT,Vadodara,GJ,Allahabad,UP,2025-10-24,33.84
ORD-56018,India Post,1Z449O260908861,DELIVERED,Guwahati,AS,Lucknow,UP,2025-06-20,19.68
ORD-85578,BlueDart,1Z403U462767277,IN_TRANSIT,Delhi,DL,Bhopal,MP,2025-01-11,30.64
ORD-43793,India Post,1Z641I896333102,OUT_FOR_DELIVERY,Mumbai,MH,Coimbatore,TN,2026-01-24,36.32
ORD-88310,DHL,1Z986O172670133,PICKED_UP,Goa,GA,Jaipur,RJ,2026-02-24,39.2
ORD-72437,UPS,1Z739O573205816,OUT_FOR_DELIVERY,Vadodara,GJ,Allahabad,UP,2026-04-25,2.52
ORD-95754,BlueDart,1Z683U986282066,OUT_FOR_DELIVERY,Lucknow,UP,Visakhapatnam,AP,2025-08-17,25.1
ORD-87235,DHL,1Z863O174903247,EXCEPTION,Chennai,TN,Hyderabad,TS,2026-03-25,38.08
ORD-56870,FedEx,1Z233U741103254,OUT_FOR_DELIVERY,Nagpur,MH,Nagpur,MH,2025-02-03,20.64
ORD-95610,DHL,1Z394E276054417,PICKED_UP,Indore,MP,Agra,UP,2025-02-23,39.5
ORD-38268,ShadowFax,1Z703E370831157,IN_TRANSIT,Visakhapatnam,AP,Delhi,DL,2026-02-15,40.81
ORD-13608,India Post,1Z679I859906363,PICKED_UP,Mumbai,MH,Tiruvananthapuram,KL,2025-12-19,32.89
ORD-34999,DTDC,1Z548U520678942,IN_TRANSIT,Jaipur,RJ,Rajkot,GJ,2025-04-03,7.26
ORD-55040,BlueDart,1Z593A135440208,OUT_FOR_DELIVERY,Nashik,MH,Nashik,MH,2026-06-28,44.35
ORD-82834,DTDC,1Z394U614189687,IN_TRANSIT,Agra,UP,Kolkata,WB,2025-04-30,48.11
ORD-92804,XpressBees,1Z902A374797453,PICKED_UP,Allahabad,UP,Amritsar,PB,2025-11-15,45.27
ORD-79390,UPS,1Z431E576812652,OUT_FOR_DELIVERY,Rajkot,GJ,Jaipur,RJ,2026-01-09,16.98
ORD-13914,Ekart,1Z670O691254392,DELIVERED,Vadodara,GJ,Bhubaneswar,OD,2026-02-11,1.86
ORD-33648,UPS,1Z334U239652351,PICKED_UP,Pune,MH,Agra,UP,2025-03-18,45.89
ORD-14480,FedEx,1Z736I701491547,OUT_FOR_DELIVERY,Kochi,KL,Bhopal,MP,2025-05-15,27.23
ORD-71862,ShadowFax,1Z637O271239874,DELIVERED,Mysore,KA,Indore,MP,2025-03-20,12.95
ORD-30644,Delhivery,1Z681I955990796,OUT_FOR_DELIVERY,Nagpur,MH,Pune,MH,2026-05-01,45.83
ORD-85685,India Post,1Z417I223324899,OUT_FOR_DELIVERY,Mumbai,MH,Agra,UP,2025-07-19,38.13
ORD-81028,XpressBees,1Z618A605740329,PENDING,Delhi,DL,Varanasi,UP,2025-03-22,35.23
ORD-33435,XpressBees,1Z599I463435163,EXCEPTION,Chennai,TN,Lucknow,UP,2025-01-22,7.78
ORD-30868,UPS,1Z184O487462220,IN_TRANSIT,Allahabad,UP,Faridabad,HR,2025-03-10,20.22
ORD-79445,Ekart,1Z734E807111088,EXCEPTION,Ahmedabad,GJ,Hyderabad,TS,2025-10-03,20.59
ORD-27250,Ekart,1Z427A937431590,PENDING,Amritsar,PB,Surat,GJ,2026-02-20,34.21
ORD-84862,Ekart,1Z358I283406035,PENDING,Ludhiana,PB,Tiruvananthapuram,KL,2025-02-26,24.32
ORD-54781,Delhivery,1Z852U964372245,PICKED_UP,Indore,MP,Mumbai,MH,2026-01-17,25.63
ORD-74672,DHL,1Z343U332107967,OUT_FOR_DELIVERY,Bhubaneswar,OD,Mumbai,MH,2026-03-13,2.92
ORD-21524,Delhivery,1Z443O738252247,PICKED_UP,Ludhiana,PB,Jaipur,RJ,2026-02-15,24.53
ORD-45113,XpressBees,1Z450U855586555,PENDING,Guwahati,AS,Mumbai,MH,2025-04-08,18.57
ORD-24006,ShadowFax,1Z542O754235618,OUT_FOR_DELIVERY,Jaipur,RJ,Delhi,DL,2025-05-13,17.84
ORD-84902,DHL,1Z147A703819871,PICKED_UP,Amritsar,PB,Jaipur,RJ,2025-09-01,11.73
ORD-29581,ShadowFax,1Z560A992645294,IN_TRANSIT,Indore,MP,Chandigarh,CH,2025-12-15,25.52
ORD-87776,FedEx,1Z451U778210562,IN_TRANSIT,Varanasi,UP,Pune,MH,2025-03-21,21.75
ORD-37657,ShadowFax,1Z761O189423283,IN_TRANSIT,Surat,GJ,Delhi,DL,2026-04-23,17.05
ORD-70226,Delhivery,1Z812A950099000,IN_TRANSIT,Nagpur,MH,Rajkot,GJ,2026-04-24,41.42
ORD-86391,India Post,1Z262O239893582,IN_TRANSIT,Chennai,TN,Goa,GA,2025-09-01,34.81
ORD-33306,Delhivery,1Z768U950109382,OUT_FOR_DELIVERY,Vadodara,GJ,Agra,UP,2026-03-21,35.56
ORD-70435,Ekart,1Z275I418973243,PICKED_UP,Rajkot,GJ,Indore,MP,2025-12-17,43.07
ORD-91610,Ekart,1Z631O276942899,DELIVERED,Visakhapatnam,AP,Allahabad,UP,2026-05-03,5.96
ORD-63228,Delhivery,1Z328U826224187,EXCEPTION,Bangalore,KA,Surat,GJ,2025-02-18,38.26
ORD-39673,Delhivery,1Z646A787954347,IN_TRANSIT,Jaipur,RJ,Meerut,UP,2026-04-28,29.27
ORD-64887,UPS,1Z741A874162472,PENDING,Meerut,UP,Mumbai,MH,2025-03-09,21.24
ORD-56443,Ekart,1Z333O545817245,PICKED_UP,Meerut,UP,Surat,GJ,2026-02-20,19.41
ORD-28143,DHL,1Z474I737694585,PICKED_UP,Bangalore,KA,Ludhiana,PB,2026-02-27,39.2
ORD-40268,UPS,1Z709A870766683,IN_TRANSIT,Hyderabad,TS,Kolkata,WB,2025-12-07,7.84
ORD-41683,FedEx,1Z827A907606463,OUT_FOR_DELIVERY,Nagpur,MH,Nagpur,MH,2026-02-10,15.88
ORD-18628,Delhivery,1Z603I552157160,DELIVERED,Mumbai,MH,Mumbai,MH,2025-03-09,26.32
ORD-26498,ShadowFax,1Z916E333461156,IN_TRANSIT,Goa,GA,Faridabad,HR,2026-04-05,40.16
ORD-31441,DHL,1Z689U784372398,PICKED_UP,Varanasi,UP,Kochi,KL,2026-03-02,45.62
ORD-73084,Ekart,1Z916A478936041,PICKED_UP,Delhi,DL,Surat,GJ,2025-06-20,21.85
ORD-31433,Delhivery,1Z576E532378701,IN_TRANSIT,Mumbai,MH,Bangalore,KA,2025-07-27,7.59
ORD-83763,UPS,1Z688A855024113,EXCEPTION,Hyderabad,TS,Coimbatore,TN,2025-11-04,42.2
ORD-63291,FedEx,1Z985I423310129,PICKED_UP,Vadodara,GJ,Udaipur,RJ,2026-05-16,12.85
ORD-52583,DTDC,1Z366A867079633,IN_TRANSIT,Nagpur,MH,Agra,UP,2025-05-08,20.33
ORD-74580,ShadowFax,1Z247A888886023,OUT_FOR_DELIVERY,Vadodara,GJ,Allahabad,UP,2025-10-02,47.33
ORD-39443,ShadowFax,1Z301I348246601,EXCEPTION,Tiruvananthapuram,KL,Delhi,DL,2025-10-11,16.31
ORD-37788,ShadowFax,1Z985E949527899,EXCEPTION,Amritsar,PB,Nagpur,MH,2026-06-10,23.71
ORD-39154,DTDC,1Z567E366416788,DELIVERED,Kolkata,WB,Ludhiana,PB,2025-09-10,1.47
ORD-73098,BlueDart,1Z383I366880796,EXCEPTION,Bhopal,MP,Hyderabad,TS,2025-07-05,49.3
ORD-65456,Delhivery,1Z203E263774656,IN_TRANSIT,Chandigarh,CH,Nashik,MH,2025-01-23,31.86
ORD-80612,DTDC,1Z295O268880832,PENDING,Agra,UP,Ludhiana,PB,2025-12-22,2.72
ORD-19518,India Post,1Z149E366865760,PICKED_UP,Varanasi,UP,Kolkata,WB,2025-01-30,24.63
ORD-21766,DTDC,1Z465I673723250,OUT_FOR_DELIVERY,Hyderabad,TS,Faridabad,HR,2025-02-23,14.03
ORD-29963,Delhivery,1Z449O428080120,PENDING,Chennai,TN,Surat,GJ,2026-01-16,40.74
ORD-21482,DHL,1Z428E648351099,PENDING,Mysore,KA,Goa,GA,2025-03-19,29.53
ORD-42698,DTDC,1Z121I868258865,EXCEPTION,Ludhiana,PB,Rajkot,GJ,2025-09-18,46.61
ORD-18962,ShadowFax,1Z830O218192329,IN_TRANSIT,Mysore,KA,Varanasi,UP,2026-01-02,25.06
ORD-25895,India Post,1Z542E286484949,DELIVERED,Jaipur,RJ,Faridabad,HR,2026-02-24,12.68
ORD-66437,FedEx,1Z862O244018707,PENDING,Bhubaneswar,OD,Allahabad,UP,2026-03-19,12.25
ORD-27225,UPS,1Z994A591990047,OUT_FOR_DELIVERY,Ahmedabad,GJ,Varanasi,UP,2025-02-12,14.81
ORD-17174,DTDC,1Z721U808165440,OUT_FOR_DELIVERY,Udaipur,RJ,Amritsar,PB,2026-03-07,29.98
ORD-70369,FedEx,1Z413E836413609,PICKED_UP,Coimbatore,TN,Delhi,DL,2026-06-02,2.58
ORD-87707,UPS,1Z211A184446837,IN_TRANSIT,Kochi,KL,Kolkata,WB,2025-02-21,36.77
ORD-88629,DHL,1Z597U663118528,DELIVERED,Kolkata,WB,Bhubaneswar,OD,2025-08-01,2.39
ORD-61214,FedEx,1Z495E695779172,DELIVERED,Pune,MH,Kochi,KL,2026-06-05,23.92
ORD-80209,DTDC,1Z190U977569419,EXCEPTION,Amritsar,PB,Kochi,KL,2025-02-16,49.65
ORD-92275,UPS,1Z776U509964781,IN_TRANSIT,Tiruvananthapuram,KL,Bhubaneswar,OD,2025-06-14,19.32
ORD-33081,XpressBees,1Z135A614502084,PICKED_UP,Mysore,KA,Surat,GJ,2025-01-02,36.34
ORD-82610,FedEx,1Z789I580422796,PICKED_UP,Indore,MP,Guwahati,AS,2025-08-04,17.91
ORD-47056,UPS,1Z577U339740916,EXCEPTION,Delhi,DL,Bhubaneswar,OD,2025-08-16,2.96
ORD-62473,ShadowFax,1Z554U916296170,DELIVERED,Allahabad,UP,Kolkata,WB,2025-09-19,17.66
ORD-47231,ShadowFax,1Z661E542012377,OUT_FOR_DELIVERY,Chennai,TN,Nashik,MH,2026-02-01,24.3
ORD-83963,UPS,1Z545O665706460,DELIVERED,Kochi,KL,Vadodara,GJ,2026-01-17,3.88
ORD-83555,DTDC,1Z881O208422428,PENDING,Coimbatore,TN,Rajkot,GJ,2025-12-29,21.84
ORD-56018,ShadowFax,1Z914I981570822,OUT_FOR_DELIVERY,Bhopal,MP,Rajkot,GJ,2025-09-12,46.34
ORD-21718,XpressBees,1Z149O324958653,DELIVERED,Lucknow,UP,Delhi,DL,2025-02-03,7.17
ORD-79370,DTDC,1Z538I914349140,PICKED_UP,Agra,UP,Chandigarh,CH,2026-05-04,24.36
ORD-41713,UPS,1Z793E206753199,OUT_FOR_DELIVERY,Mysore,KA,Chandigarh,CH,2025-04-21,29.8
ORD-31087,India Post,1Z210I404052874,DELIVERED,Chandigarh,CH,Lucknow,UP,2025-01-13,42.68
ORD-28818,Delhivery,1Z780A248708633,IN_TRANSIT,Meerut,UP,Srinagar,JK,2025-11-25,1.68
ORD-17576,DTDC,1Z402U133662562,DELIVERED,Bangalore,KA,Bhopal,MP,2026-05-23,20.37
ORD-70063,BlueDart,1Z632U613581854,PICKED_UP,Rajkot,GJ,Visakhapatnam,AP,2025-04-10,19.89
ORD-11728,BlueDart,1Z917I367072490,DELIVERED,Ludhiana,PB,Hyderabad,TS,2025-01-29,1.98
ORD-20416,Delhivery,1Z328I268994595,DELIVERED,Rajkot,GJ,Ludhiana,PB,2025-01-19,24.84
ORD-46435,FedEx,1Z548U708160447,EXCEPTION,Kochi,KL,Varanasi,UP,2025-10-05,20.96
ORD-60788,DHL,1Z624U633145847,EXCEPTION,Indore,MP,Amritsar,PB,2025-04-13,26.33
ORD-59491,DHL,1Z248I266647839,OUT_FOR_DELIVERY,Varanasi,UP,Tiruvananthapuram,KL,2025-02-27,0.71
ORD-26697,BlueDart,1Z138E341006449,IN_TRANSIT,Bangalore,KA,Allahabad,UP,2026-01-27,37.31
ORD-69193,FedEx,1Z288I184624287,EXCEPTION,Allahabad,UP,Goa,GA,2025-02-14,41.39
ORD-23407,XpressBees,1Z971E929146444,DELIVERED,Mumbai,MH,Srinagar,JK,2025-03-13,20.93
ORD-66538,UPS,1Z826U960108115,PENDING,Nagpur,MH,Bhopal,MP,2025-05-11,24.65
ORD-82525,Delhivery,1Z889I621746371,EXCEPTION,Bangalore,KA,Visakhapatnam,AP,2025-07-18,21.11
ORD-52779,DHL,1Z585O756591953,IN_TRANSIT,Meerut,UP,Rajkot,GJ,2025-11-07,8.19
ORD-28972,DHL,1Z918I845262410,DELIVERED,Lucknow,UP,Nashik,MH,2026-02-07,9.97
ORD-19240,BlueDart,1Z989O352013072,OUT_FOR_DELIVERY,Ahmedabad,GJ,Rajkot,GJ,2026-01-11,2.56
ORD-19656,FedEx,1Z645A846733886,PICKED_UP,Visakhapatnam,AP,Visakhapatnam,AP,2025-05-05,46.04
ORD-25928,ShadowFax,1Z880E818908985,DELIVERED,Kochi,KL,Mumbai,MH,2026-01-28,4.72
ORD-44562,Ekart,1Z901A638331892,DELIVERED,Pune,MH,Kolkata,WB,2025-05-09,36.82
ORD-59593,ShadowFax,1Z246I879838395,OUT_FOR_DELIVERY,Kochi,KL,Bhopal,MP,2025-10-24,3.64
ORD-15933,BlueDart,1Z368A401618042,PENDING,Indore,MP,Ahmedabad,GJ,2026-06-13,5.63
ORD-83710,FedEx,1Z419A467011417,PENDING,Ludhiana,PB,Surat,GJ,2025-11-19,31.99
ORD-68318,ShadowFax,1Z784A432556882,IN_TRANSIT,Vadodara,GJ,Bangalore,KA,2026-05-30,18.38
ORD-10178,ShadowFax,1Z862I950816810,PENDING,Visakhapatnam,AP,Guwahati,AS,2025-04-13,15.15
ORD-75972,Ekart,1Z639E174312560,PENDING,Indore,MP,Kolkata,WB,2025-09-26,40.56
ORD-56358,India Post,1Z378I608740226,PICKED_UP,Lucknow,UP,Guwahati,AS,2025-12-02,33.24
ORD-71917,ShadowFax,1Z375A588546027,EXCEPTION,Faridabad,HR,Delhi,DL,2025-08-16,11.13
ORD-68947,Delhivery,1Z364U773652324,DELIVERED,Goa,GA,Vadodara,GJ,2025-01-04,30.41
ORD-40103,BlueDart,1Z723A860229550,PICKED_UP,Tiruvananthapuram,KL,Meerut,UP,2025-04-02,9.7
ORD-92585,India Post,1Z407A104624600,OUT_FOR_DELIVERY,Delhi,DL,Ludhiana,PB,2025-06-21,21.62
ORD-69103,DTDC,1Z339A854650528,EXCEPTION,Bangalore,KA,Amritsar,PB,2026-05-16,46.31
ORD-61980,BlueDart,1Z189A187203073,PENDING,Bhubaneswar,OD,Tiruvananthapuram,KL,2025-12-07,15.12
ORD-22402,DHL,1Z429E525378726,PENDING,Visakhapatnam,AP,Meerut,UP,2025-01-22,3.54
ORD-67778,Delhivery,1Z633O598086439,DELIVERED,Rajkot,GJ,Visakhapatnam,AP,2026-06-16,29.75
ORD-76684,Delhivery,1Z629A601756431,PENDING,Agra,UP,Tiruvananthapuram,KL,2025-04-20,1.75
ORD-17019,Ekart,1Z917O104218426,PENDING,Vadodara,GJ,Mysore,KA,2025-08-16,32.87
ORD-51051,ShadowFax,1Z417U311817786,PICKED_UP,Bangalore,KA,Vadodara,GJ,2026-06-25,5.61
ORD-19684,Ekart,1Z209U855360502,OUT_FOR_DELIVERY,Hyderabad,TS,Bangalore,KA,2025-10-12,31.0
ORD-32311,FedEx,1Z374I415384448,PENDING,Amritsar,PB,Srinagar,JK,2026-03-10,22.66
ORD-39812,BlueDart,1Z338U425384653,EXCEPTION,Kochi,KL,Srinagar,JK,2026-01-19,47.04
ORD-39990,ShadowFax,1Z211O933390007,EXCEPTION,Delhi,DL,Bhopal,MP,2025-08-28,18.33
ORD-10165,UPS,1Z418U845962571,DELIVERED,Nagpur,MH,Visakhapatnam,AP,2026-02-18,49.01
ORD-38107,India Post,1Z834A894245956,DELIVERED,Chandigarh,CH,Guwahati,AS,2025-08-30,5.64
ORD-69563,BlueDart,1Z681I919639501,OUT_FOR_DELIVERY,Lucknow,UP,Faridabad,HR,2026-06-03,25.02
ORD-29953,BlueDart,1Z911U983349385,IN_TRANSIT,Goa,GA,Visakhapatnam,AP,2025-12-04,48.5
ORD-41929,ShadowFax,1Z257O807438097,OUT_FOR_DELIVERY,Guwahati,AS,Chennai,TN,2025-09-25,35.21
ORD-41644,Delhivery,1Z690E949362954,PENDING,Chandigarh,CH,Visakhapatnam,AP,2026-03-27,46.89
ORD-66416,UPS,1Z474I700452586,EXCEPTION,Kolkata,WB,Chandigarh,CH,2025-08-23,41.33
ORD-70621,ShadowFax,1Z228A869978768,PENDING,Visakhapatnam,AP,Jaipur,RJ,2025-12-14,1.71
ORD-86997,XpressBees,1Z727E498352238,IN_TRANSIT,Tiruvananthapuram,KL,Rajkot,GJ,2026-02-15,10.83
ORD-87664,XpressBees,1Z810U580886467,PENDING,Kolkata,WB,Meerut,UP,2025-12-02,18.35
ORD-10642,BlueDart,1Z713E369012503,EXCEPTION,Jaipur,RJ,Chandigarh,CH,2025-04-12,36.35
ORD-61789,India Post,1Z865U262044213,IN_TRANSIT,Varanasi,UP,Jaipur,RJ,2025-02-26,16.8
ORD-91413,DHL,1Z498A107610664,PENDING,Chennai,TN,Pune,MH,2025-02-26,4.62
ORD-52821,India Post,1Z175O175605587,DELIVERED,Guwahati,AS,Indore,MP,2025-09-22,39.5
ORD-91721,XpressBees,1Z183E194188663,PICKED_UP,Mumbai,MH,Hyderabad,TS,2026-06-09,7.43
ORD-35325,XpressBees,1Z974I815122161,OUT_FOR_DELIVERY,Hyderabad,TS,Tiruvananthapuram,KL,2026-05-05,6.83
ORD-98323,BlueDart,1Z175A383141489,EXCEPTION,Nashik,MH,Goa,GA,2025-05-08,24.94
ORD-71106,BlueDart,1Z743O489554188,IN_TRANSIT,Kochi,KL,Ahmedabad,GJ,2025-05-22,6.76
ORD-19413,XpressBees,1Z660E250011536,PENDING,Kochi,KL,Bhopal,MP,2025-03-25,26.55
ORD-62118,Delhivery,1Z224O512753325,PENDING,Ludhiana,PB,Delhi,DL,2025-06-09,9.88
ORD-44314,FedEx,1Z806O752352596,PICKED_UP,Coimbatore,TN,Udaipur,RJ,2025-07-13,16.18
ORD-92008,ShadowFax,1Z705A544343478,OUT_FOR_DELIVERY,Coimbatore,TN,Faridabad,HR,2025-01-16,41.91
ORD-29312,BlueDart,1Z900U815568561,PENDING,Ludhiana,PB,Nagpur,MH,2025-12-18,7.43
ORD-79947,DHL,1Z750O964408627,OUT_FOR_DELIVERY,Kolkata,WB,Nagpur,MH,2026-01-25,44.46
ORD-41509,Ekart,1Z697I749628181,DELIVERED,Varanasi,UP,Surat,GJ,2025-07-10,15.99
ORD-90596,India Post,1Z879I377173783,IN_TRANSIT,Goa,GA,Faridabad,HR,2025-09-12,40.17
ORD-92548,India Post,1Z885U567084419,DELIVERED,Pune,MH,Pune,MH,2025-03-18,15.8
ORD-39171,BlueDart,1Z147O376492758,PENDING,Goa,GA,Delhi,DL,2025-11-25,28.32
ORD-72770,FedEx,1Z961I440659652,EXCEPTION,Amritsar,PB,Hyderabad,TS,2026-02-02,35.08
ORD-31875,Ekart,1Z643O754713900,PENDING,Surat,GJ,Amritsar,PB,2025-04-11,34.56
ORD-12072,Delhivery,1Z499E602470450,PICKED_UP,Pune,MH,Kochi,KL,2025-07-02,44.37
ORD-62014,India Post,1Z842A332319212,PICKED_UP,Indore,MP,Varanasi,UP,2026-06-05,15.2
ORD-80148,UPS,1Z279U443033595,IN_TRANSIT,Mysore,KA,Guwahati,AS,2025-08-21,36.21
ORD-84874,BlueDart,1Z716I624914563,DELIVERED,Varanasi,UP,Amritsar,PB,2025-03-11,28.43
ORD-94344,DHL,1Z360O389300776,EXCEPTION,Chennai,TN,Ahmedabad,GJ,2025-03-07,24.23
ORD-38386,India Post,1Z566A334524530,EXCEPTION,Goa,GA,Coimbatore,TN,2025-06-01,48.08
ORD-61504,Ekart,1Z983O211747485,PENDING,Surat,GJ,Allahabad,UP,2025-10-26,36.65
ORD-31019,BlueDart,1Z312A955216773,PENDING,Bhubaneswar,OD,Bangalore,KA,2026-01-06,20.2
ORD-42669,UPS,1Z860U851002240,PICKED_UP,Surat,GJ,Nashik,MH,2025-05-23,25.81
ORD-39251,DHL,1Z918A142214577,OUT_FOR_DELIVERY,Goa,GA,Goa,GA,2025-07-27,4.62
ORD-93450,Ekart,1Z335O479183230,IN_TRANSIT,Bhubaneswar,OD,Amritsar,PB,2025-06-02,9.6
ORD-71857,DHL,1Z106A762694909,OUT_FOR_DELIVERY,Delhi,DL,Meerut,UP,2025-05-22,27.47
ORD-43211,FedEx,1Z547E626194403,DELIVERED,Coimbatore,TN,Bhopal,MP,2026-02-10,16.65
ORD-30579,ShadowFax,1Z848I479548891,IN_TRANSIT,Chennai,TN,Delhi,DL,2025-01-19,47.87
ORD-20585,UPS,1Z625A764048581,IN_TRANSIT,Bhubaneswar,OD,Nashik,MH,2025-05-12,6.88
ORD-32664,BlueDart,1Z806A113813584,PICKED_UP,Kochi,KL,Mumbai,MH,2026-04-08,7.16
ORD-41539,DTDC,1Z139E900820524,EXCEPTION,Goa,GA,Ludhiana,PB,2025-01-03,35.42
ORD-34956,Delhivery,1Z799E979689710,EXCEPTION,Faridabad,HR,Indore,MP,2026-04-13,16.88
ORD-36831,ShadowFax,1Z217O924118397,DELIVERED,Lucknow,UP,Delhi,DL,2025-04-25,43.62
ORD-61956,BlueDart,1Z226O942414476,OUT_FOR_DELIVERY,Visakhapatnam,AP,Chandigarh,CH,2025-11-09,0.96
ORD-37045,UPS,1Z360I398981443,IN_TRANSIT,Ahmedabad,GJ,Delhi,DL,2026-02-03,5.43
ORD-61244,Delhivery,1Z694O104600113,PENDING,Bhubaneswar,OD,Meerut,UP,2025-10-25,39.54
ORD-53422,XpressBees,1Z128A453473479,EXCEPTION,Kolkata,WB,Mysore,KA,2026-02-21,15.32
ORD-86035,India Post,1Z950E653754787,PENDING,Jaipur,RJ,Meerut,UP,2025-04-09,6.39
ORD-10795,DTDC,1Z937A802438618,DELIVERED,Kochi,KL,Kochi,KL,2025-04-12,36.67
ORD-35577,FedEx,1Z437E860583176,IN_TRANSIT,Allahabad,UP,Surat,GJ,2025-09-08,34.97
ORD-27453,XpressBees,1Z149I640322276,DELIVERED,Indore,MP,Guwahati,AS,2026-04-01,31.98
ORD-40803,DTDC,1Z377A851014408,EXCEPTION,Rajkot,GJ,Mysore,KA,2026-02-19,9.13
ORD-54546,BlueDart,1Z710I150168282,PENDING,Chennai,TN,Pune,MH,2025-12-04,38.93
ORD-52549,DTDC,1Z618O996385432,PICKED_UP,Guwahati,AS,Vadodara,GJ,2025-07-01,20.39
ORD-38973,FedEx,1Z555I670719782,DELIVERED,Delhi,DL,Agra,UP,2025-01-21,13.11
ORD-57021,XpressBees,1Z916U107508747,EXCEPTION,Chandigarh,CH,Pune,MH,2026-03-19,3.84
ORD-50566,DHL,1Z282U336422165,IN_TRANSIT,Srinagar,JK,Meerut,UP,2026-01-09,30.01
ORD-33730,UPS,1Z433I705086674,OUT_FOR_DELIVERY,Vadodara,GJ,Varanasi,UP,2026-04-01,25.05
ORD-89595,FedEx,1Z209E943160599,OUT_FOR_DELIVERY,Ludhiana,PB,Delhi,DL,2025-11-09,38.05
ORD-71307,India Post,1Z246O368557996,IN_TRANSIT,Kolkata,WB,Chennai,TN,2026-02-03,0.53
ORD-84709,DTDC,1Z643U599026682,PENDING,Kolkata,WB,Amritsar,PB,2025-06-21,9.49
ORD-36883,BlueDart,1Z488U738997386,OUT_FOR_DELIVERY,Hyderabad,TS,Mumbai,MH,2026-06-11,10.19
ORD-70097,India Post,1Z797A239484115,EXCEPTION,Udaipur,RJ,Goa,GA,2025-08-21,0.85
ORD-74991,Delhivery,1Z499A895077453,PENDING,Agra,UP,Chandigarh,CH,2025-05-10,23.59
ORD-93021,DTDC,1Z812O152225319,PICKED_UP,Bhopal,MP,Goa,GA,2026-05-13,37.53
ORD-78032,DTDC,1Z948E651220413,IN_TRANSIT,Udaipur,RJ,Tiruvananthapuram,KL,2026-06-09,32.77
ORD-81578,Delhivery,1Z894E717809985,OUT_FOR_DELIVERY,Tiruvananthapuram,KL,Agra,UP,2025-02-22,35.73
ORD-84510,UPS,1Z760A604942089,PICKED_UP,Mysore,KA,Meerut,UP,2025-11-01,39.2
ORD-50977,Ekart,1Z800I958962208,IN_TRANSIT,Faridabad,HR,Pune,MH,2025-02-14,22.87
ORD-86222,DHL,1Z861O245425147,OUT_FOR_DELIVERY,Srinagar,JK,Meerut,UP,2025-08-26,15.24
ORD-69234,DTDC,1Z681A840204610,OUT_FOR_DELIVERY,Delhi,DL,Nashik,MH,2025-09-13,17.37
ORD-95492,XpressBees,1Z314U653755174,IN_TRANSIT,Hyderabad,TS,Guwahati,AS,2026-03-16,18.51
ORD-51186,Ekart,1Z619E821480512,OUT_FOR_DELIVERY,Srinagar,JK,Kochi,KL,2025-03-15,19.23
ORD-78976,Delhivery,1Z943E429191024,EXCEPTION,Bangalore,KA,Mysore,KA,2025-08-04,3.31
ORD-68046,FedEx,1Z925O600032687,OUT_FOR_DELIVERY,Kolkata,WB,Indore,MP,2025-11-20,33.05
ORD-94137,UPS,1Z603U674023969,PICKED_UP,Visakhapatnam,AP,Surat,GJ,2025-06-02,9.94
ORD-75673,DTDC,1Z389A353721239,PICKED_UP,Kochi,KL,Srinagar,JK,2025-05-14,47.72
ORD-53650,UPS,1Z845E340741855,PENDING,Jaipur,RJ,Tiruvananthapuram,KL,2025-11-19,10.18
ORD-70109,BlueDart,1Z421I968509000,PENDING,Meerut,UP,Vadodara,GJ,2025-06-09,13.49
ORD-17029,BlueDart,1Z243E363783016,IN_TRANSIT,Chandigarh,CH,Mysore,KA,2025-03-18,14.95
ORD-90265,DTDC,1Z134U360946801,EXCEPTION,Amritsar,PB,Varanasi,UP,2026-01-12,17.56
ORD-69176,UPS,1Z252A143974575,OUT_FOR_DELIVERY,Pune,MH,Chandigarh,CH,2025-09-15,4.15
ORD-64800,Delhivery,1Z371I705161754,IN_TRANSIT,Chandigarh,CH,Tiruvananthapuram,KL,2025-04-24,38.42
ORD-24126,XpressBees,1Z677E811538592,DELIVERED,Chennai,TN,Lucknow,UP,2026-05-05,34.01
ORD-11870,India Post,1Z432A569868841,EXCEPTION,Tiruvananthapuram,KL,Kolkata,WB,2025-06-07,8.86
ORD-29585,XpressBees,1Z764E804605755,EXCEPTION,Delhi,DL,Allahabad,UP,2026-01-31,15.15
ORD-64951,XpressBees,1Z811I366644863,EXCEPTION,Mumbai,MH,Nashik,MH,2026-01-15,18.8
ORD-54578,ShadowFax,1Z440A235365808,OUT_FOR_DELIVERY,Bhopal,MP,Srinagar,JK,2026-03-15,0.83
ORD-75328,Ekart,1Z886U750381672,EXCEPTION,Rajkot,GJ,Bhopal,MP,2025-08-26,32.49
ORD-73983,India Post,1Z978E719074820,EXCEPTION,Hyderabad,TS,Nashik,MH,2026-02-25,2.25
ORD-78098,DHL,1Z810E529826789,DELIVERED,Visakhapatnam,AP,Lucknow,UP,2026-03-11,44.54
ORD-83768,UPS,1Z288E260703366,PENDING,Vadodara,GJ,Allahabad,UP,2025-12-12,33.99
ORD-62482,FedEx,1Z568U139863973,OUT_FOR_DELIVERY,Guwahati,AS,Delhi,DL,2025-03-10,47.83
ORD-98895,FedEx,1Z276A159932982,PICKED_UP,Bhopal,MP,Nashik,MH,2025-11-13,30.77
ORD-69912,India Post,1Z713O275653186,PENDING,Visakhapatnam,AP,Nagpur,MH,2025-03-17,27.79
ORD-35380,BlueDart,1Z873E731538641,EXCEPTION,Ahmedabad,GJ,Surat,GJ,2026-01-22,39.27
ORD-89875,DHL,1Z215A462038916,PICKED_UP,Delhi,DL,Chandigarh,CH,2025-03-29,8.4
ORD-64775,UPS,1Z986A700463925,PICKED_UP,Lucknow,UP,Udaipur,RJ,2025-08-27,32.79
ORD-68257,Delhivery,1Z286O936878471,PENDING,Varanasi,UP,Meerut,UP,2025-11-28,24.8
ORD-80972,XpressBees,1Z555E687875892,PICKED_UP,Hyderabad,TS,Tiruvananthapuram,KL,2025-07-18,7.96
ORD-96538,XpressBees,1Z950A184986962,PICKED_UP,Kochi,KL,Hyderabad,TS,2025-10-26,13.3
ORD-64930,DTDC,1Z615U447939567,PICKED_UP,Faridabad,HR,Mysore,KA,2026-02-23,1.15
ORD-84431,India Post,1Z938A794423601,OUT_FOR_DELIVERY,Nashik,MH,Vadodara,GJ,2025-06-09,34.89
ORD-43694,DTDC,1Z281I595029276,PICKED_UP,Vadodara,GJ,Guwahati,AS,2025-09-14,23.73
ORD-81756,XpressBees,1Z367A574077245,PENDING,Faridabad,HR,Kochi,KL,2025-11-22,24.19
ORD-70050,UPS,1Z544A252771124,DELIVERED,Udaipur,RJ,Udaipur,RJ,2026-04-10,47.7
ORD-30074,XpressBees,1Z413E528300073,DELIVERED,Hyderabad,TS,Jaipur,RJ,2026-06-09,39.93
ORD-29218,India Post,1Z803A859611953,EXCEPTION,Visakhapatnam,AP,Nashik,MH,2025-05-03,22.16
ORD-10171,DTDC,1Z300O180027935,EXCEPTION,Goa,GA,Coimbatore,TN,2025-02-04,17.07
ORD-62142,XpressBees,1Z627A953515745,PICKED_UP,Ahmedabad,GJ,Tiruvananthapuram,KL,2026-01-23,15.63
ORD-71859,ShadowFax,1Z958I782875554,PENDING,Lucknow,UP,Guwahati,AS,2026-06-21,9.95
ORD-26149,DHL,1Z879I243383352,DELIVERED,Allahabad,UP,Agra,UP,2026-01-18,33.78
ORD-45396,FedEx,1Z958O950192278,PENDING,Chennai,TN,Chennai,TN,2025-09-25,28.03
ORD-78458,Ekart,1Z102A606034235,PENDING,Udaipur,RJ,Tiruvananthapuram,KL,2026-05-13,43.68
ORD-23470,DTDC,1Z274A614900461,OUT_FOR_DELIVERY,Kolkata,WB,Hyderabad,TS,2026-04-28,41.44
ORD-17630,Delhivery,1Z331E555963196,DELIVERED,Allahabad,UP,Vadodara,GJ,2026-01-24,22.92
ORD-29879,Delhivery,1Z522A819075126,PENDING,Varanasi,UP,Ahmedabad,GJ,2025-04-04,2.23
ORD-84796,UPS,1Z152O154756834,PENDING,Mysore,KA,Allahabad,UP,2025-01-29,36.46
ORD-11549,DTDC,1Z149E473678881,EXCEPTION,Meerut,UP,Chandigarh,CH,2025-06-17,34.46
ORD-92145,BlueDart,1Z820U288576110,PENDING,Chennai,TN,Mumbai,MH,2025-06-26,31.2
ORD-71691,DTDC,1Z739U608278263,IN_TRANSIT,Guwahati,AS,Srinagar,JK,2025-08-24,43.47
ORD-65346,DTDC,1Z709O903337225,IN_TRANSIT,Nashik,MH,Surat,GJ,2025-12-21,7.99
ORD-96914,ShadowFax,1Z881I818278581,EXCEPTION,Surat,GJ,Hyderabad,TS,2025-10-16,4.63
ORD-47252,FedEx,1Z457E573314481,IN_TRANSIT,Bangalore,KA,Allahabad,UP,2025-04-06,45.07
ORD-34596,BlueDart,1Z569U923936178,PICKED_UP,Vadodara,GJ,Coimbatore,TN,2026-02-09,37.21
ORD-89681,Ekart,1Z488U223708233,EXCEPTION,Visakhapatnam,AP,Mumbai,MH,2026-06-27,16.35
ORD-75064,FedEx,1Z927O423388093,DELIVERED,Bangalore,KA,Allahabad,UP,2026-06-18,15.26
ORD-61247,XpressBees,1Z621A395313844,IN_TRANSIT,Bangalore,KA,Udaipur,RJ,2025-03-01,10.97
ORD-54224,XpressBees,1Z510E404128204,EXCEPTION,Bangalore,KA,Amritsar,PB,2026-03-31,13.15
ORD-53345,UPS,1Z678U720149055,DELIVERED,Coimbatore,TN,Bhopal,MP,2025-07-07,13.29
ORD-41914,DTDC,1Z248O890958492,DELIVERED,Kolkata,WB,Kolkata,WB,2025-04-30,4.98
ORD-17438,XpressBees,1Z480A673627381,IN_TRANSIT,Kochi,KL,Coimbatore,TN,2026-06-08,30.68
ORD-97596,DTDC,1Z710E978864588,PICKED_UP,Ahmedabad,GJ,Agra,UP,2026-01-01,41.42
ORD-64008,FedEx,1Z612E156173148,EXCEPTION,Guwahati,AS,Indore,MP,2025-10-09,34.81
ORD-79713,UPS,1Z998A267714875,PICKED_UP,Kochi,KL,Nashik,MH,2025-06-08,17.64
ORD-74925,DHL,1Z108I456355866,IN_TRANSIT,Bhubaneswar,OD,Surat,GJ,2026-06-14,43.55
ORD-73474,XpressBees,1Z985A871227566,DELIVERED,Lucknow,UP,Ahmedabad,GJ,2025-10-16,23.79
ORD-99533,Delhivery,1Z723U400691579,OUT_FOR_DELIVERY,Rajkot,GJ,Visakhapatnam,AP,2025-01-06,15.09
ORD-86529,BlueDart,1Z566A617306227,EXCEPTION,Nashik,MH,Chandigarh,CH,2025-07-04,4.49
ORD-66332,FedEx,1Z569E635836354,IN_TRANSIT,Bhubaneswar,OD,Hyderabad,TS,2025-10-05,17.53
ORD-28881,ShadowFax,1Z952E555076781,OUT_FOR_DELIVERY,Coimbatore,TN,Udaipur,RJ,2026-06-15,32.63
ORD-69637,ShadowFax,1Z654U595020938,OUT_FOR_DELIVERY,Srinagar,JK,Meerut,UP,2025-10-13,16.8
ORD-43814,Ekart,1Z876I174379394,PICKED_UP,Faridabad,HR,Mumbai,MH,2025-04-29,45.94
ORD-27851,ShadowFax,1Z808E546621678,PENDING,Srinagar,JK,Coimbatore,TN,2025-07-06,34.92
ORD-53630,FedEx,1Z815U324191775,IN_TRANSIT,Visakhapatnam,AP,Agra,UP,2026-06-13,30.34
ORD-24533,DHL,1Z960I666920492,IN_TRANSIT,Meerut,UP,Chandigarh,CH,2025-09-06,21.39
ORD-97697,DTDC,1Z516A175060440,IN_TRANSIT,Kochi,KL,Tiruvananthapuram,KL,2025-05-20,35.41
ORD-41456,UPS,1Z930O130304075,EXCEPTION,Kochi,KL,Srinagar,JK,2025-09-16,26.16
ORD-51428,BlueDart,1Z204O137713268,PICKED_UP,Jaipur,RJ,Vadodara,GJ,2025-11-03,12.44
ORD-16928,BlueDart,1Z957O824976810,PICKED_UP,Mysore,KA,Ahmedabad,GJ,2026-02-28,31.97
ORD-31227,Delhivery,1Z405O478111648,OUT_FOR_DELIVERY,Indore,MP,Ahmedabad,GJ,2025-04-18,6.94
ORD-20026,BlueDart,1Z656A627789987,DELIVERED,Nagpur,MH,Mysore,KA,2025-02-18,45.36
ORD-64551,FedEx,1Z426I472284378,DELIVERED,Udaipur,RJ,Srinagar,JK,2026-06-10,20.37
ORD-40362,DTDC,1Z543I860908072,IN_TRANSIT,Chennai,TN,Goa,GA,2025-01-30,8.68
ORD-82217,XpressBees,1Z280I249797536,PENDING,Surat,GJ,Goa,GA,2026-01-26,21.92
ORD-15439,DTDC,1Z954U392604192,OUT_FOR_DELIVERY,Goa,GA,Rajkot,GJ,2025-06-29,27.07
ORD-30489,XpressBees,1Z393O138658300,IN_TRANSIT,Lucknow,UP,Bangalore,KA,2025-09-06,4.42
ORD-38864,DHL,1Z934U680243678,DELIVERED,Guwahati,AS,Chennai,TN,2025-06-21,10.88
ORD-30885,UPS,1Z312O509777764,DELIVERED,Coimbatore,TN,Meerut,UP,2025-05-10,39.49
ORD-72984,XpressBees,1Z498E558998627,DELIVERED,Srinagar,JK,Nagpur,MH,2026-04-28,7.63
ORD-70655,India Post,1Z129E260570819,PENDING,Udaipur,RJ,Chandigarh,CH,2026-04-05,28.27
ORD-45210,Ekart,1Z181A536690691,PICKED_UP,Bhubaneswar,OD,Ludhiana,PB,2025-08-16,13.67
ORD-93007,DTDC,1Z932I615759706,PICKED_UP,Srinagar,JK,Coimbatore,TN,2025-06-27,10.05
ORD-95245,DHL,1Z979O636554984,EXCEPTION,Bangalore,KA,Hyderabad,TS,2025-09-18,16.86
ORD-54519,XpressBees,1Z465U604461375,PICKED_UP,Hyderabad,TS,Jaipur,RJ,2026-04-19,11.42
ORD-93365,DHL,1Z274U469786940,OUT_FOR_DELIVERY,Delhi,DL,Rajkot,GJ,2025-06-17,39.54
ORD-15473,DHL,1Z439I462657536,IN_TRANSIT,Kochi,KL,Goa,GA,2025-08-17,49.06
ORD-68965,Ekart,1Z764A414790703,PENDING,Kolkata,WB,Kochi,KL,2026-05-04,48.57
ORD-80442,FedEx,1Z468U552395117,EXCEPTION,Meerut,UP,Tiruvananthapuram,KL,2026-04-17,12.03
ORD-61245,DTDC,1Z489U110908362,IN_TRANSIT,Faridabad,HR,Udaipur,RJ,2025-09-28,37.43
ORD-66522,Ekart,1Z864E322510544,PICKED_UP,Nagpur,MH,Ahmedabad,GJ,2025-06-16,14.53
ORD-88943,DTDC,1Z460U599552956,EXCEPTION,Vadodara,GJ,Delhi,DL,2025-01-11,33.13
ORD-65474,DHL,1Z344U381073809,IN_TRANSIT,Faridabad,HR,Surat,GJ,2026-03-08,14.09
ORD-73988,India Post,1Z124U738489672,IN_TRANSIT,Bhopal,MP,Hyderabad,TS,2025-03-29,6.87
ORD-16186,BlueDart,1Z980E718390067,DELIVERED,Delhi,DL,Pune,MH,2025-09-05,36.21
ORD-76132,Ekart,1Z193O254383400,DELIVERED,Ludhiana,PB,Agra,UP,2025-12-31,21.5
ORD-91861,UPS,1Z428U932215065,PENDING,Bangalore,KA,Bhubaneswar,OD,2025-01-18,47.36
ORD-57969,BlueDart,1Z311O400866235,PICKED_UP,Varanasi,UP,Tiruvananthapuram,KL,2026-04-15,1.55
ORD-93347,Ekart,1Z602E649212255,OUT_FOR_DELIVERY,Ahmedabad,GJ,Varanasi,UP,2026-01-26,18.61
ORD-66556,ShadowFax,1Z476O848223659,DELIVERED,Meerut,UP,Amritsar,PB,2026-05-22,17.36
ORD-54991,ShadowFax,1Z683I494970085,PENDING,Srinagar,JK,Varanasi,UP,2025-09-03,34.57
ORD-60688,DHL,1Z676A575786219,PENDING,Rajkot,GJ,Udaipur,RJ,2026-01-09,43.83
ORD-47516,FedEx,1Z672E770300117,IN_TRANSIT,Surat,GJ,Varanasi,UP,2025-05-15,37.08
ORD-96875,DTDC,1Z246A586545688,EXCEPTION,Goa,GA,Udaipur,RJ,2025-06-17,38.85
ORD-19739,India Post,1Z765I203380605,PENDING,Nagpur,MH,Chennai,TN,2025-11-03,41.7
ORD-59055,Ekart,1Z402I443242455,PICKED_UP,Hyderabad,TS,Bhopal,MP,2025-02-11,39.58
ORD-97138,DHL,1Z584O921449238,DELIVERED,Nashik,MH,Guwahati,AS,2025-07-27,1.77
ORD-81686,DHL,1Z407A302457073,EXCEPTION,Allahabad,UP,Agra,UP,2025-06-26,36.31
ORD-22001,DHL,1Z855I406801200,PENDING,Nagpur,MH,Indore,MP,2026-03-23,12.06
ORD-94408,UPS,1Z689I196909691,PICKED_UP,Chennai,TN,Bangalore,KA,2026-01-06,36.06
ORD-96512,DHL,1Z462O713830417,IN_TRANSIT,Hyderabad,TS,Delhi,DL,2025-10-17,46.29
ORD-72711,ShadowFax,1Z358A246346150,EXCEPTION,Agra,UP,Lucknow,UP,2025-11-29,15.47
ORD-11069,FedEx,1Z666U193373011,PENDING,Bhopal,MP,Rajkot,GJ,2025-08-27,13.47
ORD-75842,DTDC,1Z584A317033944,PICKED_UP,Coimbatore,TN,Nagpur,MH,2026-04-18,21.66
ORD-64527,FedEx,1Z290O356856898,IN_TRANSIT,Jaipur,RJ,Pune,MH,2025-04-30,7.96
ORD-31682,ShadowFax,1Z188E639556123,PENDING,Ludhiana,PB,Bangalore,KA,2025-04-05,14.85
ORD-50018,XpressBees,1Z135E763646603,DELIVERED,Hyderabad,TS,Bhubaneswar,OD,2026-06-25,35.71
ORD-85811,India Post,1Z793O424289971,IN_TRANSIT,Surat,GJ,Indore,MP,2025-04-30,41.31
ORD-24115,ShadowFax,1Z989U138762452,DELIVERED,Lucknow,UP,Ahmedabad,GJ,2025-08-11,10.01
ORD-61452,XpressBees,1Z844E201039298,OUT_FOR_DELIVERY,Lucknow,UP,Ludhiana,PB,2026-03-18,44.11
ORD-92055,India Post,1Z600A422544326,EXCEPTION,Ahmedabad,GJ,Chandigarh,CH,2025-03-29,1.06
ORD-95877,BlueDart,1Z807U704715135,PENDING,Pune,MH,Udaipur,RJ,2026-05-06,14.88
ORD-52081,UPS,1Z214E875431611,PICKED_UP,Surat,GJ,Delhi,DL,2025-09-12,13.99
ORD-44537,ShadowFax,1Z476O129867139,OUT_FOR_DELIVERY,Ahmedabad,GJ,Nashik,MH,2026-06-16,24.0
ORD-61228,DTDC,1Z159O587244650,IN_TRANSIT,Lucknow,UP,Amritsar,PB,2026-04-16,8.03
ORD-19862,India Post,1Z874E226349251,OUT_FOR_DELIVERY,Delhi,DL,Indore,MP,2026-05-25,48.0
ORD-76037,FedEx,1Z195A438719638,EXCEPTION,Vadodara,GJ,Delhi,DL,2025-07-12,38.1
ORD-85147,ShadowFax,1Z488E164882944,OUT_FOR_DELIVERY,Tiruvananthapuram,KL,Guwahati,AS,2025-01-24,1.18
ORD-87831,ShadowFax,1Z387O741234256,OUT_FOR_DELIVERY,Tiruvananthapuram,KL,Agra,UP,2025-05-21,49.35
ORD-42482,BlueDart,1Z806O163635537,PENDING,Mysore,KA,Kolkata,WB,2025-11-22,26.38
ORD-11166,UPS,1Z693O170546310,IN_TRANSIT,Hyderabad,TS,Kochi,KL,2025-07-22,12.86
ORD-38338,Delhivery,1Z320A958007157,OUT_FOR_DELIVERY,Srinagar,JK,Bhubaneswar,OD,2026-05-18,15.01
ORD-81003,XpressBees,1Z665E768996152,EXCEPTION,Surat,GJ,Agra,UP,2026-04-25,17.09
ORD-10682,ShadowFax,1Z604E252622349,DELIVERED,Varanasi,UP,Bhubaneswar,OD,2025-05-25,34.45
ORD-82143,DTDC,1Z860I482328031,IN_TRANSIT,Pune,MH,Bhopal,MP,2025-04-28,44.76
ORD-65159,UPS,1Z319I657680283,PICKED_UP,Agra,UP,Coimbatore,TN,2026-05-23,27.36
ORD-37025,XpressBees,1Z827O309865050,OUT_FOR_DELIVERY,Indore,MP,Lucknow,UP,2025-09-04,26.83
ORD-14265,Delhivery,1Z811E541516775,IN_TRANSIT,Vadodara,GJ,Allahabad,UP,2026-06-16,15.9
ORD-65193,Delhivery,1Z629O892479741,OUT_FOR_DELIVERY,Faridabad,HR,Kolkata,WB,2026-02-07,11.93
ORD-21578,DHL,1Z139O344796979,PENDING,Guwahati,AS,Srinagar,JK,2025-12-20,44.57
ORD-85377,Ekart,1Z592O140068174,PENDING,Nashik,MH,Amritsar,PB,2026-06-10,15.44
ORD-77223,FedEx,1Z213I371722511,PENDING,Allahabad,UP,Vadodara,GJ,2025-07-02,27.43
ORD-50842,BlueDart,1Z819O173488996,PENDING,Kochi,KL,Bhubaneswar,OD,2026-01-26,6.35
ORD-50228,India Post,1Z131E502709141,PENDING,Chennai,TN,Goa,GA,2025-06-20,20.28
ORD-12901,DTDC,1Z449I861580663,EXCEPTION,Faridabad,HR,Visakhapatnam,AP,2025-12-26,45.53
ORD-32996,India Post,1Z612E507780140,DELIVERED,Nashik,MH,Ludhiana,PB,2026-05-27,22.88
ORD-44985,UPS,1Z303I958237376,EXCEPTION,Faridabad,HR,Varanasi,UP,2025-10-15,49.6
ORD-84265,DTDC,1Z790O946032622,OUT_FOR_DELIVERY,Delhi,DL,Mumbai,MH,2025-08-25,49.63
ORD-21302,FedEx,1Z715O790983826,PICKED_UP,Lucknow,UP,Mysore,KA,2025-06-03,47.84
ORD-78506,India Post,1Z919U606351519,IN_TRANSIT,Jaipur,RJ,Kolkata,WB,2026-04-01,37.32
ORD-37218,India Post,1Z916U348844022,DELIVERED,Allahabad,UP,Hyderabad,TS,2025-11-29,41.97
ORD-92703,Ekart,1Z121U307960912,IN_TRANSIT,Delhi,DL,Chennai,TN,2026-02-21,34.31
ORD-57279,UPS,1Z656A174768068,PICKED_UP,Kochi,KL,Nashik,MH,2025-01-20,12.41
ORD-79165,Delhivery,1Z675I302743323,EXCEPTION,Chandigarh,CH,Guwahati,AS,2025-02-04,1.27
ORD-65046,DHL,1Z929O712475733,IN_TRANSIT,Srinagar,JK,Pune,MH,2025-11-09,40.66
ORD-87845,DTDC,1Z361I758264623,EXCEPTION,Visakhapatnam,AP,Coimbatore,TN,2025-12-04,15.04
ORD-21081,Ekart,1Z962I567210014,PICKED_UP,Chandigarh,CH,Srinagar,JK,2025-06-22,25.27
ORD-11570,FedEx,1Z524A796172300,OUT_FOR_DELIVERY,Bhopal,MP,Faridabad,HR,2025-11-10,23.32
ORD-96804,Delhivery,1Z813I728220146,PICKED_UP,Ludhiana,PB,Varanasi,UP,2025-05-01,40.9
ORD-37899,XpressBees,1Z333E553723136,IN_TRANSIT,Udaipur,RJ,Mysore,KA,2025-04-04,34.5
ORD-99589,UPS,1Z154A577767892,PENDING,Guwahati,AS,Kolkata,WB,2025-05-09,34.31
ORD-91652,Delhivery,1Z751I581542718,OUT_FOR_DELIVERY,Ahmedabad,GJ,Agra,UP,2025-02-11,42.89
ORD-84223,Delhivery,1Z672I196488790,EXCEPTION,Meerut,UP,Nagpur,MH,2025-09-09,16.01
ORD-55954,DHL,1Z906U316888548,EXCEPTION,Bhopal,MP,Chandigarh,CH,2025-06-23,33.89
ORD-71849,DTDC,1Z980O806989127,OUT_FOR_DELIVERY,Pune,MH,Bhopal,MP,2025-02-19,45.96
ORD-64336,DTDC,1Z487I784202990,OUT_FOR_DELIVERY,Chandigarh,CH,Kolkata,WB,2025-03-26,17.41
ORD-83448,DHL,1Z846A997424652,DELIVERED,Guwahati,AS,Bangalore,KA,2026-06-19,39.62
ORD-46384,FedEx,1Z838A623600807,EXCEPTION,Pune,MH,Pune,MH,2026-03-03,6.4
ORD-49412,India Post,1Z363I509981129,EXCEPTION,Chennai,TN,Kolkata,WB,2026-06-01,12.44
ORD-85571,Ekart,1Z471I285179537,EXCEPTION,Rajkot,GJ,Mysore,KA,2025-08-06,48.0
ORD-97885,XpressBees,1Z659I862838044,PICKED_UP,Agra,UP,Mysore,KA,2026-05-10,48.54
ORD-83343,Ekart,1Z569A160672962,OUT_FOR_DELIVERY,Pune,MH,Lucknow,UP,2025-12-15,12.49
ORD-53821,FedEx,1Z260A906341819,EXCEPTION,Delhi,DL,Surat,GJ,2025-06-19,20.61
ORD-84940,ShadowFax,1Z161U539267296,EXCEPTION,Tiruvananthapuram,KL,Kochi,KL,2025-01-20,7.85
ORD-66410,DTDC,1Z836E689821200,PICKED_UP,Allahabad,UP,Guwahati,AS,2025-03-06,20.79
ORD-62757,XpressBees,1Z236A925209202,EXCEPTION,Mumbai,MH,Mumbai,MH,2025-07-13,34.3
ORD-71916,UPS,1Z951U122736460,OUT_FOR_DELIVERY,Bangalore,KA,Agra,UP,2026-05-15,26.25
ORD-17965,XpressBees,1Z746U907254401,EXCEPTION,Kochi,KL,Coimbatore,TN,2025-08-19,8.63
ORD-75366,UPS,1Z684U351876614,IN_TRANSIT,Udaipur,RJ,Faridabad,HR,2025-06-08,33.78
ORD-67041,Ekart,1Z839I680706367,OUT_FOR_DELIVERY,Kochi,KL,Nagpur,MH,2026-02-24,17.71
ORD-72229,Delhivery,1Z789I971957926,IN_TRANSIT,Tiruvananthapuram,KL,Varanasi,UP,2026-03-29,7.09
ORD-71720,India Post,1Z469I196435175,DELIVERED,Udaipur,RJ,Surat,GJ,2026-05-30,5.6
ORD-86805,Delhivery,1Z610O719972932,IN_TRANSIT,Mumbai,MH,Bangalore,KA,2025-07-18,15.71
ORD-27350,DHL,1Z162E569722645,PICKED_UP,Tiruvananthapuram,KL,Ludhiana,PB,2025-03-01,11.23
ORD-60979,Delhivery,1Z453E498591223,OUT_FOR_DELIVERY,Ludhiana,PB,Agra,UP,2025-01-11,30.78
ORD-14326,Ekart,1Z871I932750670,PENDING,Visakhapatnam,AP,Ludhiana,PB,2025-12-10,4.78
ORD-77494,DTDC,1Z250E391803243,OUT_FOR_DELIVERY,Tiruvananthapuram,KL,Chandigarh,CH,2026-01-12,6.55
ORD-54905,XpressBees,1Z304O916104265,EXCEPTION,Delhi,DL,Hyderabad,TS,2026-01-02,42.11
ORD-37517,India Post,1Z840O744759560,PICKED_UP,Indore,MP,Jaipur,RJ,2026-05-20,22.01
ORD-38455,Delhivery,1Z232E672079128,IN_TRANSIT,Tiruvananthapuram,KL,Surat,GJ,2026-06-17,11.93
ORD-28325,BlueDart,1Z609E299972109,IN_TRANSIT,Bhopal,MP,Kolkata,WB,2025-02-06,12.04
ORD-40071,Ekart,1Z944A107414852,DELIVERED,Rajkot,GJ,Lucknow,UP,2025-08-01,12.92
ORD-14460,BlueDart,1Z860O111962073,IN_TRANSIT,Indore,MP,Indore,MP,2025-08-27,44.4
ORD-35775,FedEx,1Z747U970480134,DELIVERED,Bhopal,MP,Bhubaneswar,OD,2025-10-15,18.67
ORD-93180,FedEx,1Z230I793282561,OUT_FOR_DELIVERY,Mumbai,MH,Faridabad,HR,2026-04-21,11.35
ORD-23241,ShadowFax,1Z636I908249565,EXCEPTION,Pune,MH,Chandigarh,CH,2026-03-08,28.78
ORD-60546,XpressBees,1Z116O417604667,IN_TRANSIT,Amritsar,PB,Rajkot,GJ,2025-11-06,36.53
ORD-28884,FedEx,1Z476O814776831,EXCEPTION,Bhubaneswar,OD,Ludhiana,PB,2026-04-20,31.23
ORD-30623,India Post,1Z396A447042846,PICKED_UP,Lucknow,UP,Vadodara,GJ,2025-07-22,32.56
ORD-88975,India Post,1Z634U489402718,DELIVERED,Bhopal,MP,Nashik,MH,2025-05-16,26.55
ORD-82888,BlueDart,1Z750U140819526,PICKED_UP,Guwahati,AS,Guwahati,AS,2026-06-15,43.19
ORD-98830,BlueDart,1Z182I124542795,PICKED_UP,Surat,GJ,Kolkata,WB,2026-06-07,19.02
ORD-86238,India Post,1Z453I936850122,PENDING,Delhi,DL,Jaipur,RJ,2025-12-06,1.08
ORD-67135,India Post,1Z997U534635966,EXCEPTION,Bangalore,KA,Tiruvananthapuram,KL,2026-04-14,11.55
ORD-49015,Ekart,1Z527O200524037,IN_TRANSIT,Bhubaneswar,OD,Coimbatore,TN,2025-09-10,7.55
ORD-86490,DTDC,1Z841U195591922,EXCEPTION,Mumbai,MH,Ludhiana,PB,2026-06-25,17.08
ORD-50687,DHL,1Z977O509239149,PICKED_UP,Lucknow,UP,Kolkata,WB,2025-11-30,17.95
ORD-62486,BlueDart,1Z793O416707013,PICKED_UP,Kochi,KL,Ludhiana,PB,2025-09-21,30.95
ORD-88181,Delhivery,1Z107E697356349,DELIVERED,Amritsar,PB,Varanasi,UP,2025-10-20,21.03
ORD-67079,DTDC,1Z303A604583657,PENDING,Udaipur,RJ,Mysore,KA,2025-08-11,2.05
ORD-29610,FedEx,1Z116E890597532,OUT_FOR_DELIVERY,Bhopal,MP,Visakhapatnam,AP,2026-01-21,11.46
ORD-31986,DTDC,1Z853O805246227,OUT_FOR_DELIVERY,Bhopal,MP,Nagpur,MH,2025-06-24,47.38
ORD-36804,Delhivery,1Z617O387657277,DELIVERED,Bhopal,MP,Ahmedabad,GJ,2026-03-13,33.54
ORD-10666,FedEx,1Z694A135847163,DELIVERED,Mumbai,MH,Rajkot,GJ,2026-06-16,21.82
ORD-13002,Ekart,1Z312E543831544,IN_TRANSIT,Rajkot,GJ,Vadodara,GJ,2025-07-22,33.39
ORD-77383,DTDC,1Z728I776565719,IN_TRANSIT,Chennai,TN,Chandigarh,CH,2026-03-18,39.85
ORD-90787,UPS,1Z713E632198890,PENDING,Kochi,KL,Meerut,UP,2026-01-10,32.11
ORD-83299,FedEx,1Z114I475884257,OUT_FOR_DELIVERY,Agra,UP,Faridabad,HR,2026-03-05,22.05
ORD-85320,Delhivery,1Z361O951235758,PICKED_UP,Ludhiana,PB,Bhubaneswar,OD,2026-03-28,38.52
ORD-17465,DTDC,1Z233U714824589,PENDING,Srinagar,JK,Visakhapatnam,AP,2026-03-24,17.57
ORD-21518,XpressBees,1Z295O682312003,IN_TRANSIT,Vadodara,GJ,Vadodara,GJ,2025-04-03,29.87
ORD-80745,XpressBees,1Z342O393602802,PICKED_UP,Nashik,MH,Amritsar,PB,2025-02-14,30.51
ORD-62858,XpressBees,1Z426U330126320,DELIVERED,Bangalore,KA,Tiruvananthapuram,KL,2025-06-11,37.47
ORD-17570,DHL,1Z345A649223228,DELIVERED,Visakhapatnam,AP,Faridabad,HR,2026-02-07,40.21
ORD-93857,DHL,1Z371E420157880,PICKED_UP,Amritsar,PB,Nashik,MH,2026-06-26,20.58
ORD-53250,DHL,1Z214E980734297,PENDING,Amritsar,PB,Visakhapatnam,AP,2025-02-02,41.22
ORD-76113,Ekart,1Z165A659540826,DELIVERED,Bangalore,KA,Bhopal,MP,2025-12-05,43.46
ORD-64998,ShadowFax,1Z397O558666619,PENDING,Rajkot,GJ,Hyderabad,TS,2025-08-06,24.11
ORD-44020,Ekart,1Z382O562044649,EXCEPTION,Pune,MH,Chennai,TN,2026-03-13,4.51
ORD-33254,FedEx,1Z931I147544994,PICKED_UP,Tiruvananthapuram,KL,Varanasi,UP,2025-12-26,27.79
ORD-63578,XpressBees,1Z828A785555831,DELIVERED,Bangalore,KA,Bangalore,KA,2025-11-06,6.57
ORD-78306,ShadowFax,1Z326E332653029,IN_TRANSIT,Jaipur,RJ,Bhubaneswar,OD,2026-03-02,35.88
ORD-96705,India Post,1Z101A975016339,PICKED_UP,Udaipur,RJ,Varanasi,UP,2025-11-20,37.59
ORD-13396,DHL,1Z700I943321524,OUT_FOR_DELIVERY,Indore,MP,Goa,GA,2025-01-12,5.74
ORD-14085,FedEx,1Z288I970425349,IN_TRANSIT,Guwahati,AS,Kolkata,WB,2025-04-05,45.61
ORD-83260,UPS,1Z494A741815664,IN_TRANSIT,Pune,MH,Indore,MP,2026-02-15,31.46
ORD-58978,UPS,1Z998I460823361,PENDING,Kolkata,WB,Ludhiana,PB,2026-02-26,26.85
ORD-20680,XpressBees,1Z543O182466503,OUT_FOR_DELIVERY,Mumbai,MH,Bhubaneswar,OD,2025-01-12,32.28
ORD-89995,DHL,1Z711E859280772,PICKED_UP,Allahabad,UP,Delhi,DL,2026-05-18,45.96
ORD-23292,ShadowFax,1Z532A265032227,DELIVERED,Ludhiana,PB,Bhopal,MP,2025-05-24,4.17
ORD-35521,Delhivery,1Z690I275227554,PICKED_UP,Bangalore,KA,Nashik,MH,2025-02-12,33.45
ORD-37944,Ekart,1Z993A605930665,OUT_FOR_DELIVERY,Allahabad,UP,Goa,GA,2025-12-24,19.58
ORD-68846,Delhivery,1Z653A517320341,OUT_FOR_DELIVERY,Kolkata,WB,Ahmedabad,GJ,2025-07-05,45.3
ORD-27210,UPS,1Z765E163936558,OUT_FOR_DELIVERY,Allahabad,UP,Ahmedabad,GJ,2026-03-16,16.24
ORD-98312,FedEx,1Z272A226572320,DELIVERED,Coimbatore,TN,Hyderabad,TS,2025-03-06,27.33
ORD-25917,DHL,1Z984E829658251,DELIVERED,Ludhiana,PB,Indore,MP,2025-03-02,9.51
ORD-56815,ShadowFax,1Z995U925692627,OUT_FOR_DELIVERY,Jaipur,RJ,Hyderabad,TS,2026-03-16,39.51
ORD-38988,FedEx,1Z909I976167010,EXCEPTION,Srinagar,JK,Coimbatore,TN,2026-06-02,35.21
ORD-23822,UPS,1Z696O779964047,PENDING,Tiruvananthapuram,KL,Hyderabad,TS,2025-10-23,18.29
ORD-55059,DHL,1Z191A251378010,PENDING,Bhopal,MP,Coimbatore,TN,2025-01-07,26.18
ORD-63077,Delhivery,1Z894A839847432,DELIVERED,Mumbai,MH,Nashik,MH,2025-09-19,37.48
ORD-63355,UPS,1Z997U853196864,PENDING,Mysore,KA,Kolkata,WB,2025-09-20,2.39
ORD-82326,BlueDart,1Z379O705507702,IN_TRANSIT,Nashik,MH,Faridabad,HR,2025-12-27,1.98
ORD-62945,UPS,1Z704I989739382,DELIVERED,Bangalore,KA,Kochi,KL,2025-05-15,34.77
ORD-69864,Delhivery,1Z448O564069488,DELIVERED,Ludhiana,PB,Bhubaneswar,OD,2025-12-23,28.79
ORD-15324,Ekart,1Z364E753252286,IN_TRANSIT,Chennai,TN,Rajkot,GJ,2025-05-27,33.43
ORD-96235,UPS,1Z397U485566418,OUT_FOR_DELIVERY,Vadodara,GJ,Coimbatore,TN,2025-07-03,16.15
ORD-34973,XpressBees,1Z394O536192999,OUT_FOR_DELIVERY,Chennai,TN,Amritsar,PB,2025-07-19,2.72
ORD-61215,Delhivery,1Z607E663109283,EXCEPTION,Tiruvananthapuram,KL,Pune,MH,2026-04-26,49.47
ORD-98119,India Post,1Z631I725401255,PENDING,Jaipur,RJ,Visakhapatnam,AP,2025-05-13,30.63
ORD-68456,India Post,1Z186A914492196,OUT_FOR_DELIVERY,Visakhapatnam,AP,Jaipur,RJ,2026-02-13,22.05
ORD-34856,Delhivery,1Z711U236874930,IN_TRANSIT,Tiruvananthapuram,KL,Kochi,KL,2026-05-10,32.7
ORD-26375,India Post,1Z478O269008375,OUT_FOR_DELIVERY,Mysore,KA,Meerut,UP,2025-02-15,8.33
ORD-57700,Ekart,1Z235E193133084,EXCEPTION,Lucknow,UP,Varanasi,UP,2025-06-01,14.04
ORD-36617,DTDC,1Z255I988847497,EXCEPTION,Visakhapatnam,AP,Bangalore,KA,2025-01-01,26.29
ORD-78482,ShadowFax,1Z416U519273564,PENDING,Vadodara,GJ,Nagpur,MH,2025-04-21,18.42
ORD-17414,DTDC,1Z891E108863410,EXCEPTION,Allahabad,UP,Ludhiana,PB,2025-12-05,10.36
ORD-21489,BlueDart,1Z836A653015181,IN_TRANSIT,Allahabad,UP,Kochi,KL,2025-01-18,16.8
ORD-91746,BlueDart,1Z395E360060699,PICKED_UP,Jaipur,RJ,Pune,MH,2025-01-07,30.42
ORD-29252,ShadowFax,1Z377I899046765,PICKED_UP,Kolkata,WB,Faridabad,HR,2025-03-18,14.41
ORD-14059,XpressBees,1Z908O649749055,PICKED_UP,Nashik,MH,Indore,MP,2026-04-22,43.86
ORD-73139,ShadowFax,1Z880U262275056,EXCEPTION,Rajkot,GJ,Bangalore,KA,2025-06-02,5.29
ORD-25041,India Post,1Z643E344905498,PENDING,Bhopal,MP,Mysore,KA,2026-06-14,4.5
ORD-24293,UPS,1Z143U511099600,PICKED_UP,Rajkot,GJ,Surat,GJ,2026-02-23,17.52
ORD-70707,XpressBees,1Z890U910482394,OUT_FOR_DELIVERY,Bhopal,MP,Srinagar,JK,2026-01-06,25.44
ORD-69199,Delhivery,1Z894I236898431,OUT_FOR_DELIVERY,Bhopal,MP,Rajkot,GJ,2026-05-30,26.37
ORD-79885,DHL,1Z300O984725686,EXCEPTION,Lucknow,UP,Varanasi,UP,2025-11-15,15.12
ORD-34337,DHL,1Z754I317539129,IN_TRANSIT,Pune,MH,Ahmedabad,GJ,2026-04-23,48.51
ORD-99071,XpressBees,1Z875E694357540,PENDING,Srinagar,JK,Bangalore,KA,2025-09-13,12.96
ORD-57909,BlueDart,1Z667U300454611,DELIVERED,Chandigarh,CH,Surat,GJ,2025-01-08,49.36
ORD-67852,India Post,1Z584O507690001,OUT_FOR_DELIVERY,Bangalore,KA,Bhubaneswar,OD,2025-05-12,27.25
ORD-74899,Delhivery,1Z428U579689983,PENDING,Jaipur,RJ,Hyderabad,TS,2026-04-29,16.01
ORD-19470,BlueDart,1Z833O696404887,IN_TRANSIT,Indore,MP,Kolkata,WB,2026-01-16,38.97
ORD-27860,India Post,1Z231A805090819,EXCEPTION,Bangalore,KA,Chandigarh,CH,2025-10-30,35.74
ORD-20774,Delhivery,1Z909I336081179,PENDING,Pune,MH,Mumbai,MH,2026-02-01,4.54
ORD-47507,DTDC,1Z245U946595695,DELIVERED,Visakhapatnam,AP,Rajkot,GJ,2025-12-27,35.54
ORD-50879,Delhivery,1Z309E174225122,DELIVERED,Chandigarh,CH,Kolkata,WB,2025-05-06,34.33
ORD-57503,BlueDart,1Z332E397026453,DELIVERED,Vadodara,GJ,Surat,GJ,2026-03-19,42.18
ORD-71263,UPS,1Z194A905312037,PENDING,Bhopal,MP,Rajkot,GJ,2025-08-20,15.08
ORD-88611,ShadowFax,1Z608I893380249,EXCEPTION,Bhubaneswar,OD,Amritsar,PB,2026-02-28,31.53
ORD-79557,XpressBees,1Z618A999655565,OUT_FOR_DELIVERY,Udaipur,RJ,Tiruvananthapuram,KL,2025-02-24,47.43
ORD-27148,FedEx,1Z475U734327406,PICKED_UP,Mysore,KA,Nashik,MH,2025-08-11,23.09
ORD-38782,XpressBees,1Z230O409738040,DELIVERED,Bangalore,KA,Bhopal,MP,2025-08-08,6.32
ORD-31938,DHL,1Z334U445200489,IN_TRANSIT,Bangalore,KA,Vadodara,GJ,2025-01-15,14.85
ORD-37097,FedEx,1Z419U334444328,OUT_FOR_DELIVERY,Guwahati,AS,Rajkot,GJ,2026-04-16,23.84
ORD-75060,Delhivery,1Z106O119326060,PICKED_UP,Tiruvananthapuram,KL,Visakhapatnam,AP,2026-02-25,43.05
ORD-56301,India Post,1Z112A821780216,OUT_FOR_DELIVERY,Visakhapatnam,AP,Jaipur,RJ,2025-06-15,42.81
ORD-82040,DHL,1Z223E945511204,EXCEPTION,Bhubaneswar,OD,Jaipur,RJ,2025-05-04,29.26
ORD-37856,XpressBees,1Z525U277202879,OUT_FOR_DELIVERY,Nashik,MH,Vadodara,GJ,2025-05-17,21.62
ORD-38245,ShadowFax,1Z310E111911463,IN_TRANSIT,Allahabad,UP,Coimbatore,TN,2025-06-20,33.28
ORD-14808,India Post,1Z510O134855314,IN_TRANSIT,Bhubaneswar,OD,Amritsar,PB,2025-08-26,5.18
ORD-36526,Delhivery,1Z769I320744105,IN_TRANSIT,Goa,GA,Faridabad,HR,2025-04-04,6.07
ORD-78269,Delhivery,1Z980O477403243,PENDING,Lucknow,UP,Nashik,MH,2025-07-05,6.36
ORD-60960,BlueDart,1Z578U832516703,PENDING,Chandigarh,CH,Delhi,DL,2025-11-11,28.18
ORD-39559,India Post,1Z358U201841703,PENDING,Kochi,KL,Srinagar,JK,2025-12-25,46.32
ORD-82415,DTDC,1Z686I279228893,PENDING,Agra,UP,Mysore,KA,2025-07-22,46.11
ORD-37338,India Post,1Z298O461264615,DELIVERED,Mysore,KA,Nagpur,MH,2026-05-16,20.29
ORD-66055,XpressBees,1Z604O624110579,IN_TRANSIT,Bhopal,MP,Allahabad,UP,2026-03-12,4.06
ORD-50448,FedEx,1Z597I739537062,PENDING,Amritsar,PB,Ludhiana,PB,2025-01-25,48.02
ORD-95505,XpressBees,1Z918I292367500,OUT_FOR_DELIVERY,Mysore,KA,Jaipur,RJ,2025-07-16,10.42
ORD-89551,UPS,1Z795O535984609,PENDING,Allahabad,UP,Delhi,DL,2025-02-03,5.15
ORD-20747,BlueDart,1Z724A458965079,IN_TRANSIT,Goa,GA,Mumbai,MH,2025-11-12,14.51
ORD-36058,India Post,1Z357O764082033,PICKED_UP,Ahmedabad,GJ,Nashik,MH,2025-01-14,4.81
ORD-78757,India Post,1Z199O934659666,IN_TRANSIT,Guwahati,AS,Delhi,DL,2025-11-16,42.04
ORD-96333,ShadowFax,1Z684A467892988,OUT_FOR_DELIVERY,Ludhiana,PB,Goa,GA,2025-01-28,19.38
ORD-90359,ShadowFax,1Z490O815441398,PICKED_UP,Visakhapatnam,AP,Vadodara,GJ,2025-07-05,48.9
ORD-86550,India Post,1Z221A960028003,PICKED_UP,Indore,MP,Guwahati,AS,2025-07-05,21.9
ORD-39323,DHL,1Z158I646445689,OUT_FOR_DELIVERY,Vadodara,GJ,Surat,GJ,2025-10-01,45.6
ORD-91323,Ekart,1Z206I488599931,EXCEPTION,Vadodara,GJ,Indore,MP,2025-06-10,38.53
ORD-74080,Ekart,1Z107A224158399,EXCEPTION,Srinagar,JK,Rajkot,GJ,2025-04-09,41.76
ORD-71150,Ekart,1Z310E884000589,OUT_FOR_DELIVERY,Mumbai,MH,Coimbatore,TN,2026-06-05,17.35
ORD-76635,XpressBees,1Z804U788108468,EXCEPTION,Kochi,KL,Ahmedabad,GJ,2025-02-05,46.43
ORD-78648,DTDC,1Z789U609257222,PICKED_UP,Amritsar,PB,Udaipur,RJ,2026-01-23,49.32
ORD-72763,ShadowFax,1Z400E848248891,PICKED_UP,Kochi,KL,Faridabad,HR,2025-10-06,44.24
ORD-16692,DHL,1Z491E261470063,OUT_FOR_DELIVERY,Tiruvananthapuram,KL,Mysore,KA,2026-03-11,44.31
ORD-55960,ShadowFax,1Z503I889578075,IN_TRANSIT,Goa,GA,Vadodara,GJ,2026-02-01,19.56
ORD-43984,ShadowFax,1Z748I575258225,EXCEPTION,Chennai,TN,Amritsar,PB,2025-12-29,42.18
ORD-41275,Delhivery,1Z974O371379201,IN_TRANSIT,Bangalore,KA,Jaipur,RJ,2025-09-17,1.66
ORD-57781,BlueDart,1Z553O282163588,DELIVERED,Mumbai,MH,Faridabad,HR,2026-06-21,30.75
ORD-51264,BlueDart,1Z757U377775138,IN_TRANSIT,Delhi,DL,Agra,UP,2026-03-28,40.33
ORD-55796,Delhivery,1Z667A929843781,OUT_FOR_DELIVERY,Goa,GA,Mumbai,MH,2026-01-19,11.86
ORD-38300,BlueDart,1Z846U499296088,OUT_FOR_DELIVERY,Indore,MP,Nagpur,MH,2025-05-04,12.76
ORD-88752,India Post,1Z410U146062851,EXCEPTION,Faridabad,HR,Delhi,DL,2026-05-02,11.46
ORD-37398,UPS,1Z922I193803294,IN_TRANSIT,Mumbai,MH,Visakhapatnam,AP,2025-08-12,9.25
ORD-43759,UPS,1Z421A149273542,EXCEPTION,Lucknow,UP,Kochi,KL,2026-01-05,26.07
ORD-79856,Ekart,1Z746U563728969,PICKED_UP,Indore,MP,Meerut,UP,2026-02-09,23.63
ORD-94897,India Post,1Z372O563731500,EXCEPTION,Bangalore,KA,Agra,UP,2025-08-12,42.61
ORD-27890,Ekart,1Z301U765001746,OUT_FOR_DELIVERY,Nashik,MH,Pune,MH,2025-12-10,29.93
ORD-17036,ShadowFax,1Z390A157308080,PENDING,Delhi,DL,Nagpur,MH,2026-05-16,22.09
ORD-73299,XpressBees,1Z212U452077712,PENDING,Tiruvananthapuram,KL,Rajkot,GJ,2026-06-15,13.49
ORD-70487,Ekart,1Z679O317094052,DELIVERED,Indore,MP,Agra,UP,2025-01-23,21.64
ORD-44548,Delhivery,1Z320I580163611,EXCEPTION,Allahabad,UP,Faridabad,HR,2026-04-30,26.64
ORD-37574,DTDC,1Z123I817991230,EXCEPTION,Nagpur,MH,Kochi,KL,2025-02-02,9.69
ORD-71255,UPS,1Z843O666782515,OUT_FOR_DELIVERY,Srinagar,JK,Coimbatore,TN,2026-04-27,3.49
ORD-21166,XpressBees,1Z796A271713408,DELIVERED,Nagpur,MH,Agra,UP,2026-02-13,46.16
ORD-38628,ShadowFax,1Z212E301437452,OUT_FOR_DELIVERY,Guwahati,AS,Nashik,MH,2026-01-08,30.11
ORD-87103,XpressBees,1Z404A851493339,EXCEPTION,Bhopal,MP,Agra,UP,2026-05-26,20.86
ORD-75607,Ekart,1Z109I844557901,DELIVERED,Mumbai,MH,Mysore,KA,2025-03-09,38.05
ORD-92309,India Post,1Z965I227888610,PENDING,Coimbatore,TN,Faridabad,HR,2025-02-11,25.05
ORD-69646,XpressBees,1Z309U830928651,EXCEPTION,Rajkot,GJ,Vadodara,GJ,2026-06-28,36.67
ORD-77146,BlueDart,1Z924A344811018,IN_TRANSIT,Goa,GA,Amritsar,PB,2026-04-19,11.05
ORD-53065,Delhivery,1Z806A412516853,IN_TRANSIT,Jaipur,RJ,Chandigarh,CH,2025-07-09,25.95
ORD-90522,UPS,1Z293A584994407,DELIVERED,Udaipur,RJ,Agra,UP,2026-02-04,40.28
ORD-43597,BlueDart,1Z857A559585814,OUT_FOR_DELIVERY,Goa,GA,Varanasi,UP,2026-05-30,41.52
ORD-44221,Delhivery,1Z142U703408799,EXCEPTION,Varanasi,UP,Bhopal,MP,2025-01-25,10.4
ORD-34404,UPS,1Z572I567844123,PENDING,Srinagar,JK,Lucknow,UP,2026-03-10,31.16
ORD-17089,FedEx,1Z861I270675188,PICKED_UP,Bangalore,KA,Jaipur,RJ,2026-02-16,19.36
ORD-38697,UPS,1Z714E364019916,IN_TRANSIT,Tiruvananthapuram,KL,Amritsar,PB,2025-09-29,48.47
ORD-42089,UPS,1Z550U790058511,DELIVERED,Pune,MH,Amritsar,PB,2025-10-09,40.35
ORD-17880,DHL,1Z799O323854091,PICKED_UP,Delhi,DL,Pune,MH,2025-05-30,43.39
ORD-92307,ShadowFax,1Z465E200306814,DELIVERED,Varanasi,UP,Mumbai,MH,2025-01-23,14.96
ORD-36277,FedEx,1Z780U250357683,EXCEPTION,Bangalore,KA,Visakhapatnam,AP,2026-06-14,6.75
ORD-17270,Delhivery,1Z641A939410721,EXCEPTION,Bangalore,KA,Agra,UP,2025-02-27,45.52
ORD-55428,Delhivery,1Z643I861085987,OUT_FOR_DELIVERY,Bhopal,MP,Goa,GA,2026-01-03,22.45
ORD-73624,ShadowFax,1Z557E730192805,DELIVERED,Lucknow,UP,Faridabad,HR,2025-12-04,32.09
ORD-52915,BlueDart,1Z638A502382313,PENDING,Bhubaneswar,OD,Surat,GJ,2026-05-13,7.69
ORD-98931,BlueDart,1Z883U248265722,OUT_FOR_DELIVERY,Faridabad,HR,Jaipur,RJ,2025-12-30,43.47
ORD-22906,XpressBees,1Z451E489055850,IN_TRANSIT,Guwahati,AS,Kochi,KL,2026-06-25,39.28
ORD-96688,FedEx,1Z444I735385258,PENDING,Agra,UP,Hyderabad,TS,2026-06-10,6.63
ORD-65472,ShadowFax,1Z436I381107526,EXCEPTION,Udaipur,RJ,Guwahati,AS,2026-02-01,5.61
ORD-54378,UPS,1Z944I650291347,DELIVERED,Meerut,UP,Pune,MH,2025-11-30,36.99
ORD-76901,ShadowFax,1Z239I409352366,OUT_FOR_DELIVERY,Meerut,UP,Bangalore,KA,2025-09-01,45.91
ORD-13507,Ekart,1Z971O739584741,IN_TRANSIT,Amritsar,PB,Amritsar,PB,2025-08-04,18.73
ORD-53599,XpressBees,1Z623A166575258,DELIVERED,Jaipur,RJ,Lucknow,UP,2026-04-03,22.21
ORD-53219,Delhivery,1Z557O773864705,OUT_FOR_DELIVERY,Mysore,KA,Faridabad,HR,2026-01-17,28.93
ORD-33582,DTDC,1Z390A235496587,PICKED_UP,Udaipur,RJ,Vadodara,GJ,2025-06-01,42.65
ORD-86912,BlueDart,1Z594U604591191,DELIVERED,Bangalore,KA,Delhi,DL,2026-05-21,3.58
ORD-47358,DTDC,1Z472U405166536,DELIVERED,Rajkot,GJ,Kochi,KL,2026-04-18,44.87
ORD-23831,India Post,1Z536E312040366,EXCEPTION,Srinagar,JK,Kochi,KL,2026-05-16,6.31
ORD-53239,DTDC,1Z700E468836836,PENDING,Surat,GJ,Vadodara,GJ,2026-03-18,22.61
ORD-91797,UPS,1Z484I233063359,PICKED_UP,Lucknow,UP,Mysore,KA,2025-06-01,34.14
ORD-62075,DTDC,1Z302A403897701,IN_TRANSIT,Pune,MH,Indore,MP,2025-10-10,5.61
ORD-93488,UPS,1Z157I403780539,IN_TRANSIT,Srinagar,JK,Agra,UP,2025-10-24,17.98
ORD-91590,DTDC,1Z950I567229623,PICKED_UP,Pune,MH,Coimbatore,TN,2025-08-08,10.58
ORD-96248,Ekart,1Z816O545346486,DELIVERED,Hyderabad,TS,Amritsar,PB,2025-01-08,15.43
ORD-86091,FedEx,1Z130U548153181,EXCEPTION,Hyderabad,TS,Meerut,UP,2025-07-25,4.43
ORD-21638,DTDC,1Z437O700388561,IN_TRANSIT,Surat,GJ,Chennai,TN,2026-04-13,29.36
ORD-39237,India Post,1Z669O149634628,DELIVERED,Agra,UP,Ahmedabad,GJ,2026-03-07,2.28
ORD-85465,XpressBees,1Z618U476089473,EXCEPTION,Delhi,DL,Chennai,TN,2025-02-04,18.74
ORD-82334,BlueDart,1Z711A199680428,PENDING,Allahabad,UP,Bhopal,MP,2025-06-27,2.66
ORD-63201,Delhivery,1Z149A756152013,EXCEPTION,Indore,MP,Agra,UP,2025-08-11,47.05
ORD-66810,BlueDart,1Z611U145703722,PICKED_UP,Mumbai,MH,Agra,UP,2026-04-04,26.18
ORD-95836,FedEx,1Z673U760284926,PICKED_UP,Goa,GA,Rajkot,GJ,2025-10-18,47.65
ORD-68955,XpressBees,1Z201O929921717,OUT_FOR_DELIVERY,Coimbatore,TN,Tiruvananthapuram,KL,2025-09-12,37.51
ORD-45778,DHL,1Z856A683769385,PICKED_UP,Rajkot,GJ,Udaipur,RJ,2025-04-05,9.69
ORD-34424,India Post,1Z545I616184902,IN_TRANSIT,Lucknow,UP,Kochi,KL,2025-11-11,14.1
ORD-13930,Delhivery,1Z574U308439479,EXCEPTION,Surat,GJ,Mysore,KA,2026-03-21,20.62
ORD-67978,ShadowFax,1Z903I656502319,PENDING,Chandigarh,CH,Vadodara,GJ,2025-11-06,13.99
ORD-84249,DHL,1Z418O665297712,OUT_FOR_DELIVERY,Chennai,TN,Rajkot,GJ,2025-09-21,19.51
ORD-89935,BlueDart,1Z912U762074048,EXCEPTION,Srinagar,JK,Agra,UP,2025-04-05,40.61
ORD-53290,India Post,1Z513I801791734,PICKED_UP,Indore,MP,Faridabad,HR,2025-01-11,47.11
ORD-92130,India Post,1Z911U914974761,PENDING,Visakhapatnam,AP,Faridabad,HR,2026-02-02,19.83
ORD-97513,XpressBees,1Z165A810052797,DELIVERED,Nagpur,MH,Jaipur,RJ,2025-05-30,12.53
ORD-95187,DHL,1Z372O701493999,OUT_FOR_DELIVERY,Jaipur,RJ,Nagpur,MH,2025-02-23,11.71
ORD-37235,BlueDart,1Z597U930580016,IN_TRANSIT,Hyderabad,TS,Visakhapatnam,AP,2025-03-07,10.59
ORD-64221,Ekart,1Z408U450879424,OUT_FOR_DELIVERY,Udaipur,RJ,Agra,UP,2025-02-22,46.45
ORD-53214,DTDC,1Z698O837108808,IN_TRANSIT,Vadodara,GJ,Tiruvananthapuram,KL,2026-01-16,41.37
ORD-70342,XpressBees,1Z494U826924694,PENDING,Hyderabad,TS,Amritsar,PB,2025-12-12,3.82
ORD-27270,India Post,1Z752O799713028,OUT_FOR_DELIVERY,Nashik,MH,Nashik,MH,2025-09-28,11.13
ORD-64294,BlueDart,1Z269O139106714,IN_TRANSIT,Kochi,KL,Kolkata,WB,2025-09-19,48.13
ORD-56547,BlueDart,1Z357I290666050,PENDING,Hyderabad,TS,Meerut,UP,2025-06-04,4.85
ORD-99784,XpressBees,1Z541O368499883,OUT_FOR_DELIVERY,Kolkata,WB,Allahabad,UP,2025-05-21,3.01
ORD-52702,FedEx,1Z746U199523272,DELIVERED,Goa,GA,Amritsar,PB,2025-01-23,40.32
ORD-63588,DTDC,1Z742A352793653,PICKED_UP,Varanasi,UP,Varanasi,UP,2025-02-20,27.4
ORD-92039,Delhivery,1Z292E994379338,PICKED_UP,Udaipur,RJ,Chandigarh,CH,2026-03-10,20.83
ORD-36845,DHL,1Z974O821144550,DELIVERED,Hyderabad,TS,Faridabad,HR,2025-05-12,10.76
ORD-81823,FedEx,1Z101O143548037,EXCEPTION,Udaipur,RJ,Ahmedabad,GJ,2026-05-18,2.64
ORD-57661,DHL,1Z229U187533093,DELIVERED,Faridabad,HR,Amritsar,PB,2026-04-16,45.06
ORD-95762,Delhivery,1Z694O488532937,DELIVERED,Delhi,DL,Srinagar,JK,2025-05-16,23.92
ORD-33617,DTDC,1Z731U560865548,PENDING,Pune,MH,Meerut,UP,2025-08-09,16.17
ORD-76034,BlueDart,1Z145I106699165,EXCEPTION,Chandigarh,CH,Chandigarh,CH,2026-01-11,6.61
ORD-15262,India Post,1Z178A739239872,PICKED_UP,Jaipur,RJ,Kolkata,WB,2026-02-16,27.71
ORD-69739,Delhivery,1Z447E983803428,OUT_FOR_DELIVERY,Pune,MH,Meerut,UP,2026-04-03,12.34
ORD-30315,UPS,1Z390E188781918,DELIVERED,Jaipur,RJ,Vadodara,GJ,2025-10-16,12.82
ORD-21401,DHL,1Z523O541558655,IN_TRANSIT,Tiruvananthapuram,KL,Bangalore,KA,2025-06-29,11.47
ORD-62652,FedEx,1Z523I464806556,DELIVERED,Delhi,DL,Kochi,KL,2025-05-30,12.9
ORD-52711,DTDC,1Z446E552030699,OUT_FOR_DELIVERY,Jaipur,RJ,Hyderabad,TS,2025-09-05,20.56
ORD-72006,UPS,1Z247O877414024,IN_TRANSIT,Pune,MH,Mumbai,MH,2025-01-08,44.52
ORD-56693,India Post,1Z663O144742059,OUT_FOR_DELIVERY,Mumbai,MH,Varanasi,UP,2026-04-19,47.87
ORD-19305,DHL,1Z185U198042900,OUT_FOR_DELIVERY,Guwahati,AS,Indore,MP,2025-07-04,48.61
ORD-57838,BlueDart,1Z688E916302219,EXCEPTION,Ludhiana,PB,Delhi,DL,2026-01-15,14.0
ORD-46946,ShadowFax,1Z817I187940157,OUT_FOR_DELIVERY,Srinagar,JK,Chandigarh,CH,2025-02-27,44.87
ORD-86242,Delhivery,1Z292E216257240,EXCEPTION,Goa,GA,Ludhiana,PB,2025-02-02,7.82
ORD-33152,India Post,1Z799I542666009,EXCEPTION,Goa,GA,Srinagar,JK,2025-12-05,37.09
ORD-85174,UPS,1Z246A427047982,PENDING,Ahmedabad,GJ,Varanasi,UP,2025-11-09,27.45
ORD-14296,DTDC,1Z200A751537654,PICKED_UP,Indore,MP,Meerut,UP,2026-02-05,38.85
ORD-42481,BlueDart,1Z526E920288243,PICKED_UP,Mumbai,MH,Varanasi,UP,2026-05-09,35.58
ORD-58274,Delhivery,1Z298O852217595,PENDING,Mumbai,MH,Bhubaneswar,OD,2025-10-16,6.42
ORD-44543,BlueDart,1Z561O135438678,EXCEPTION,Lucknow,UP,Kolkata,WB,2026-04-19,1.03
ORD-45331,Ekart,1Z162A979303390,PICKED_UP,Srinagar,JK,Surat,GJ,2025-08-18,43.2
ORD-92258,ShadowFax,1Z862O199358236,OUT_FOR_DELIVERY,Bhubaneswar,OD,Allahabad,UP,2026-01-25,26.69
ORD-69508,India Post,1Z719O502627142,PENDING,Amritsar,PB,Kolkata,WB,2026-05-21,47.62
ORD-41031,ShadowFax,1Z344A919773587,EXCEPTION,Ahmedabad,GJ,Hyderabad,TS,2025-12-22,36.19
ORD-87288,FedEx,1Z893O751305602,DELIVERED,Indore,MP,Agra,UP,2025-03-17,24.66
ORD-37771,India Post,1Z394O129989456,DELIVERED,Nashik,MH,Rajkot,GJ,2025-02-14,19.59
ORD-92507,Delhivery,1Z990I989095454,PICKED_UP,Srinagar,JK,Indore,MP,2026-01-13,23.62
ORD-97024,Ekart,1Z972O495857680,PENDING,Nashik,MH,Tiruvananthapuram,KL,2025-07-04,43.53
ORD-71469,XpressBees,1Z763I556746825,PICKED_UP,Nagpur,MH,Vadodara,GJ,2025-04-24,29.26
ORD-30986,India Post,1Z126E991414827,EXCEPTION,Visakhapatnam,AP,Ahmedabad,GJ,2025-05-05,28.28
ORD-77178,UPS,1Z857A128335562,DELIVERED,Ludhiana,PB,Coimbatore,TN,2025-01-04,29.59
ORD-18913,ShadowFax,1Z385U103745389,DELIVERED,Ahmedabad,GJ,Guwahati,AS,2025-02-20,2.92
ORD-35730,DHL,1Z611O815940757,PICKED_UP,Goa,GA,Delhi,DL,2025-12-19,46.49
ORD-97598,XpressBees,1Z572O983990834,OUT_FOR_DELIVERY,Mysore,KA,Hyderabad,TS,2025-03-28,14.24
ORD-87158,Ekart,1Z237O643872204,PICKED_UP,Kolkata,WB,Kolkata,WB,2025-12-10,21.63
ORD-95988,ShadowFax,1Z510I566019118,PENDING,Mysore,KA,Vadodara,GJ,2025-07-27,31.97
ORD-87938,DTDC,1Z499U836422279,PENDING,Surat,GJ,Lucknow,UP,2025-02-07,18.03
ORD-25745,BlueDart,1Z477O357867826,EXCEPTION,Guwahati,AS,Meerut,UP,2026-06-28,39.23
ORD-89929,DHL,1Z460A152299703,OUT_FOR_DELIVERY,Amritsar,PB,Kolkata,WB,2026-03-11,23.62
ORD-44823,XpressBees,1Z526O303084010,IN_TRANSIT,Bhubaneswar,OD,Pune,MH,2025-05-14,36.68
ORD-74233,Ekart,1Z368U582404928,IN_TRANSIT,Mysore,KA,Vadodara,GJ,2025-09-02,19.0
ORD-90506,ShadowFax,1Z782I802877148,DELIVERED,Rajkot,GJ,Bhopal,MP,2025-08-29,18.96
ORD-89221,ShadowFax,1Z704O907159544,PENDING,Nagpur,MH,Amritsar,PB,2025-05-29,38.76
ORD-20519,ShadowFax,1Z304A848428419,OUT_FOR_DELIVERY,Nashik,MH,Coimbatore,TN,2025-05-07,7.86
ORD-74343,FedEx,1Z691A710526692,OUT_FOR_DELIVERY,Indore,MP,Bhopal,MP,2026-01-14,12.33
ORD-14924,BlueDart,1Z742A363405704,DELIVERED,Chandigarh,CH,Bhopal,MP,2025-02-10,16.39
ORD-61552,XpressBees,1Z235U956676723,EXCEPTION,Chandigarh,CH,Allahabad,UP,2025-08-26,12.15
ORD-53448,DHL,1Z533E157191022,PICKED_UP,Faridabad,HR,Mysore,KA,2025-09-17,24.26
ORD-26238,FedEx,1Z290U269268527,OUT_FOR_DELIVERY,Indore,MP,Meerut,UP,2026-01-13,6.55
ORD-40245,ShadowFax,1Z269E247580331,DELIVERED,Ludhiana,PB,Chennai,TN,2026-03-28,32.42
ORD-76936,India Post,1Z443A951708968,PICKED_UP,Faridabad,HR,Vadodara,GJ,2026-01-18,41.91
ORD-94432,UPS,1Z423I617925298,EXCEPTION,Mysore,KA,Chandigarh,CH,2025-03-22,23.2
ORD-36717,FedEx,1Z228I327292798,IN_TRANSIT,Varanasi,UP,Bhopal,MP,2025-12-25,12.76
ORD-20025,FedEx,1Z806I631452495,IN_TRANSIT,Bangalore,KA,Lucknow,UP,2026-04-16,8.32
ORD-91120,Delhivery,1Z627A887131008,PICKED_UP,Visakhapatnam,AP,Allahabad,UP,2026-04-07,32.36
ORD-64749,DHL,1Z726I311612119,PICKED_UP,Kolkata,WB,Kochi,KL,2026-01-22,44.55
ORD-70373,UPS,1Z925U676714376,IN_TRANSIT,Varanasi,UP,Delhi,DL,2026-02-14,28.85
ORD-45687,BlueDart,1Z892U790648233,IN_TRANSIT,Faridabad,HR,Kolkata,WB,2025-03-03,39.4
ORD-18841,UPS,1Z407E622680967,EXCEPTION,Chandigarh,CH,Nashik,MH,2025-07-17,17.77
ORD-86616,DHL,1Z217A214680155,DELIVERED,Ahmedabad,GJ,Udaipur,RJ,2026-03-02,30.76
ORD-91585,FedEx,1Z319E918900826,EXCEPTION,Agra,UP,Allahabad,UP,2026-04-05,48.57
ORD-52068,BlueDart,1Z641I955315461,DELIVERED,Ahmedabad,GJ,Kolkata,WB,2025-04-02,16.59
ORD-75468,UPS,1Z975E421658857,OUT_FOR_DELIVERY,Allahabad,UP,Tiruvananthapuram,KL,2025-02-24,32.33
ORD-64006,Delhivery,1Z961E512690815,PICKED_UP,Rajkot,GJ,Srinagar,JK,2025-11-28,14.55
ORD-31321,UPS,1Z282A991773641,PICKED_UP,Srinagar,JK,Nashik,MH,2026-02-03,31.34
ORD-32232,DHL,1Z779E711620460,IN_TRANSIT,Mumbai,MH,Mysore,KA,2025-03-27,37.66
ORD-42259,Delhivery,1Z334I513305935,OUT_FOR_DELIVERY,Hyderabad,TS,Srinagar,JK,2025-09-23,23.88
ORD-16499,UPS,1Z527A954812603,PICKED_UP,Goa,GA,Ahmedabad,GJ,2025-02-22,22.35
ORD-56854,FedEx,1Z500E462169922,PICKED_UP,Ahmedabad,GJ,Nashik,MH,2025-03-29,37.14
ORD-10059,DHL,1Z269I779794531,PENDING,Mysore,KA,Srinagar,JK,2026-02-13,3.84
ORD-77449,UPS,1Z721I568283033,IN_TRANSIT,Chennai,TN,Goa,GA,2025-12-10,13.86
ORD-35132,BlueDart,1Z790E566809840,OUT_FOR_DELIVERY,Allahabad,UP,Mumbai,MH,2025-05-24,26.14
ORD-88286,FedEx,1Z436O848014095,IN_TRANSIT,Pune,MH,Vadodara,GJ,2025-04-12,33.52
ORD-72055,XpressBees,1Z274U163935409,EXCEPTION,Srinagar,JK,Nagpur,MH,2025-11-08,29.84
ORD-32306,FedEx,1Z933U224707833,EXCEPTION,Kolkata,WB,Meerut,UP,2025-06-13,28.74
ORD-89639,Delhivery,1Z615A411592551,PENDING,Meerut,UP,Mumbai,MH,2025-03-28,11.21
ORD-77270,DTDC,1Z810O719813611,DELIVERED,Indore,MP,Pune,MH,2025-10-19,42.81
ORD-64026,DTDC,1Z257A229607386,PICKED_UP,Delhi,DL,Kolkata,WB,2026-04-07,15.45
ORD-15630,DHL,1Z152U643408672,EXCEPTION,Rajkot,GJ,Rajkot,GJ,2026-03-23,31.1
ORD-75954,XpressBees,1Z633O532981637,IN_TRANSIT,Rajkot,GJ,Bhubaneswar,OD,2025-03-17,34.71
ORD-29251,Ekart,1Z291U233814273,PICKED_UP,Visakhapatnam,AP,Guwahati,AS,2025-12-01,47.5
ORD-23340,India Post,1Z419I845014360,EXCEPTION,Pune,MH,Varanasi,UP,2025-07-15,39.9
ORD-24900,XpressBees,1Z770A202116304,PENDING,Indore,MP,Hyderabad,TS,2026-06-14,16.07
ORD-28008,BlueDart,1Z204I532333723,DELIVERED,Surat,GJ,Agra,UP,2025-10-24,9.56
ORD-42860,UPS,1Z844E258432179,EXCEPTION,Nashik,MH,Tiruvananthapuram,KL,2025-06-28,47.16
ORD-72470,FedEx,1Z744E937903461,PICKED_UP,Mumbai,MH,Jaipur,RJ,2025-11-17,12.72
ORD-43179,DHL,1Z347U555171900,OUT_FOR_DELIVERY,Bangalore,KA,Vadodara,GJ,2026-05-01,19.55
ORD-50755,DHL,1Z733E799878663,EXCEPTION,Bhubaneswar,OD,Mysore,KA,2026-03-13,35.56
ORD-71573,Delhivery,1Z153U852478284,OUT_FOR_DELIVERY,Mysore,KA,Jaipur,RJ,2025-03-18,2.47
ORD-95234,DTDC,1Z282I838894581,PENDING,Delhi,DL,Agra,UP,2025-08-12,35.1
ORD-58545,FedEx,1Z119U867386884,OUT_FOR_DELIVERY,Lucknow,UP,Meerut,UP,2026-04-19,40.31
ORD-28031,DTDC,1Z383E564136259,IN_TRANSIT,Meerut,UP,Ahmedabad,GJ,2026-03-24,37.37
ORD-97349,XpressBees,1Z706E737295639,PICKED_UP,Mysore,KA,Coimbatore,TN,2025-08-28,29.26
ORD-51820,DHL,1Z324U806054302,PENDING,Surat,GJ,Udaipur,RJ,2025-07-15,45.44
ORD-94948,BlueDart,1Z786E934368587,OUT_FOR_DELIVERY,Coimbatore,TN,Goa,GA,2025-01-22,24.17
ORD-15207,Delhivery,1Z284E478259678,OUT_FOR_DELIVERY,Ludhiana,PB,Chennai,TN,2026-06-18,30.9
ORD-58131,ShadowFax,1Z340A981132564,PENDING,Coimbatore,TN,Nagpur,MH,2025-03-24,32.71
ORD-51779,BlueDart,1Z419O873002691,PENDING,Amritsar,PB,Mumbai,MH,2026-04-26,49.18
ORD-95910,UPS,1Z607O502606213,PENDING,Rajkot,GJ,Meerut,UP,2026-02-14,10.29
ORD-55416,Ekart,1Z486U546836163,EXCEPTION,Kochi,KL,Jaipur,RJ,2025-03-14,12.27
ORD-11505,DTDC,1Z692I178339470,DELIVERED,Nashik,MH,Faridabad,HR,2026-01-03,14.26
ORD-32454,DHL,1Z479U457352981,IN_TRANSIT,Kolkata,WB,Indore,MP,2025-07-13,35.55
ORD-52913,ShadowFax,1Z168I415836079,PENDING,Kochi,KL,Bhopal,MP,2025-12-29,5.93
ORD-23041,UPS,1Z710O634599102,IN_TRANSIT,Srinagar,JK,Kolkata,WB,2025-08-24,48.88
ORD-66215,BlueDart,1Z511I888271051,DELIVERED,Mumbai,MH,Srinagar,JK,2025-02-01,12.96
ORD-74387,BlueDart,1Z608E251039828,PICKED_UP,Nashik,MH,Jaipur,RJ,2026-03-06,43.38
ORD-73814,XpressBees,1Z905O142454002,EXCEPTION,Indore,MP,Nagpur,MH,2025-08-10,31.85
ORD-81433,FedEx,1Z243U186090813,OUT_FOR_DELIVERY,Ahmedabad,GJ,Goa,GA,2025-08-24,17.99
ORD-50266,Ekart,1Z859I249280131,PENDING,Ahmedabad,GJ,Surat,GJ,2026-03-28,37.59
ORD-86197,India Post,1Z350O976970789,PICKED_UP,Ahmedabad,GJ,Chennai,TN,2025-11-10,30.51
ORD-36980,BlueDart,1Z207A674493787,DELIVERED,Tiruvananthapuram,KL,Surat,GJ,2025-09-04,3.16
ORD-66621,DTDC,1Z900U378545641,EXCEPTION,Delhi,DL,Delhi,DL,2025-08-29,40.79
ORD-79802,FedEx,1Z621A361406986,EXCEPTION,Kochi,KL,Rajkot,GJ,2026-01-17,35.91
ORD-98802,UPS,1Z145E172716246,DELIVERED,Lucknow,UP,Rajkot,GJ,2025-03-19,35.47
ORD-13111,XpressBees,1Z189O148899466,PICKED_UP,Goa,GA,Nashik,MH,2026-03-09,3.6
ORD-93153,XpressBees,1Z581U578475560,EXCEPTION,Indore,MP,Nagpur,MH,2025-03-07,14.44
ORD-89505,ShadowFax,1Z589A325082540,EXCEPTION,Jaipur,RJ,Delhi,DL,2025-10-14,9.79
ORD-50814,Ekart,1Z361E877643355,PICKED_UP,Rajkot,GJ,Rajkot,GJ,2025-05-13,5.67
ORD-63917,DTDC,1Z167A964136241,PENDING,Meerut,UP,Tiruvananthapuram,KL,2025-01-02,3.75
ORD-92445,Delhivery,1Z213E230952172,PICKED_UP,Srinagar,JK,Allahabad,UP,2025-12-08,48.02
ORD-69665,ShadowFax,1Z410E150814965,EXCEPTION,Chandigarh,CH,Lucknow,UP,2025-05-11,34.11
ORD-88223,DTDC,1Z533O240098464,EXCEPTION,Chennai,TN,Mysore,KA,2026-01-22,39.85
ORD-20060,XpressBees,1Z919U914438043,DELIVERED,Mysore,KA,Guwahati,AS,2026-05-18,21.46
ORD-67403,DTDC,1Z985A333793939,DELIVERED,Chandigarh,CH,Guwahati,AS,2025-03-20,6.88
ORD-37929,ShadowFax,1Z649A672337763,DELIVERED,Ludhiana,PB,Guwahati,AS,2025-06-14,2.57
ORD-76411,Ekart,1Z330A395183165,IN_TRANSIT,Pune,MH,Nashik,MH,2025-11-23,17.41
ORD-75705,India Post,1Z622A792778695,EXCEPTION,Guwahati,AS,Ludhiana,PB,2025-10-15,6.12
ORD-82813,UPS,1Z610U805792639,OUT_FOR_DELIVERY,Rajkot,GJ,Bangalore,KA,2025-09-11,31.51
ORD-24017,DTDC,1Z997O964209505,IN_TRANSIT,Udaipur,RJ,Srinagar,JK,2025-07-17,45.41
ORD-23899,XpressBees,1Z752I356007943,EXCEPTION,Tiruvananthapuram,KL,Jaipur,RJ,2025-02-03,18.4
ORD-46559,Delhivery,1Z715E923782647,PICKED_UP,Nagpur,MH,Vadodara,GJ,2025-03-25,33.88
ORD-51444,Delhivery,1Z131O344709823,DELIVERED,Varanasi,UP,Kochi,KL,2026-04-13,0.92
ORD-17149,Ekart,1Z750A924341941,IN_TRANSIT,Indore,MP,Guwahati,AS,2025-10-13,9.7
ORD-55398,DTDC,1Z798I872007985,IN_TRANSIT,Ludhiana,PB,Varanasi,UP,2025-10-01,14.48
ORD-14720,Ekart,1Z877U860430837,DELIVERED,Kochi,KL,Guwahati,AS,2026-04-25,35.08
ORD-75973,XpressBees,1Z650U276890855,EXCEPTION,Jaipur,RJ,Kolkata,WB,2025-02-02,37.14
ORD-69707,DHL,1Z795A397675399,PENDING,Rajkot,GJ,Mysore,KA,2025-03-11,49.36
ORD-32778,Delhivery,1Z512A838823096,OUT_FOR_DELIVERY,Allahabad,UP,Mysore,KA,2025-01-16,44.68
ORD-46633,FedEx,1Z123I692653700,OUT_FOR_DELIVERY,Kochi,KL,Chandigarh,CH,2025-03-25,26.33
ORD-43700,Delhivery,1Z252O235380555,IN_TRANSIT,Rajkot,GJ,Mysore,KA,2025-03-02,34.94
ORD-83787,XpressBees,1Z524O188223176,PENDING,Delhi,DL,Pune,MH,2026-05-30,23.43
ORD-11806,BlueDart,1Z348E450361565,OUT_FOR_DELIVERY,Hyderabad,TS,Meerut,UP,2025-10-28,11.59
ORD-13820,Ekart,1Z350E430667097,OUT_FOR_DELIVERY,Coimbatore,TN,Goa,GA,2026-05-10,33.03
ORD-43602,ShadowFax,1Z930A910420270,PICKED_UP,Hyderabad,TS,Nashik,MH,2025-08-22,25.91
ORD-23251,Ekart,1Z552U738662864,EXCEPTION,Udaipur,RJ,Lucknow,UP,2025-09-25,20.5
ORD-85184,DHL,1Z390O123977994,IN_TRANSIT,Goa,GA,Pune,MH,2025-04-18,46.49
ORD-99140,BlueDart,1Z160A649388145,OUT_FOR_DELIVERY,Meerut,UP,Agra,UP,2025-05-20,12.75
ORD-44640,DTDC,1Z805O975733778,IN_TRANSIT,Kolkata,WB,Udaipur,RJ,2025-05-08,8.72
ORD-58130,ShadowFax,1Z182O161063165,PENDING,Agra,UP,Faridabad,HR,2025-09-05,45.22
ORD-70331,Delhivery,1Z302E480211687,OUT_FOR_DELIVERY,Chandigarh,CH,Meerut,UP,2025-01-30,48.64
ORD-53332,BlueDart,1Z489E438446028,PENDING,Lucknow,UP,Bhopal,MP,2025-05-07,4.12
ORD-54113,Delhivery,1Z211A221915485,DELIVERED,Delhi,DL,Jaipur,RJ,2025-01-29,19.27
ORD-74068,FedEx,1Z353O797519047,DELIVERED,Bhopal,MP,Hyderabad,TS,2025-02-03,18.34
ORD-26855,DHL,1Z177I384303615,PICKED_UP,Coimbatore,TN,Vadodara,GJ,2025-09-08,37.54
ORD-57911,BlueDart,1Z673I819165136,PICKED_UP,Varanasi,UP,Coimbatore,TN,2025-05-03,6.62
ORD-63655,FedEx,1Z801I817340574,DELIVERED,Rajkot,GJ,Faridabad,HR,2025-05-26,20.95
ORD-21176,XpressBees,1Z381I437781533,PICKED_UP,Vadodara,GJ,Varanasi,UP,2025-06-07,20.37
ORD-26679,ShadowFax,1Z477A673225190,PENDING,Faridabad,HR,Rajkot,GJ,2025-02-02,9.56
ORD-35100,DHL,1Z299I696099009,IN_TRANSIT,Ludhiana,PB,Amritsar,PB,2026-06-08,3.27
ORD-37034,DTDC,1Z996E645443039,DELIVERED,Delhi,DL,Srinagar,JK,2025-01-29,46.34
ORD-74990,DTDC,1Z146O868875862,EXCEPTION,Udaipur,RJ,Chennai,TN,2026-04-07,40.51
ORD-57279,Delhivery,1Z907I241207612,IN_TRANSIT,Nagpur,MH,Faridabad,HR,2026-04-30,24.87
ORD-73232,Delhivery,1Z392I707194295,OUT_FOR_DELIVERY,Nashik,MH,Agra,UP,2025-02-04,15.65
ORD-47003,UPS,1Z149O109351340,OUT_FOR_DELIVERY,Bhubaneswar,OD,Udaipur,RJ,2025-05-19,19.81
ORD-81609,India Post,1Z228O491007852,IN_TRANSIT,Bhopal,MP,Mysore,KA,2026-04-19,29.89
ORD-83724,DTDC,1Z767I801394655,OUT_FOR_DELIVERY,Delhi,DL,Kolkata,WB,2025-05-24,6.5
ORD-43313,UPS,1Z579E487042532,IN_TRANSIT,Amritsar,PB,Indore,MP,2026-03-22,2.65
ORD-66903,UPS,1Z687U974304306,PICKED_UP,Lucknow,UP,Nashik,MH,2026-04-25,2.04
ORD-83880,DHL,1Z506E487157948,EXCEPTION,Kolkata,WB,Chandigarh,CH,2025-10-31,10.46
ORD-99867,India Post,1Z892A333653334,PICKED_UP,Allahabad,UP,Hyderabad,TS,2025-08-25,37.6
ORD-86610,Delhivery,1Z352U646014388,DELIVERED,Nashik,MH,Faridabad,HR,2025-06-08,23.27
ORD-85131,DTDC,1Z259E558895501,PENDING,Mysore,KA,Nashik,MH,2026-03-01,36.43
ORD-54056,Delhivery,1Z719I863703626,DELIVERED,Amritsar,PB,Guwahati,AS,2026-06-04,43.85
ORD-32714,Ekart,1Z842E879158412,PENDING,Mysore,KA,Meerut,UP,2025-05-28,22.25
ORD-23955,XpressBees,1Z334E255763158,EXCEPTION,Faridabad,HR,Delhi,DL,2025-06-15,11.06
ORD-37350,India Post,1Z983E610883157,OUT_FOR_DELIVERY,Kolkata,WB,Guwahati,AS,2026-02-23,45.95
ORD-45471,UPS,1Z884I143416673,IN_TRANSIT,Visakhapatnam,AP,Srinagar,JK,2026-01-11,5.42
ORD-31413,XpressBees,1Z486E641854136,PENDING,Pune,MH,Delhi,DL,2025-12-25,0.82
ORD-27807,DHL,1Z644U273876663,PENDING,Chandigarh,CH,Meerut,UP,2025-12-13,29.59
ORD-32243,XpressBees,1Z835E574973335,OUT_FOR_DELIVERY,Mysore,KA,Chandigarh,CH,2025-10-07,9.54
ORD-91913,BlueDart,1Z425I333026626,PICKED_UP,Guwahati,AS,Indore,MP,2025-05-17,35.91
ORD-78161,BlueDart,1Z722O926498375,EXCEPTION,Nagpur,MH,Chennai,TN,2025-12-19,6.42
ORD-11562,DHL,1Z488A625829742,OUT_FOR_DELIVERY,Surat,GJ,Ahmedabad,GJ,2025-09-21,10.09
ORD-92317,Delhivery,1Z813U513783760,DELIVERED,Visakhapatnam,AP,Srinagar,JK,2025-08-10,43.79
ORD-18950,DTDC,1Z465O366960543,PENDING,Delhi,DL,Amritsar,PB,2025-07-05,0.71
ORD-84421,XpressBees,1Z299A697122627,OUT_FOR_DELIVERY,Ludhiana,PB,Delhi,DL,2026-01-06,3.06
ORD-91618,BlueDart,1Z961E601515451,OUT_FOR_DELIVERY,Ludhiana,PB,Kolkata,WB,2025-05-14,30.81
ORD-35266,Delhivery,1Z187I655333116,IN_TRANSIT,Hyderabad,TS,Surat,GJ,2026-04-10,33.66
ORD-58905,ShadowFax,1Z754A664235653,PICKED_UP,Kochi,KL,Bhubaneswar,OD,2025-01-19,0.51
ORD-17706,Ekart,1Z254E129548509,DELIVERED,Chandigarh,CH,Chennai,TN,2025-06-10,47.22
ORD-25890,XpressBees,1Z698I472770515,PICKED_UP,Agra,UP,Varanasi,UP,2026-02-28,38.74
ORD-27223,BlueDart,1Z314A972801505,IN_TRANSIT,Goa,GA,Guwahati,AS,2025-12-26,6.19
ORD-57287,Ekart,1Z908U131735626,PICKED_UP,Surat,GJ,Indore,MP,2025-01-15,41.04
ORD-82194,XpressBees,1Z651A952943698,OUT_FOR_DELIVERY,Mumbai,MH,Meerut,UP,2025-03-10,23.51
ORD-11544,DHL,1Z914I230743131,PICKED_UP,Delhi,DL,Hyderabad,TS,2026-03-31,25.91
ORD-81599,India Post,1Z605I653701111,EXCEPTION,Mysore,KA,Varanasi,UP,2025-12-15,34.3
ORD-54313,UPS,1Z701I717444893,PENDING,Rajkot,GJ,Srinagar,JK,2025-02-14,15.19
ORD-67375,DHL,1Z354O542705347,DELIVERED,Meerut,UP,Tiruvananthapuram,KL,2025-05-12,22.54
ORD-75759,India Post,1Z447A680010333,PENDING,Meerut,UP,Jaipur,RJ,2025-02-10,15.77
ORD-39617,XpressBees,1Z376I149375941,EXCEPTION,Nashik,MH,Tiruvananthapuram,KL,2025-05-30,5.75
ORD-60602,Delhivery,1Z778E417713893,DELIVERED,Indore,MP,Meerut,UP,2025-04-20,21.57
ORD-59500,Ekart,1Z362A574185635,DELIVERED,Kochi,KL,Udaipur,RJ,2026-01-04,26.88
ORD-68526,Delhivery,1Z735A906850936,PENDING,Hyderabad,TS,Tiruvananthapuram,KL,2026-03-24,23.16
ORD-29822,India Post,1Z396A641169864,OUT_FOR_DELIVERY,Agra,UP,Vadodara,GJ,2025-11-21,11.22
ORD-71958,UPS,1Z174E399294417,DELIVERED,Bhopal,MP,Pune,MH,2026-03-18,37.16
ORD-56710,ShadowFax,1Z634E377755785,PICKED_UP,Vadodara,GJ,Bhubaneswar,OD,2025-01-15,13.89
ORD-10359,Delhivery,1Z140O774595667,DELIVERED,Indore,MP,Visakhapatnam,AP,2025-12-19,3.88
ORD-76710,Ekart,1Z482O944356404,DELIVERED,Nagpur,MH,Coimbatore,TN,2025-05-23,37.96
ORD-38911,DHL,1Z580E467530567,OUT_FOR_DELIVERY,Pune,MH,Lucknow,UP,2026-01-08,19.77
ORD-73408,DHL,1Z174E367542202,PENDING,Delhi,DL,Srinagar,JK,2026-04-14,33.16
ORD-85511,DTDC,1Z906U223629469,IN_TRANSIT,Ludhiana,PB,Lucknow,UP,2025-11-09,9.49
ORD-60903,India Post,1Z120A723128681,DELIVERED,Mumbai,MH,Srinagar,JK,2026-05-18,40.65
ORD-37899,India Post,1Z769U149582966,EXCEPTION,Bhopal,MP,Delhi,DL,2025-07-27,45.14
ORD-45214,FedEx,1Z940E982416447,EXCEPTION,Tiruvananthapuram,KL,Srinagar,JK,2025-07-13,6.69
ORD-77578,DTDC,1Z544U386654264,DELIVERED,Vadodara,GJ,Vadodara,GJ,2025-01-29,36.95
ORD-15702,India Post,1Z145A635496173,IN_TRANSIT,Visakhapatnam,AP,Kolkata,WB,2025-10-12,39.47
ORD-42443,Ekart,1Z132A941742802,IN_TRANSIT,Chennai,TN,Mysore,KA,2025-11-13,44.64
ORD-47186,BlueDart,1Z496U569958438,PENDING,Visakhapatnam,AP,Agra,UP,2026-05-31,45.57
ORD-70087,India Post,1Z290A484171280,OUT_FOR_DELIVERY,Mysore,KA,Rajkot,GJ,2025-01-07,37.08
ORD-43418,DTDC,1Z953U569361254,OUT_FOR_DELIVERY,Pune,MH,Goa,GA,2025-06-02,14.88
ORD-80675,Ekart,1Z414A394263015,PICKED_UP,Mysore,KA,Udaipur,RJ,2026-01-06,44.18
ORD-92282,FedEx,1Z356A879314292,EXCEPTION,Udaipur,RJ,Udaipur,RJ,2026-04-27,9.07
ORD-37163,Delhivery,1Z802U284710646,PENDING,Surat,GJ,Jaipur,RJ,2025-07-29,35.83
ORD-85529,ShadowFax,1Z954U977449023,PICKED_UP,Pune,MH,Varanasi,UP,2025-01-25,1.21
ORD-26111,BlueDart,1Z981E810620728,EXCEPTION,Mumbai,MH,Meerut,UP,2025-10-07,47.43
ORD-43890,DTDC,1Z529O953698475,OUT_FOR_DELIVERY,Ahmedabad,GJ,Allahabad,UP,2025-09-30,5.97
ORD-70903,India Post,1Z499A418580153,IN_TRANSIT,Kochi,KL,Ludhiana,PB,2025-03-28,44.65
ORD-62673,Delhivery,1Z479O801054570,OUT_FOR_DELIVERY,Mysore,KA,Vadodara,GJ,2026-02-14,46.64
ORD-72106,India Post,1Z494O370269304,OUT_FOR_DELIVERY,Tiruvananthapuram,KL,Bangalore,KA,2025-12-28,6.72
ORD-75553,DTDC,1Z970E729336745,OUT_FOR_DELIVERY,Rajkot,GJ,Srinagar,JK,2025-11-25,46.37
ORD-19254,Ekart,1Z472A408720234,DELIVERED,Bhubaneswar,OD,Goa,GA,2026-05-22,26.7
ORD-87763,XpressBees,1Z613O254179962,OUT_FOR_DELIVERY,Allahabad,UP,Rajkot,GJ,2025-10-10,7.52
ORD-10648,India Post,1Z178U488496298,EXCEPTION,Bangalore,KA,Kochi,KL,2025-06-24,29.95
ORD-80282,Ekart,1Z902E792944411,DELIVERED,Coimbatore,TN,Faridabad,HR,2025-02-05,3.55
ORD-72777,DHL,1Z412O563633440,PICKED_UP,Bangalore,KA,Agra,UP,2025-06-16,40.1
ORD-21497,Delhivery,1Z353A308285142,PENDING,Bhubaneswar,OD,Indore,MP,2025-09-02,12.47
ORD-12597,FedEx,1Z211A960036449,DELIVERED,Nashik,MH,Delhi,DL,2026-02-15,18.01
ORD-75767,XpressBees,1Z431I661642359,OUT_FOR_DELIVERY,Varanasi,UP,Allahabad,UP,2025-05-17,34.98
ORD-56593,DHL,1Z683O212036344,IN_TRANSIT,Ahmedabad,GJ,Faridabad,HR,2025-07-17,20.9
ORD-69960,Delhivery,1Z454O859684510,DELIVERED,Bhopal,MP,Varanasi,UP,2025-03-16,46.9
ORD-84956,XpressBees,1Z304U589923248,EXCEPTION,Chennai,TN,Agra,UP,2025-12-03,17.78
ORD-62090,India Post,1Z732O365689716,EXCEPTION,Bhopal,MP,Bhubaneswar,OD,2025-12-30,35.67
ORD-80411,India Post,1Z780I173327710,OUT_FOR_DELIVERY,Bhubaneswar,OD,Lucknow,UP,2025-12-01,47.26
ORD-60734,UPS,1Z809A744251351,DELIVERED,Pune,MH,Coimbatore,TN,2025-05-13,13.55
ORD-65649,ShadowFax,1Z413O551943433,EXCEPTION,Surat,GJ,Indore,MP,2026-02-07,40.18
ORD-99653,XpressBees,1Z390E563442209,DELIVERED,Allahabad,UP,Pune,MH,2026-05-12,48.32
ORD-69975,BlueDart,1Z544O706223257,EXCEPTION,Hyderabad,TS,Chennai,TN,2025-01-05,6.99
ORD-74808,FedEx,1Z721A829795803,DELIVERED,Varanasi,UP,Jaipur,RJ,2025-01-10,9.8
ORD-96561,Ekart,1Z262A238089730,PENDING,Allahabad,UP,Ahmedabad,GJ,2025-02-12,31.88
ORD-56116,India Post,1Z275I975646503,EXCEPTION,Faridabad,HR,Kochi,KL,2025-07-07,7.95
ORD-22301,India Post,1Z444O538123516,PICKED_UP,Agra,UP,Bhopal,MP,2025-12-28,2.31
ORD-30402,Delhivery,1Z293E511523213,PICKED_UP,Varanasi,UP,Agra,UP,2025-04-04,47.74
ORD-11899,BlueDart,1Z154O437024777,IN_TRANSIT,Goa,GA,Meerut,UP,2025-03-09,33.79
ORD-30922,UPS,1Z244I668245204,IN_TRANSIT,Indore,MP,Amritsar,PB,2025-02-20,24.65
ORD-58375,UPS,1Z878U328017911,EXCEPTION,Agra,UP,Nagpur,MH,2026-06-12,3.18
ORD-86579,ShadowFax,1Z722O126246004,PICKED_UP,Nashik,MH,Faridabad,HR,2025-01-05,15.46
ORD-36504,FedEx,1Z124U112911352,OUT_FOR_DELIVERY,Chandigarh,CH,Kolkata,WB,2025-06-28,12.16
ORD-53063,BlueDart,1Z232O609721473,EXCEPTION,Ludhiana,PB,Mysore,KA,2026-03-23,18.05
ORD-43718,Ekart,1Z507A569838346,PICKED_UP,Vadodara,GJ,Amritsar,PB,2026-05-03,47.38
ORD-54243,DTDC,1Z417U214610460,IN_TRANSIT,Guwahati,AS,Kolkata,WB,2025-07-04,45.5
ORD-63252,India Post,1Z208I833732135,PICKED_UP,Bhopal,MP,Jaipur,RJ,2025-09-30,9.37
ORD-16685,DHL,1Z170I163210243,EXCEPTION,Kolkata,WB,Bhopal,MP,2025-09-18,41.61
ORD-39174,BlueDart,1Z683A568864451,PICKED_UP,Chandigarh,CH,Bhubaneswar,OD,2025-12-05,25.46
ORD-47751,Ekart,1Z584E331088976,EXCEPTION,Ahmedabad,GJ,Jaipur,RJ,2025-02-14,11.44
ORD-24669,ShadowFax,1Z212E574169072,IN_TRANSIT,Agra,UP,Allahabad,UP,2025-11-19,23.37
ORD-21473,Delhivery,1Z921E190490438,EXCEPTION,Chennai,TN,Kochi,KL,2025-07-11,49.16
ORD-14403,India Post,1Z976I742140558,PENDING,Bangalore,KA,Mumbai,MH,2025-10-10,41.79
ORD-34849,India Post,1Z357E521224603,IN_TRANSIT,Meerut,UP,Nashik,MH,2025-08-04,41.27
ORD-83849,India Post,1Z702A371530615,PICKED_UP,Surat,GJ,Mumbai,MH,2025-02-27,23.44
ORD-29693,DHL,1Z552O870735237,DELIVERED,Agra,UP,Varanasi,UP,2025-06-10,23.36
ORD-16154,XpressBees,1Z556U443176109,EXCEPTION,Chandigarh,CH,Kolkata,WB,2025-02-27,30.28
ORD-38612,BlueDart,1Z653I334126548,PENDING,Mumbai,MH,Bangalore,KA,2025-02-14,45.03
ORD-97241,India Post,1Z316E467334046,DELIVERED,Coimbatore,TN,Chandigarh,CH,2026-04-02,44.29
ORD-47183,India Post,1Z478U543657105,PENDING,Chandigarh,CH,Surat,GJ,2025-11-13,48.21
ORD-95750,UPS,1Z347I394439003,OUT_FOR_DELIVERY,Bhopal,MP,Ludhiana,PB,2025-07-08,35.73
ORD-59616,DTDC,1Z764O667324307,IN_TRANSIT,Ahmedabad,GJ,Srinagar,JK,2025-10-31,37.55
ORD-36305,DTDC,1Z223O435660989,OUT_FOR_DELIVERY,Bhopal,MP,Varanasi,UP,2025-03-11,40.97
ORD-77459,DTDC,1Z210O525076462,DELIVERED,Visakhapatnam,AP,Amritsar,PB,2026-01-05,45.7
ORD-63528,DTDC,1Z908O113536720,PENDING,Ludhiana,PB,Ludhiana,PB,2026-04-04,37.33
ORD-30112,DHL,1Z683O891093737,IN_TRANSIT,Goa,GA,Nashik,MH,2025-05-24,4.87
ORD-83918,DHL,1Z288E450112522,PENDING,Nashik,MH,Srinagar,JK,2025-12-28,24.26
ORD-87053,DTDC,1Z959E586575921,EXCEPTION,Jaipur,RJ,Ludhiana,PB,2026-05-12,20.13
ORD-15907,Delhivery,1Z171I254534879,OUT_FOR_DELIVERY,Rajkot,GJ,Bhopal,MP,2025-02-28,9.65
ORD-71848,UPS,1Z658A336952522,OUT_FOR_DELIVERY,Lucknow,UP,Nagpur,MH,2025-05-27,6.53
ORD-91255,BlueDart,1Z470E434360204,EXCEPTION,Indore,MP,Lucknow,UP,2025-06-20,30.56
ORD-58402,UPS,1Z189I709633898,OUT_FOR_DELIVERY,Jaipur,RJ,Nashik,MH,2025-01-27,23.31
ORD-66690,ShadowFax,1Z929I312747491,DELIVERED,Hyderabad,TS,Bhubaneswar,OD,2026-04-25,27.16
ORD-37842,Delhivery,1Z869O532583129,OUT_FOR_DELIVERY,Delhi,DL,Hyderabad,TS,2026-03-25,25.54
ORD-50724,Delhivery,1Z508O521048482,OUT_FOR_DELIVERY,Rajkot,GJ,Ludhiana,PB,2026-03-18,46.5
ORD-10638,ShadowFax,1Z748I325874056,DELIVERED,Kochi,KL,Udaipur,RJ,2025-06-12,44.0
ORD-56659,UPS,1Z642I460122555,DELIVERED,Nagpur,MH,Srinagar,JK,2026-03-14,8.68
ORD-72485,DHL,1Z486O707271260,PICKED_UP,Bhopal,MP,Lucknow,UP,2025-12-02,22.67
ORD-30819,Ekart,1Z350I870774902,OUT_FOR_DELIVERY,Bhubaneswar,OD,Surat,GJ,2026-04-30,48.07
ORD-99394,Delhivery,1Z578E306627631,EXCEPTION,Agra,UP,Nashik,MH,2025-09-15,43.82
ORD-66416,India Post,1Z507A149362970,IN_TRANSIT,Kolkata,WB,Rajkot,GJ,2026-01-31,4.8
ORD-16317,India Post,1Z990U525046711,PICKED_UP,Udaipur,RJ,Visakhapatnam,AP,2026-06-17,34.92
ORD-71718,ShadowFax,1Z273I369058392,DELIVERED,Nashik,MH,Delhi,DL,2025-09-09,34.17
ORD-95198,ShadowFax,1Z468A658497647,OUT_FOR_DELIVERY,Varanasi,UP,Kochi,KL,2025-03-30,11.86
ORD-49281,Delhivery,1Z148U680070059,PICKED_UP,Agra,UP,Kolkata,WB,2025-09-11,27.45
ORD-25899,India Post,1Z693E387607301,OUT_FOR_DELIVERY,Kochi,KL,Ahmedabad,GJ,2025-05-19,32.45
ORD-36671,Ekart,1Z605U942940210,PICKED_UP,Mumbai,MH,Chennai,TN,2025-06-11,8.42
ORD-13644,FedEx,1Z494E202864692,DELIVERED,Allahabad,UP,Nagpur,MH,2025-02-01,0.79
ORD-30091,BlueDart,1Z693A490640622,PICKED_UP,Bhopal,MP,Ahmedabad,GJ,2025-07-19,12.5
ORD-61770,BlueDart,1Z795A412554199,PENDING,Nagpur,MH,Chennai,TN,2025-06-21,24.51
ORD-34063,BlueDart,1Z225U738666270,OUT_FOR_DELIVERY,Chandigarh,CH,Nagpur,MH,2025-02-05,41.77
ORD-33977,ShadowFax,1Z456U119507577,PICKED_UP,Kolkata,WB,Guwahati,AS,2026-05-13,31.96
ORD-62278,ShadowFax,1Z814A108377924,EXCEPTION,Mumbai,MH,Kolkata,WB,2025-03-23,47.59
ORD-59311,DTDC,1Z963E981358131,PICKED_UP,Meerut,UP,Rajkot,GJ,2026-06-27,12.3
ORD-38667,XpressBees,1Z896O222119367,IN_TRANSIT,Ahmedabad,GJ,Varanasi,UP,2025-10-19,36.08
ORD-49904,India Post,1Z733A221941177,OUT_FOR_DELIVERY,Hyderabad,TS,Vadodara,GJ,2025-01-12,7.1
ORD-28432,XpressBees,1Z290A373284021,PENDING,Bangalore,KA,Agra,UP,2026-06-17,0.98
ORD-81475,BlueDart,1Z389U788818858,PENDING,Nagpur,MH,Bhopal,MP,2025-06-21,6.11
ORD-97302,UPS,1Z125I744570919,EXCEPTION,Bhopal,MP,Nagpur,MH,2025-09-29,35.05
ORD-81615,BlueDart,1Z242I300684753,EXCEPTION,Vadodara,GJ,Visakhapatnam,AP,2025-06-14,18.37
ORD-95923,UPS,1Z267A336483650,PENDING,Kolkata,WB,Coimbatore,TN,2026-04-24,28.42
ORD-48028,DHL,1Z641E279814492,OUT_FOR_DELIVERY,Mysore,KA,Delhi,DL,2025-04-14,37.59
ORD-20936,India Post,1Z556U218988533,PENDING,Coimbatore,TN,Guwahati,AS,2026-02-26,36.97
ORD-88355,UPS,1Z283I202918890,IN_TRANSIT,Indore,MP,Udaipur,RJ,2026-02-11,43.8
ORD-32188,India Post,1Z553E937211152,PENDING,Surat,GJ,Surat,GJ,2025-02-11,30.93
ORD-49173,FedEx,1Z594I324106796,EXCEPTION,Delhi,DL,Meerut,UP,2025-01-13,18.37
ORD-35871,FedEx,1Z722U401734219,PENDING,Hyderabad,TS,Srinagar,JK,2025-01-29,22.64
ORD-51907,UPS,1Z640I638804287,IN_TRANSIT,Surat,GJ,Meerut,UP,2026-02-27,46.49
ORD-68534,UPS,1Z338O641388816,IN_TRANSIT,Coimbatore,TN,Vadodara,GJ,2026-05-19,2.95
ORD-10909,XpressBees,1Z770E125443880,EXCEPTION,Vadodara,GJ,Tiruvananthapuram,KL,2025-10-07,33.16
