order_id,customer_id,channel,order_date,shipping_address_city,shipping_address_pincode,latitude,longitude,item_sku,item_category,item_quantity,item_weight_kg,item_price,origin_warehouse,carrier,delivery_status,actual_delivery_days,shipping_cost,box_size,pickers_required,pick_time_minutes,demand_date,demand_quantity
ORD-000001,CUST-8040,Meesho,2024-08-23 14:48:00,Bangalore,560063,12.9241,77.632,SKU-77410,Sports,3,6.49,5709.28,WH_CHENNAI,delhivery,Delivered,7.0,459.56,LARGE,2,19,2024-08-19 14:48:00,97
ORD-000002,CUST-2096,Flipkart,2024-03-25 15:07:00,Hyderabad,500057,17.3732,78.4595,SKU-25221,Clothing,3,14.08,17817.01,WH_CHENNAI,delhivery,Delivered,9.0,294.63,EXTRA_LARGE,1,13,2024-04-14 15:07:00,120
ORD-000003,CUST-5136,Flipkart,2024-07-09 11:32:00,Ahmedabad,380027,23.0111,72.5748,SKU-80829,Books,2,0.61,19552.92,WH_CHENNAI,shadowfax,Returned,,449.69,SMALL,2,7,2024-08-06 11:32:00,136
ORD-000004,CUST-4702,Flipkart,2024-07-18 17:09:00,Kolkata,700012,22.5415,88.3102,SKU-46637,Clothing,1,10.7,46164.11,WH_DELHI,ecom_express,Delivered,6.0,68.95,EXTRA_LARGE,1,47,2024-07-27 17:09:00,450
ORD-000005,CUST-1739,Flipkart,2024-05-25 16:23:00,Hyderabad,500084,17.3698,78.4284,SKU-11173,Automotive,3,5.63,5598.82,WH_MUMBAI,xpressbees,Returned,,47.83,LARGE,3,7,2024-06-11 16:23:00,15
ORD-000006,CUST-5112,Website,2024-03-23 09:01:00,Hyderabad,500097,17.3583,78.465,SKU-75586,Toys,5,5.46,20155.97,WH_MUMBAI,ecom_express,Returned,,57.49,LARGE,2,12,2024-04-02 09:01:00,209
ORD-000007,CUST-4517,Meesho,2024-11-21 05:32:00,Kolkata,700031,22.5704,88.3689,SKU-25890,Sports,3,6.65,48701.0,WH_DELHI,shadowfax,Delivered,10.0,293.01,LARGE,1,37,2024-11-25 05:32:00,212
ORD-000008,CUST-8580,Flipkart,2025-05-10 13:26:00,Pune,411082,18.4906,73.9033,SKU-69740,Clothing,4,6.85,4951.86,WH_CHENNAI,xpressbees,Cancelled,,134.8,LARGE,2,40,2025-05-10 13:26:00,229
ORD-000009,CUST-5727,Meesho,2024-01-23 09:43:00,Hyderabad,500087,17.3892,78.4666,SKU-72265,Beauty,4,11.13,32210.56,WH_MUMBAI,blue_dart,In Transit,,429.73,EXTRA_LARGE,3,59,2024-02-15 09:43:00,486
ORD-000010,CUST-7410,Amazon,2024-08-16 02:18:00,Ahmedabad,380089,22.9917,72.5997,SKU-45116,Health,4,6.3,43633.74,WH_DELHI,delhivery,Delivered,2.0,296.23,LARGE,1,40,2024-09-09 02:18:00,343
ORD-000011,CUST-4450,Meesho,2025-03-16 11:41:00,Pune,411082,18.494,73.8894,SKU-38974,Toys,3,9.7,5424.84,WH_DELHI,delhivery,Cancelled,,428.17,LARGE,2,24,2025-04-09 11:41:00,294
ORD-000012,CUST-3639,Shopify,2025-06-11 23:10:00,Hyderabad,500029,17.352,78.4482,SKU-48614,Toys,5,11.64,24211.54,WH_MUMBAI,shadowfax,Cancelled,,459.72,EXTRA_LARGE,1,37,2025-07-02 23:10:00,461
ORD-000013,CUST-6653,Flipkart,2024-01-19 01:18:00,Lucknow,226017,26.8302,80.9612,SKU-19299,Groceries,2,3.17,4284.04,WH_MUMBAI,ecom_express,Cancelled,,389.48,MEDIUM,3,60,2024-02-11 01:18:00,91
ORD-000014,CUST-3206,Flipkart,2024-06-03 03:03:00,Kolkata,700057,22.5764,88.3577,SKU-28394,Home & Kitchen,1,13.73,17028.05,WH_BANGALORE,xpressbees,Delivered,1.0,235.08,EXTRA_LARGE,2,31,2024-06-27 03:03:00,259
ORD-000015,CUST-1472,Website,2024-01-07 06:15:00,Lucknow,226031,26.8678,80.962,SKU-26714,Sports,2,6.72,8763.06,WH_MUMBAI,xpressbees,Cancelled,,311.7,LARGE,1,10,2024-01-19 06:15:00,24
ORD-000016,CUST-9496,Website,2024-11-13 09:01:00,Delhi,110097,28.6053,77.2,SKU-12810,Groceries,2,7.56,3540.08,WH_MUMBAI,ecom_express,Returned,,54.32,LARGE,2,55,2024-11-24 09:01:00,28
ORD-000017,CUST-9716,Website,2024-09-14 07:08:00,Kolkata,700093,22.5316,88.3755,SKU-44650,Groceries,3,0.27,5916.29,WH_BANGALORE,delhivery,Delivered,8.0,228.5,SMALL,2,58,2024-10-10 07:08:00,234
ORD-000018,CUST-9498,Meesho,2024-05-25 06:08:00,Ahmedabad,380060,22.9802,72.5224,SKU-80927,Clothing,1,10.97,30110.87,WH_BANGALORE,shadowfax,Delivered,2.0,445.73,EXTRA_LARGE,2,38,2024-05-28 06:08:00,339
ORD-000019,CUST-1467,Meesho,2025-01-12 15:51:00,Lucknow,226015,26.8515,80.9369,SKU-19625,Electronics,4,8.33,12558.56,WH_CHENNAI,ecom_express,Delivered,1.0,430.07,LARGE,2,16,2025-01-13 15:51:00,134
ORD-000020,CUST-1671,Meesho,2024-09-17 02:30:00,Bangalore,560003,12.9888,77.5704,SKU-55460,Home & Kitchen,5,0.91,15687.26,WH_MUMBAI,blue_dart,In Transit,,454.54,SMALL,3,21,2024-10-04 02:30:00,481
ORD-000021,CUST-6853,Website,2024-07-28 02:11:00,Delhi,110008,28.6272,77.2058,SKU-86500,Sports,1,5.31,4043.88,WH_MUMBAI,xpressbees,Returned,,124.16,LARGE,3,39,2024-07-21 02:11:00,389
ORD-000022,CUST-5501,Website,2024-11-09 23:09:00,Pune,411029,18.5385,73.8678,SKU-82389,Home & Kitchen,4,6.54,34941.78,WH_MUMBAI,xpressbees,Returned,,445.95,LARGE,2,21,2024-11-18 23:09:00,80
ORD-000023,CUST-9155,Amazon,2024-05-20 16:11:00,Bangalore,560004,12.9331,77.6043,SKU-20486,Automotive,1,7.32,22630.44,WH_DELHI,shadowfax,Delivered,10.0,304.41,LARGE,1,10,2024-06-02 16:11:00,39
ORD-000024,CUST-8656,Flipkart,2025-05-20 07:54:00,Jaipur,302077,26.905,75.7345,SKU-10022,Electronics,1,12.19,35390.51,WH_BANGALORE,delhivery,Delivered,2.0,243.5,EXTRA_LARGE,3,30,2025-06-03 07:54:00,183
ORD-000025,CUST-8726,Amazon,2024-09-28 02:53:00,Delhi,110001,28.6292,77.2524,SKU-60816,Electronics,2,4.75,8878.67,WH_DELHI,shadowfax,Delivered,4.0,41.26,MEDIUM,3,16,2024-10-27 02:53:00,82
ORD-000026,CUST-4306,Shopify,2024-07-30 12:25:00,Delhi,110035,28.6052,77.2444,SKU-33829,Electronics,4,14.43,33374.85,WH_CHENNAI,blue_dart,Delivered,10.0,183.73,EXTRA_LARGE,3,46,2024-08-11 12:25:00,329
ORD-000027,CUST-4613,Website,2024-11-17 21:09:00,Bangalore,560016,12.9626,77.6345,SKU-23534,Groceries,3,9.46,9218.74,WH_BANGALORE,blue_dart,Cancelled,,465.67,LARGE,1,44,2024-11-22 21:09:00,390
ORD-000028,CUST-6071,Flipkart,2024-09-22 15:03:00,Bangalore,560002,12.9254,77.5436,SKU-48356,Groceries,2,11.18,45435.32,WH_BANGALORE,xpressbees,Delivered,5.0,398.05,EXTRA_LARGE,2,58,2024-10-15 15:03:00,203
ORD-000029,CUST-3896,Amazon,2025-06-08 03:36:00,Lucknow,226027,26.8845,80.9584,SKU-58429,Automotive,3,8.38,12729.08,WH_CHENNAI,ecom_express,Delivered,8.0,307.8,LARGE,3,47,2025-06-20 03:36:00,285
ORD-000030,CUST-2776,Shopify,2025-06-22 03:44:00,Pune,411017,18.4783,73.8913,SKU-40590,Groceries,2,8.71,45775.83,WH_DELHI,blue_dart,Delivered,3.0,361.9,LARGE,2,39,2025-06-18 03:44:00,148
ORD-000031,CUST-8536,Shopify,2025-05-04 13:11:00,Lucknow,226046,26.8303,80.9977,SKU-78104,Sports,1,5.98,5088.39,WH_MUMBAI,shadowfax,Cancelled,,458.37,LARGE,2,51,2025-05-04 13:11:00,149
ORD-000032,CUST-2661,Shopify,2024-04-05 13:16:00,Mumbai,400009,19.1282,72.907,SKU-10396,Sports,2,4.54,20983.07,WH_MUMBAI,blue_dart,Delivered,6.0,325.25,MEDIUM,2,6,2024-05-05 13:16:00,83
ORD-000033,CUST-5888,Flipkart,2024-11-25 01:11:00,Lucknow,226077,26.8998,80.9285,SKU-18169,Toys,4,9.08,44653.81,WH_DELHI,ecom_express,In Transit,,135.43,LARGE,3,32,2024-11-26 01:11:00,100
ORD-000034,CUST-9844,Shopify,2025-03-22 21:12:00,Kolkata,700028,22.6128,88.3837,SKU-86150,Books,1,10.48,29744.18,WH_BANGALORE,shadowfax,Cancelled,,256.08,EXTRA_LARGE,3,36,2025-03-22 21:12:00,161
ORD-000035,CUST-4645,Website,2024-04-21 18:23:00,Bangalore,560040,12.9719,77.633,SKU-32739,Home & Kitchen,4,8.6,49200.45,WH_BANGALORE,ecom_express,Cancelled,,451.25,LARGE,1,41,2024-05-12 18:23:00,387
ORD-000036,CUST-7697,Meesho,2024-12-30 21:31:00,Hyderabad,500079,17.4261,78.4551,SKU-99736,Clothing,5,9.16,29155.34,WH_CHENNAI,delhivery,Delivered,10.0,426.02,LARGE,1,57,2025-01-15 21:31:00,115
ORD-000037,CUST-2636,Meesho,2024-10-13 18:44:00,Ahmedabad,380090,23.0334,72.5515,SKU-32383,Automotive,4,11.1,31913.27,WH_DELHI,blue_dart,In Transit,,33.48,EXTRA_LARGE,3,27,2024-10-25 18:44:00,414
ORD-000038,CUST-1958,Flipkart,2025-05-12 12:08:00,Mumbai,400091,19.0558,72.8427,SKU-26270,Electronics,2,10.64,1910.73,WH_BANGALORE,delhivery,Delivered,1.0,411.71,EXTRA_LARGE,3,33,2025-05-08 12:08:00,256
ORD-000039,CUST-7028,Website,2025-06-06 09:28:00,Chennai,600094,13.112,80.3153,SKU-13170,Sports,5,5.56,13473.65,WH_CHENNAI,ecom_express,In Transit,,117.39,LARGE,3,19,2025-06-24 09:28:00,393
ORD-000040,CUST-2485,Meesho,2024-01-23 09:07:00,Kolkata,700014,22.5504,88.3743,SKU-84814,Clothing,4,7.23,32590.88,WH_MUMBAI,blue_dart,Delivered,8.0,250.67,LARGE,1,30,2024-01-24 09:07:00,107
ORD-000041,CUST-3727,Shopify,2025-03-26 01:47:00,Jaipur,302069,26.8948,75.8038,SKU-74474,Electronics,4,8.02,25123.88,WH_BANGALORE,ecom_express,Returned,,399.73,LARGE,1,52,2025-03-30 01:47:00,47
ORD-000042,CUST-4837,Meesho,2024-08-01 17:12:00,Chennai,600024,13.1105,80.3067,SKU-38298,Automotive,1,0.97,48758.42,WH_BANGALORE,ecom_express,Cancelled,,215.2,SMALL,3,22,2024-08-01 17:12:00,64
ORD-000043,CUST-3198,Website,2024-07-02 12:26:00,Mumbai,400014,19.0639,72.9186,SKU-30274,Beauty,3,8.86,38690.11,WH_MUMBAI,ecom_express,Delivered,1.0,140.26,LARGE,3,46,2024-07-13 12:26:00,263
ORD-000044,CUST-4465,Amazon,2024-08-05 13:30:00,Lucknow,226037,26.825,80.9398,SKU-57001,Groceries,3,3.05,48594.87,WH_CHENNAI,shadowfax,Delivered,2.0,372.13,MEDIUM,3,20,2024-08-04 13:30:00,381
ORD-000045,CUST-9725,Website,2024-09-23 14:59:00,Bangalore,560093,12.961,77.5462,SKU-43347,Clothing,2,5.95,39408.5,WH_CHENNAI,ecom_express,Delivered,3.0,254.48,LARGE,3,20,2024-10-13 14:59:00,147
ORD-000046,CUST-1200,Meesho,2025-03-20 16:52:00,Kolkata,700044,22.5804,88.3838,SKU-94544,Sports,5,3.05,17553.75,WH_DELHI,blue_dart,Delivered,5.0,411.29,MEDIUM,1,49,2025-04-12 16:52:00,257
ORD-000047,CUST-7499,Flipkart,2025-04-21 16:56:00,Pune,411005,18.5405,73.8174,SKU-75827,Sports,5,8.65,25524.85,WH_CHENNAI,delhivery,Delivered,5.0,236.74,LARGE,1,5,2025-05-21 16:56:00,449
ORD-000048,CUST-1875,Amazon,2025-06-16 20:27:00,Chennai,600052,13.0525,80.2612,SKU-35724,Beauty,3,11.21,38561.27,WH_MUMBAI,ecom_express,Delivered,3.0,107.68,EXTRA_LARGE,3,33,2025-06-28 20:27:00,313
ORD-000049,CUST-3688,Shopify,2025-06-12 14:39:00,Kolkata,700091,22.5985,88.329,SKU-15829,Automotive,1,9.66,31460.84,WH_DELHI,ecom_express,Returned,,390.33,LARGE,1,30,2025-06-30 14:39:00,273
ORD-000050,CUST-9911,Meesho,2024-05-04 07:03:00,Hyderabad,500006,17.3616,78.4441,SKU-67471,Clothing,2,3.75,1787.25,WH_MUMBAI,shadowfax,Delivered,5.0,235.01,MEDIUM,3,32,2024-05-07 07:03:00,83
ORD-000051,CUST-4429,Website,2024-05-25 22:11:00,Kolkata,700060,22.555,88.3635,SKU-56081,Clothing,5,8.29,48922.77,WH_CHENNAI,delhivery,In Transit,,224.87,LARGE,3,7,2024-05-21 22:11:00,70
ORD-000052,CUST-6291,Flipkart,2025-03-24 23:56:00,Hyderabad,500026,17.3744,78.5,SKU-90301,Electronics,1,3.08,17742.28,WH_BANGALORE,ecom_express,Delivered,8.0,448.53,MEDIUM,3,49,2025-03-25 23:56:00,329
ORD-000053,CUST-5000,Meesho,2024-06-22 14:54:00,Chennai,600019,13.0683,80.2562,SKU-33806,Books,2,3.0,20859.95,WH_CHENNAI,xpressbees,In Transit,,189.36,MEDIUM,3,42,2024-07-19 14:54:00,377
ORD-000054,CUST-2584,Meesho,2024-11-11 06:45:00,Lucknow,226092,26.8907,80.9861,SKU-91284,Automotive,4,8.52,44914.49,WH_CHENNAI,delhivery,Delivered,5.0,394.87,LARGE,3,48,2024-11-07 06:45:00,410
ORD-000055,CUST-5977,Shopify,2024-07-22 19:23:00,Hyderabad,500029,17.3905,78.4946,SKU-66344,Health,1,5.9,31617.52,WH_DELHI,xpressbees,Returned,,124.39,LARGE,3,42,2024-08-14 19:23:00,83
ORD-000056,CUST-2381,Flipkart,2024-04-28 11:14:00,Mumbai,400075,19.0723,72.8468,SKU-60125,Books,2,4.57,32935.18,WH_BANGALORE,shadowfax,Delivered,5.0,163.42,MEDIUM,3,44,2024-05-23 11:14:00,270
ORD-000057,CUST-3043,Flipkart,2025-01-16 16:31:00,Hyderabad,500029,17.4298,78.4458,SKU-32932,Groceries,5,11.27,43751.36,WH_CHENNAI,ecom_express,Delivered,4.0,185.02,EXTRA_LARGE,2,59,2025-02-05 16:31:00,276
ORD-000058,CUST-4534,Amazon,2025-02-25 19:00:00,Hyderabad,500065,17.3679,78.4657,SKU-90314,Groceries,5,10.82,26982.98,WH_BANGALORE,delhivery,Cancelled,,403.03,EXTRA_LARGE,2,49,2025-02-26 19:00:00,478
ORD-000059,CUST-8007,Flipkart,2025-02-18 08:29:00,Hyderabad,500081,17.3936,78.4133,SKU-81879,Home & Kitchen,4,8.19,22031.32,WH_DELHI,xpressbees,Delivered,7.0,33.59,LARGE,1,26,2025-03-05 08:29:00,336
ORD-000060,CUST-5800,Meesho,2025-02-21 08:34:00,Delhi,110092,28.6535,77.2099,SKU-89051,Automotive,1,6.55,37327.53,WH_BANGALORE,shadowfax,Delivered,6.0,195.49,LARGE,1,31,2025-03-20 08:34:00,86
ORD-000061,CUST-4776,Amazon,2024-10-13 12:24:00,Pune,411013,18.5675,73.8827,SKU-86805,Automotive,2,9.32,14704.54,WH_MUMBAI,shadowfax,In Transit,,377.59,LARGE,3,34,2024-11-07 12:24:00,136
ORD-000062,CUST-4509,Shopify,2025-02-10 00:22:00,Jaipur,302059,26.8629,75.7839,SKU-67291,Sports,4,12.35,21710.83,WH_CHENNAI,xpressbees,In Transit,,369.79,EXTRA_LARGE,3,30,2025-02-27 00:22:00,435
ORD-000063,CUST-6070,Website,2024-08-24 18:53:00,Lucknow,226017,26.879,80.9665,SKU-83675,Automotive,3,0.94,35458.5,WH_MUMBAI,delhivery,Delivered,3.0,432.84,SMALL,3,5,2024-09-17 18:53:00,72
ORD-000064,CUST-9557,Shopify,2024-05-09 11:40:00,Chennai,600011,13.0937,80.2827,SKU-52422,Automotive,1,7.88,35871.99,WH_BANGALORE,delhivery,Delivered,1.0,470.03,LARGE,2,20,2024-05-16 11:40:00,86
ORD-000065,CUST-7013,Meesho,2024-07-25 20:08:00,Pune,411005,18.5322,73.8168,SKU-91362,Toys,5,3.0,1658.11,WH_DELHI,delhivery,Delivered,10.0,273.98,MEDIUM,2,24,2024-08-22 20:08:00,150
ORD-000066,CUST-7341,Shopify,2024-05-26 06:55:00,Hyderabad,500090,17.4263,78.4231,SKU-87614,Groceries,2,12.74,15032.98,WH_MUMBAI,shadowfax,In Transit,,214.21,EXTRA_LARGE,1,54,2024-06-14 06:55:00,39
ORD-000067,CUST-4004,Amazon,2024-02-01 13:29:00,Ahmedabad,380013,22.9886,72.5417,SKU-16702,Automotive,4,0.31,13171.54,WH_BANGALORE,delhivery,Delivered,1.0,400.36,SMALL,3,18,2024-02-23 13:29:00,372
ORD-000068,CUST-1634,Website,2025-01-10 14:28:00,Ahmedabad,380016,23.0615,72.5494,SKU-37273,Home & Kitchen,2,3.13,43903.43,WH_CHENNAI,shadowfax,Returned,,146.29,MEDIUM,2,10,2025-01-15 14:28:00,401
ORD-000069,CUST-2326,Meesho,2025-01-12 03:59:00,Bangalore,560063,12.9511,77.5421,SKU-36410,Sports,3,14.18,37239.3,WH_DELHI,delhivery,Returned,,214.69,EXTRA_LARGE,2,37,2025-01-07 03:59:00,223
ORD-000070,CUST-5876,Meesho,2025-02-23 01:53:00,Chennai,600032,13.1193,80.254,SKU-90179,Clothing,3,4.06,37661.8,WH_CHENNAI,xpressbees,Delivered,1.0,24.15,MEDIUM,3,21,2025-03-17 01:53:00,307
ORD-000071,CUST-2856,Amazon,2024-03-05 07:38:00,Ahmedabad,380034,23.0526,72.5684,SKU-71762,Books,4,0.75,30952.9,WH_CHENNAI,delhivery,Delivered,10.0,80.54,SMALL,3,5,2024-03-01 07:38:00,142
ORD-000072,CUST-7828,Flipkart,2024-06-29 15:53:00,Lucknow,226086,26.8526,80.987,SKU-78198,Sports,4,10.91,41658.26,WH_CHENNAI,ecom_express,Delivered,4.0,339.12,EXTRA_LARGE,2,13,2024-07-20 15:53:00,159
ORD-000073,CUST-7242,Amazon,2024-11-30 21:48:00,Jaipur,302008,26.9308,75.7663,SKU-36680,Home & Kitchen,2,3.4,41909.4,WH_CHENNAI,ecom_express,Delivered,8.0,26.58,MEDIUM,1,42,2024-12-25 21:48:00,128
ORD-000074,CUST-9353,Shopify,2025-02-12 02:43:00,Jaipur,302015,26.8616,75.7539,SKU-56691,Clothing,3,14.78,29586.83,WH_DELHI,delhivery,Cancelled,,311.0,EXTRA_LARGE,1,5,2025-03-08 02:43:00,102
ORD-000075,CUST-9444,Website,2024-04-04 11:09:00,Hyderabad,500002,17.4157,78.4365,SKU-55948,Home & Kitchen,3,0.41,24131.71,WH_DELHI,xpressbees,In Transit,,143.71,SMALL,3,9,2024-04-27 11:09:00,81
ORD-000076,CUST-4420,Meesho,2025-03-28 18:34:00,Jaipur,302071,26.9259,75.7537,SKU-91202,Automotive,2,6.26,38059.93,WH_BANGALORE,shadowfax,Returned,,208.64,LARGE,2,7,2025-03-29 18:34:00,224
ORD-000077,CUST-9130,Flipkart,2024-12-31 15:43:00,Delhi,110024,28.64,77.2544,SKU-27493,Electronics,4,4.68,47073.54,WH_DELHI,delhivery,Cancelled,,369.08,MEDIUM,2,35,2025-01-28 15:43:00,275
ORD-000078,CUST-2057,Website,2024-11-28 11:43:00,Hyderabad,500054,17.4196,78.4122,SKU-23919,Home & Kitchen,3,7.54,31002.67,WH_BANGALORE,xpressbees,In Transit,,24.33,LARGE,2,21,2024-12-07 11:43:00,270
ORD-000079,CUST-4724,Shopify,2025-02-26 02:54:00,Hyderabad,500021,17.4197,78.4801,SKU-75888,Groceries,1,0.64,47355.66,WH_BANGALORE,blue_dart,Delivered,6.0,406.91,SMALL,3,54,2025-02-19 02:54:00,169
ORD-000080,CUST-5724,Website,2025-06-17 20:13:00,Kolkata,700026,22.5582,88.3879,SKU-58169,Sports,5,10.41,6233.69,WH_CHENNAI,shadowfax,Delivered,7.0,400.14,EXTRA_LARGE,3,16,2025-06-23 20:13:00,13
ORD-000081,CUST-3915,Amazon,2025-06-27 09:18:00,Hyderabad,500016,17.4297,78.4945,SKU-47981,Electronics,1,2.29,40629.82,WH_BANGALORE,shadowfax,Cancelled,,289.0,MEDIUM,3,25,2025-07-25 09:18:00,353
ORD-000082,CUST-7456,Website,2024-09-13 08:52:00,Ahmedabad,380048,22.9808,72.5993,SKU-84153,Toys,4,8.61,43009.25,WH_CHENNAI,shadowfax,Delivered,4.0,391.85,LARGE,1,36,2024-10-05 08:52:00,213
ORD-000083,CUST-7417,Shopify,2025-01-17 01:48:00,Mumbai,400083,19.0797,72.8834,SKU-32419,Electronics,1,11.18,6935.89,WH_MUMBAI,blue_dart,Delivered,4.0,369.13,EXTRA_LARGE,1,37,2025-01-18 01:48:00,149
ORD-000084,CUST-5763,Website,2025-05-09 22:56:00,Hyderabad,500022,17.3941,78.4396,SKU-15961,Health,2,9.93,40207.49,WH_DELHI,shadowfax,Delivered,5.0,20.55,LARGE,2,27,2025-05-20 22:56:00,123
ORD-000085,CUST-3915,Shopify,2025-03-21 07:56:00,Mumbai,400093,19.0655,72.9037,SKU-10400,Groceries,5,10.01,10498.31,WH_BANGALORE,delhivery,Delivered,5.0,470.3,EXTRA_LARGE,2,16,2025-04-01 07:56:00,296
ORD-000086,CUST-8398,Flipkart,2025-04-06 15:21:00,Chennai,600087,13.0727,80.2457,SKU-36539,Beauty,4,0.77,46041.3,WH_CHENNAI,blue_dart,Delivered,1.0,179.32,SMALL,3,20,2025-05-01 15:21:00,219
ORD-000087,CUST-1607,Amazon,2024-12-19 16:43:00,Kolkata,700008,22.5275,88.3356,SKU-69994,Books,4,3.83,13418.24,WH_DELHI,xpressbees,Delivered,1.0,447.63,MEDIUM,1,56,2025-01-13 16:43:00,411
ORD-000088,CUST-1523,Website,2024-06-01 10:46:00,Mumbai,400037,19.1249,72.8916,SKU-24385,Electronics,3,0.35,3223.89,WH_MUMBAI,xpressbees,In Transit,,242.37,SMALL,2,18,2024-06-10 10:46:00,346
ORD-000089,CUST-4021,Website,2025-02-13 09:27:00,Lucknow,226039,26.8486,80.9542,SKU-98211,Sports,1,3.55,42523.5,WH_BANGALORE,shadowfax,In Transit,,42.85,MEDIUM,2,53,2025-02-17 09:27:00,26
ORD-000090,CUST-4684,Shopify,2024-02-21 15:31:00,Hyderabad,500055,17.3713,78.448,SKU-39175,Automotive,5,1.03,43972.84,WH_BANGALORE,xpressbees,Delivered,8.0,98.04,SMALL,3,22,2024-03-21 15:31:00,127
ORD-000091,CUST-1999,Amazon,2024-05-26 16:44:00,Ahmedabad,380085,23.0668,72.557,SKU-10670,Groceries,4,13.37,12074.89,WH_CHENNAI,shadowfax,Delivered,5.0,389.69,EXTRA_LARGE,1,18,2024-05-29 16:44:00,356
ORD-000092,CUST-2148,Flipkart,2025-03-22 16:57:00,Chennai,600030,13.0562,80.2407,SKU-60230,Books,3,11.65,47601.64,WH_BANGALORE,blue_dart,Delivered,4.0,314.6,EXTRA_LARGE,3,34,2025-03-28 16:57:00,35
ORD-000093,CUST-4451,Shopify,2024-04-21 06:05:00,Pune,411077,18.5264,73.8697,SKU-97629,Clothing,4,9.06,20477.65,WH_MUMBAI,shadowfax,Delivered,9.0,341.35,LARGE,3,21,2024-05-16 06:05:00,219
ORD-000094,CUST-5084,Flipkart,2025-01-21 05:26:00,Lucknow,226079,26.8488,80.9768,SKU-59817,Automotive,4,7.91,19534.61,WH_MUMBAI,shadowfax,Cancelled,,352.64,LARGE,1,13,2025-02-09 05:26:00,459
ORD-000095,CUST-2832,Website,2024-11-24 10:07:00,Pune,411070,18.5417,73.8247,SKU-84010,Toys,3,3.08,16484.31,WH_MUMBAI,ecom_express,Delivered,9.0,340.86,MEDIUM,2,37,2024-11-26 10:07:00,190
ORD-000096,CUST-7198,Shopify,2024-12-05 11:27:00,Jaipur,302072,26.9186,75.8284,SKU-20385,Toys,3,1.17,40514.44,WH_DELHI,shadowfax,Cancelled,,498.01,SMALL,2,47,2024-12-01 11:27:00,302
ORD-000097,CUST-1087,Shopify,2024-01-16 04:33:00,Delhi,110027,28.5658,77.2551,SKU-33336,Automotive,3,3.9,25201.95,WH_MUMBAI,delhivery,Cancelled,,168.12,MEDIUM,1,12,2024-01-23 04:33:00,237
ORD-000098,CUST-7806,Website,2024-01-03 13:00:00,Hyderabad,500045,17.3727,78.4389,SKU-37179,Home & Kitchen,1,12.77,16184.57,WH_CHENNAI,delhivery,Delivered,10.0,277.63,EXTRA_LARGE,2,55,2024-01-21 13:00:00,409
ORD-000099,CUST-2557,Shopify,2024-02-05 15:20:00,Ahmedabad,380045,23.0603,72.6168,SKU-85212,Health,3,10.6,30190.53,WH_MUMBAI,shadowfax,Delivered,2.0,496.72,EXTRA_LARGE,1,48,2024-02-02 15:20:00,49
ORD-000100,CUST-6323,Amazon,2024-08-20 20:25:00,Delhi,110031,28.5778,77.2193,SKU-94508,Home & Kitchen,1,13.14,35796.81,WH_DELHI,shadowfax,In Transit,,481.85,EXTRA_LARGE,3,60,2024-08-22 20:25:00,452
ORD-000101,CUST-1767,Website,2024-07-09 14:44:00,Jaipur,302046,26.8905,75.7386,SKU-53571,Toys,5,1.18,18276.21,WH_BANGALORE,ecom_express,Returned,,410.3,SMALL,1,12,2024-08-02 14:44:00,481
ORD-000102,CUST-3628,Website,2025-05-22 10:38:00,Hyderabad,500017,17.4241,78.5033,SKU-55972,Groceries,1,11.82,3633.21,WH_DELHI,delhivery,Delivered,9.0,23.54,EXTRA_LARGE,1,23,2025-05-27 10:38:00,357
ORD-000103,CUST-4136,Amazon,2024-04-05 19:15:00,Delhi,110097,28.6055,77.2205,SKU-98364,Groceries,1,10.44,31410.55,WH_DELHI,delhivery,Cancelled,,111.05,EXTRA_LARGE,1,57,2024-04-06 19:15:00,181
ORD-000104,CUST-7355,Meesho,2024-02-18 08:57:00,Delhi,110079,28.6096,77.225,SKU-97057,Books,5,0.37,13188.69,WH_CHENNAI,shadowfax,Cancelled,,114.85,SMALL,1,34,2024-03-11 08:57:00,427
ORD-000105,CUST-3056,Flipkart,2024-04-14 19:17:00,Lucknow,226051,26.8868,80.9181,SKU-92678,Books,4,9.53,19683.47,WH_DELHI,shadowfax,Delivered,7.0,236.81,LARGE,3,15,2024-05-06 19:17:00,73
ORD-000106,CUST-2549,Flipkart,2025-04-30 00:01:00,Chennai,600079,13.0975,80.2478,SKU-96154,Home & Kitchen,2,7.84,20053.27,WH_MUMBAI,blue_dart,In Transit,,446.7,LARGE,3,7,2025-05-23 00:01:00,17
ORD-000107,CUST-2667,Amazon,2024-12-22 21:02:00,Pune,411045,18.5588,73.8742,SKU-81458,Automotive,1,3.69,22878.33,WH_CHENNAI,shadowfax,Delivered,8.0,438.95,MEDIUM,1,5,2025-01-09 21:02:00,33
ORD-000108,CUST-5385,Meesho,2024-04-20 12:32:00,Chennai,600094,13.1287,80.2336,SKU-86907,Home & Kitchen,4,13.41,23081.65,WH_BANGALORE,shadowfax,Returned,,202.93,EXTRA_LARGE,3,28,2024-05-18 12:32:00,370
ORD-000109,CUST-4630,Meesho,2025-06-22 00:03:00,Lucknow,226074,26.8463,80.9105,SKU-11166,Home & Kitchen,5,7.53,44378.17,WH_DELHI,delhivery,In Transit,,231.13,LARGE,3,33,2025-07-07 00:03:00,180
ORD-000110,CUST-3543,Amazon,2024-08-17 00:44:00,Bangalore,560049,13.0136,77.5504,SKU-51545,Toys,1,14.75,36754.97,WH_BANGALORE,shadowfax,Delivered,9.0,249.49,EXTRA_LARGE,3,45,2024-09-08 00:44:00,393
ORD-000111,CUST-3800,Website,2024-01-18 19:23:00,Bangalore,560073,12.9237,77.5799,SKU-10297,Sports,5,10.81,8017.93,WH_BANGALORE,ecom_express,Cancelled,,97.47,EXTRA_LARGE,2,40,2024-01-26 19:23:00,339
ORD-000112,CUST-4581,Flipkart,2025-04-17 13:36:00,Hyderabad,500004,17.3879,78.5052,SKU-40067,Electronics,3,14.33,25911.68,WH_BANGALORE,delhivery,In Transit,,499.11,EXTRA_LARGE,2,8,2025-04-23 13:36:00,183
ORD-000113,CUST-1784,Flipkart,2025-06-10 06:57:00,Chennai,600004,13.1008,80.3051,SKU-54936,Toys,1,14.72,33176.73,WH_MUMBAI,ecom_express,Delivered,6.0,477.76,EXTRA_LARGE,1,56,2025-06-20 06:57:00,92
ORD-000114,CUST-4581,Website,2025-01-05 05:31:00,Lucknow,226001,26.8667,80.9532,SKU-93616,Electronics,3,9.48,35650.96,WH_BANGALORE,delhivery,Cancelled,,170.89,LARGE,3,42,2025-02-02 05:31:00,337
ORD-000115,CUST-2604,Amazon,2024-10-05 17:08:00,Kolkata,700026,22.549,88.3243,SKU-89513,Toys,3,4.85,49105.31,WH_CHENNAI,shadowfax,Delivered,9.0,87.23,MEDIUM,1,22,2024-10-24 17:08:00,434
ORD-000116,CUST-6415,Flipkart,2024-01-24 12:23:00,Chennai,600031,13.0811,80.3119,SKU-66432,Toys,1,8.48,46009.65,WH_MUMBAI,ecom_express,In Transit,,401.67,LARGE,1,52,2024-01-19 12:23:00,20
ORD-000117,CUST-5388,Shopify,2024-04-05 06:59:00,Delhi,110041,28.6417,77.1987,SKU-56373,Toys,3,7.0,36344.37,WH_DELHI,xpressbees,Delivered,3.0,276.64,LARGE,1,21,2024-04-09 06:59:00,486
ORD-000118,CUST-8249,Website,2024-07-13 12:16:00,Jaipur,302077,26.9308,75.7759,SKU-94694,Beauty,2,12.85,47846.29,WH_CHENNAI,blue_dart,Delivered,2.0,95.98,EXTRA_LARGE,2,20,2024-08-12 12:16:00,174
ORD-000119,CUST-4282,Meesho,2024-12-22 13:25:00,Hyderabad,500018,17.3774,78.4812,SKU-45591,Clothing,2,12.04,29330.56,WH_BANGALORE,xpressbees,Cancelled,,67.81,EXTRA_LARGE,3,23,2025-01-01 13:25:00,203
ORD-000120,CUST-2930,Amazon,2024-04-22 17:41:00,Kolkata,700054,22.5356,88.3278,SKU-21939,Health,2,6.2,31512.33,WH_CHENNAI,blue_dart,Delivered,10.0,189.1,LARGE,2,47,2024-05-01 17:41:00,469
ORD-000121,CUST-5491,Shopify,2024-04-01 07:11:00,Hyderabad,500036,17.3683,78.4417,SKU-99790,Beauty,5,4.07,23325.31,WH_MUMBAI,xpressbees,In Transit,,435.75,MEDIUM,2,57,2024-04-30 07:11:00,101
ORD-000122,CUST-4623,Shopify,2024-01-07 23:54:00,Chennai,600009,13.0628,80.2437,SKU-73094,Sports,1,1.56,49463.36,WH_BANGALORE,shadowfax,Delivered,1.0,65.12,SMALL,2,47,2024-02-06 23:54:00,138
ORD-000123,CUST-1036,Shopify,2025-06-21 05:25:00,Delhi,110067,28.5852,77.1844,SKU-77313,Sports,4,11.45,11627.92,WH_BANGALORE,blue_dart,Delivered,7.0,106.06,EXTRA_LARGE,1,51,2025-07-11 05:25:00,117
ORD-000124,CUST-2038,Website,2024-06-22 22:19:00,Ahmedabad,380004,22.9842,72.5545,SKU-97221,Books,3,12.0,16519.13,WH_DELHI,delhivery,Delivered,7.0,96.57,EXTRA_LARGE,1,47,2024-07-03 22:19:00,180
ORD-000125,CUST-8721,Shopify,2024-11-15 14:30:00,Kolkata,700004,22.6061,88.3156,SKU-50455,Automotive,5,10.5,49190.22,WH_BANGALORE,delhivery,Delivered,5.0,192.56,EXTRA_LARGE,3,10,2024-12-12 14:30:00,158
ORD-000126,CUST-8335,Shopify,2025-04-07 14:15:00,Chennai,600042,13.1092,80.3159,SKU-85593,Home & Kitchen,2,5.38,3345.31,WH_MUMBAI,blue_dart,Delivered,10.0,484.89,LARGE,1,37,2025-04-11 14:15:00,41
ORD-000127,CUST-2030,Shopify,2025-05-13 09:48:00,Delhi,110088,28.6065,77.1937,SKU-68201,Sports,4,10.48,8898.03,WH_BANGALORE,blue_dart,Delivered,10.0,310.58,EXTRA_LARGE,2,37,2025-06-08 09:48:00,252
ORD-000128,CUST-1795,Amazon,2024-03-28 19:09:00,Mumbai,400012,19.0717,72.8645,SKU-22516,Health,1,10.61,11965.74,WH_CHENNAI,ecom_express,Delivered,8.0,328.77,EXTRA_LARGE,2,18,2024-04-08 19:09:00,185
ORD-000129,CUST-3851,Amazon,2025-06-02 03:30:00,Lucknow,226006,26.8248,80.9179,SKU-52061,Beauty,3,14.96,2572.11,WH_MUMBAI,blue_dart,Returned,,466.29,EXTRA_LARGE,2,31,2025-06-24 03:30:00,421
ORD-000130,CUST-9610,Amazon,2024-12-08 19:26:00,Jaipur,302075,26.9206,75.772,SKU-88498,Books,1,6.15,6599.51,WH_DELHI,ecom_express,Delivered,6.0,248.15,LARGE,1,24,2025-01-03 19:26:00,358
ORD-000131,CUST-1639,Meesho,2024-11-22 21:42:00,Ahmedabad,380045,22.975,72.5846,SKU-50871,Automotive,1,8.36,5173.06,WH_CHENNAI,delhivery,Returned,,471.78,LARGE,3,9,2024-12-11 21:42:00,261
ORD-000132,CUST-6591,Shopify,2025-04-19 20:05:00,Lucknow,226021,26.8782,80.9329,SKU-26706,Automotive,4,14.31,31187.03,WH_MUMBAI,blue_dart,Returned,,146.06,EXTRA_LARGE,1,25,2025-04-30 20:05:00,140
ORD-000133,CUST-6692,Amazon,2024-01-08 12:01:00,Jaipur,302057,26.9537,75.7986,SKU-57631,Home & Kitchen,5,13.27,10056.63,WH_CHENNAI,xpressbees,Cancelled,,418.37,EXTRA_LARGE,1,29,2024-01-13 12:01:00,63
ORD-000134,CUST-6182,Shopify,2025-02-18 06:15:00,Kolkata,700013,22.56,88.3476,SKU-19519,Health,1,3.33,28426.26,WH_MUMBAI,delhivery,Returned,,440.04,MEDIUM,1,26,2025-03-06 06:15:00,165
ORD-000135,CUST-4741,Meesho,2025-05-02 12:33:00,Hyderabad,500052,17.3373,78.4513,SKU-17491,Books,3,12.01,32079.31,WH_MUMBAI,shadowfax,Delivered,1.0,428.07,EXTRA_LARGE,1,32,2025-04-26 12:33:00,116
ORD-000136,CUST-5606,Flipkart,2024-08-31 01:45:00,Delhi,110038,28.5831,77.2594,SKU-47395,Automotive,1,12.9,5333.68,WH_MUMBAI,xpressbees,In Transit,,494.26,EXTRA_LARGE,3,49,2024-09-15 01:45:00,13
ORD-000137,CUST-5004,Website,2024-10-07 04:16:00,Hyderabad,500044,17.3939,78.4262,SKU-67405,Home & Kitchen,2,2.4,22742.67,WH_DELHI,blue_dart,Delivered,8.0,401.11,MEDIUM,3,54,2024-10-06 04:16:00,316
ORD-000138,CUST-4280,Amazon,2024-04-20 05:20:00,Ahmedabad,380025,23.0351,72.5519,SKU-42738,Toys,1,6.08,18605.58,WH_BANGALORE,shadowfax,Delivered,1.0,287.51,LARGE,3,35,2024-05-19 05:20:00,392
ORD-000139,CUST-8158,Amazon,2024-12-28 19:57:00,Hyderabad,500078,17.333,78.4555,SKU-53472,Home & Kitchen,1,6.67,18676.7,WH_CHENNAI,ecom_express,Delivered,10.0,134.75,LARGE,1,47,2024-12-27 19:57:00,158
ORD-000140,CUST-9594,Flipkart,2024-09-25 11:45:00,Hyderabad,500025,17.42,78.4106,SKU-45455,Clothing,3,2.05,13262.39,WH_MUMBAI,shadowfax,Delivered,4.0,484.07,MEDIUM,2,14,2024-09-23 11:45:00,468
ORD-000141,CUST-2958,Flipkart,2025-04-07 13:56:00,Hyderabad,500007,17.3801,78.4503,SKU-42242,Groceries,5,5.38,33000.87,WH_CHENNAI,blue_dart,Delivered,1.0,401.34,LARGE,1,27,2025-04-11 13:56:00,77
ORD-000142,CUST-2248,Meesho,2024-06-19 18:42:00,Jaipur,302010,26.9526,75.814,SKU-54096,Groceries,2,10.68,28475.21,WH_CHENNAI,ecom_express,Returned,,221.16,EXTRA_LARGE,1,13,2024-07-15 18:42:00,155
ORD-000143,CUST-5141,Amazon,2024-06-21 06:20:00,Chennai,600036,13.0709,80.2636,SKU-62365,Beauty,2,14.61,12634.14,WH_CHENNAI,ecom_express,Delivered,1.0,191.83,EXTRA_LARGE,3,42,2024-06-26 06:20:00,96
ORD-000144,CUST-3288,Meesho,2024-04-24 02:57:00,Ahmedabad,380078,23.0449,72.5635,SKU-42605,Home & Kitchen,1,7.14,41790.43,WH_BANGALORE,xpressbees,Delivered,8.0,319.12,LARGE,2,22,2024-05-18 02:57:00,84
ORD-000145,CUST-1715,Website,2025-01-05 09:16:00,Delhi,110020,28.5763,77.2283,SKU-48255,Toys,3,13.95,17917.92,WH_BANGALORE,shadowfax,Delivered,4.0,62.09,EXTRA_LARGE,1,48,2025-02-03 09:16:00,288
ORD-000146,CUST-9111,Website,2024-08-08 00:26:00,Lucknow,226037,26.8539,80.9066,SKU-56684,Automotive,1,8.34,18178.98,WH_BANGALORE,ecom_express,In Transit,,31.06,LARGE,2,29,2024-08-06 00:26:00,225
ORD-000147,CUST-7233,Flipkart,2024-11-20 02:46:00,Lucknow,226013,26.8873,80.9863,SKU-90104,Beauty,5,13.73,24462.64,WH_DELHI,blue_dart,In Transit,,257.67,EXTRA_LARGE,3,9,2024-11-16 02:46:00,95
ORD-000148,CUST-9456,Flipkart,2024-08-06 13:36:00,Ahmedabad,380016,23.038,72.5533,SKU-98331,Home & Kitchen,2,8.84,29653.1,WH_CHENNAI,delhivery,Returned,,149.07,LARGE,1,27,2024-08-02 13:36:00,292
ORD-000149,CUST-4613,Flipkart,2024-03-29 21:05:00,Delhi,110013,28.5971,77.2606,SKU-56207,Books,4,3.51,27758.81,WH_CHENNAI,blue_dart,Delivered,9.0,215.3,MEDIUM,3,21,2024-03-30 21:05:00,272
ORD-000150,CUST-9902,Shopify,2024-05-06 12:39:00,Jaipur,302028,26.9149,75.7769,SKU-16341,Sports,1,7.12,40870.07,WH_DELHI,blue_dart,Delivered,8.0,454.12,LARGE,1,7,2024-06-03 12:39:00,51
ORD-000151,CUST-7207,Meesho,2024-09-14 16:00:00,Jaipur,302079,26.9592,75.8231,SKU-46489,Home & Kitchen,3,0.75,9245.71,WH_DELHI,shadowfax,Delivered,2.0,330.64,SMALL,2,31,2024-09-13 16:00:00,169
ORD-000152,CUST-5775,Amazon,2025-01-20 11:18:00,Delhi,110081,28.6123,77.1976,SKU-26152,Books,1,13.59,12141.24,WH_BANGALORE,shadowfax,Returned,,369.01,EXTRA_LARGE,2,26,2025-01-21 11:18:00,481
ORD-000153,CUST-1247,Amazon,2024-08-20 18:04:00,Ahmedabad,380093,23.0368,72.5651,SKU-42715,Groceries,4,0.2,39550.19,WH_MUMBAI,ecom_express,Delivered,8.0,145.03,SMALL,2,7,2024-09-02 18:04:00,131
ORD-000154,CUST-7887,Shopify,2025-02-07 01:17:00,Ahmedabad,380068,23.0118,72.6037,SKU-95218,Books,2,10.12,39262.24,WH_CHENNAI,blue_dart,Delivered,10.0,491.67,EXTRA_LARGE,3,44,2025-02-08 01:17:00,298
ORD-000155,CUST-4986,Meesho,2025-05-29 07:57:00,Bangalore,560016,12.9715,77.5561,SKU-23127,Automotive,1,3.88,10395.19,WH_DELHI,xpressbees,Returned,,100.35,MEDIUM,3,55,2025-06-28 07:57:00,459
ORD-000156,CUST-7373,Flipkart,2024-07-10 05:59:00,Chennai,600094,13.0919,80.2992,SKU-71986,Books,4,8.29,47730.53,WH_CHENNAI,blue_dart,Delivered,4.0,272.18,LARGE,2,47,2024-08-04 05:59:00,350
ORD-000157,CUST-2374,Meesho,2025-02-18 05:07:00,Lucknow,226046,26.8957,80.9801,SKU-49477,Toys,3,3.59,7522.28,WH_CHENNAI,blue_dart,Delivered,6.0,379.88,MEDIUM,3,52,2025-02-23 05:07:00,249
ORD-000158,CUST-7727,Website,2025-01-06 05:13:00,Bangalore,560045,12.9883,77.5454,SKU-37603,Automotive,3,12.63,31138.12,WH_MUMBAI,blue_dart,Delivered,9.0,355.33,EXTRA_LARGE,3,40,2025-01-21 05:13:00,372
ORD-000159,CUST-5636,Flipkart,2024-02-02 10:38:00,Kolkata,700007,22.6097,88.3446,SKU-59196,Beauty,3,12.04,47220.55,WH_CHENNAI,ecom_express,Cancelled,,422.48,EXTRA_LARGE,3,12,2024-01-29 10:38:00,24
ORD-000160,CUST-6487,Meesho,2024-12-14 07:45:00,Ahmedabad,380059,23.0175,72.524,SKU-11623,Clothing,2,7.88,21028.43,WH_BANGALORE,delhivery,Returned,,348.92,LARGE,3,45,2025-01-02 07:45:00,449
ORD-000161,CUST-8770,Amazon,2024-08-14 21:13:00,Lucknow,226087,26.8487,80.9115,SKU-20424,Sports,5,12.14,7925.31,WH_MUMBAI,xpressbees,In Transit,,485.11,EXTRA_LARGE,2,8,2024-08-14 21:13:00,200
ORD-000162,CUST-6670,Amazon,2024-11-03 22:32:00,Hyderabad,500032,17.3875,78.4546,SKU-69829,Toys,2,2.24,38416.01,WH_BANGALORE,ecom_express,Delivered,4.0,32.46,MEDIUM,1,36,2024-11-16 22:32:00,17
ORD-000163,CUST-4145,Meesho,2025-03-28 18:53:00,Hyderabad,500089,17.4265,78.4605,SKU-44568,Groceries,1,12.03,27531.21,WH_CHENNAI,xpressbees,Delivered,9.0,297.78,EXTRA_LARGE,3,13,2025-04-25 18:53:00,162
ORD-000164,CUST-9743,Website,2025-03-24 21:40:00,Chennai,600004,13.1075,80.3059,SKU-24692,Beauty,2,8.23,300.19,WH_BANGALORE,shadowfax,Delivered,3.0,77.97,LARGE,2,40,2025-03-21 21:40:00,136
ORD-000165,CUST-1787,Shopify,2024-07-12 07:53:00,Pune,411018,18.4805,73.87,SKU-51578,Clothing,3,11.73,36538.81,WH_MUMBAI,shadowfax,Cancelled,,122.09,EXTRA_LARGE,2,28,2024-07-28 07:53:00,140
ORD-000166,CUST-2703,Shopify,2024-01-13 15:33:00,Delhi,110084,28.5792,77.2633,SKU-24202,Groceries,1,10.66,2685.73,WH_CHENNAI,shadowfax,Delivered,4.0,243.29,EXTRA_LARGE,2,17,2024-01-09 15:33:00,372
ORD-000167,CUST-6182,Meesho,2024-07-23 12:19:00,Jaipur,302031,26.9261,75.7676,SKU-35059,Books,2,7.35,2426.64,WH_MUMBAI,blue_dart,Cancelled,,89.6,LARGE,3,30,2024-08-16 12:19:00,204
ORD-000168,CUST-4188,Flipkart,2024-07-10 03:44:00,Kolkata,700051,22.6163,88.3651,SKU-91348,Toys,2,9.74,47517.84,WH_CHENNAI,ecom_express,Delivered,6.0,88.6,LARGE,3,18,2024-07-21 03:44:00,406
ORD-000169,CUST-7349,Flipkart,2024-04-12 12:29:00,Pune,411016,18.4871,73.9012,SKU-33126,Health,4,4.94,40344.37,WH_DELHI,xpressbees,Cancelled,,447.84,MEDIUM,3,8,2024-04-08 12:29:00,202
ORD-000170,CUST-3479,Shopify,2024-10-14 01:52:00,Bangalore,560021,12.9861,77.5442,SKU-75669,Books,3,2.46,36047.68,WH_MUMBAI,delhivery,Delivered,10.0,389.56,MEDIUM,2,54,2024-10-18 01:52:00,211
ORD-000171,CUST-6847,Shopify,2025-04-21 17:19:00,Delhi,110054,28.6259,77.2629,SKU-86090,Clothing,3,10.35,47718.93,WH_BANGALORE,ecom_express,Cancelled,,311.7,EXTRA_LARGE,2,55,2025-05-08 17:19:00,334
ORD-000172,CUST-5281,Meesho,2025-05-11 10:36:00,Kolkata,700032,22.5957,88.3316,SKU-45841,Health,4,3.99,21612.39,WH_CHENNAI,shadowfax,Delivered,7.0,499.63,MEDIUM,2,33,2025-05-17 10:36:00,181
ORD-000173,CUST-2730,Shopify,2025-06-11 08:22:00,Ahmedabad,380091,22.9788,72.589,SKU-91221,Home & Kitchen,2,14.24,24687.77,WH_CHENNAI,shadowfax,Delivered,8.0,187.77,EXTRA_LARGE,1,7,2025-06-18 08:22:00,16
ORD-000174,CUST-3788,Amazon,2024-02-20 23:30:00,Ahmedabad,380007,23.0129,72.546,SKU-76190,Sports,3,9.0,32248.4,WH_MUMBAI,blue_dart,Delivered,10.0,341.85,LARGE,1,8,2024-03-01 23:30:00,341
ORD-000175,CUST-2891,Flipkart,2024-02-24 10:58:00,Kolkata,700057,22.5696,88.3316,SKU-27798,Sports,5,7.76,13990.29,WH_CHENNAI,ecom_express,Delivered,4.0,173.57,LARGE,3,39,2024-02-21 10:58:00,41
ORD-000176,CUST-3819,Flipkart,2024-09-23 17:39:00,Pune,411050,18.4757,73.8987,SKU-77683,Home & Kitchen,2,13.0,26463.39,WH_MUMBAI,xpressbees,Delivered,1.0,389.59,EXTRA_LARGE,3,32,2024-10-21 17:39:00,106
ORD-000177,CUST-8217,Website,2024-06-12 21:22:00,Lucknow,226097,26.8266,80.9478,SKU-66878,Automotive,4,10.65,43585.92,WH_DELHI,shadowfax,Delivered,7.0,454.34,EXTRA_LARGE,1,54,2024-07-03 21:22:00,268
ORD-000178,CUST-1814,Shopify,2024-06-25 14:35:00,Delhi,110089,28.6135,77.2427,SKU-67283,Home & Kitchen,5,12.34,30693.04,WH_BANGALORE,delhivery,In Transit,,254.9,EXTRA_LARGE,3,18,2024-06-30 14:35:00,125
ORD-000179,CUST-6094,Website,2025-05-11 21:08:00,Ahmedabad,380039,23.0574,72.5912,SKU-24952,Health,3,2.57,10239.74,WH_CHENNAI,delhivery,Delivered,4.0,112.76,MEDIUM,2,50,2025-05-12 21:08:00,212
ORD-000180,CUST-1671,Website,2024-07-14 05:09:00,Mumbai,400021,19.0986,72.8748,SKU-48938,Clothing,1,9.93,6075.01,WH_DELHI,shadowfax,Returned,,278.21,LARGE,2,56,2024-07-25 05:09:00,294
ORD-000181,CUST-9009,Meesho,2025-03-17 21:19:00,Lucknow,226003,26.846,80.9172,SKU-28057,Automotive,4,1.32,30389.8,WH_BANGALORE,shadowfax,Cancelled,,275.99,SMALL,1,21,2025-03-12 21:19:00,259
ORD-000182,CUST-8289,Meesho,2024-02-21 12:33:00,Ahmedabad,380037,23.0629,72.5296,SKU-20177,Electronics,5,3.22,42962.68,WH_CHENNAI,ecom_express,Delivered,3.0,212.12,MEDIUM,1,53,2024-03-02 12:33:00,138
ORD-000183,CUST-1725,Flipkart,2024-03-28 22:05:00,Bangalore,560011,13.006,77.5644,SKU-90492,Beauty,5,7.06,37034.12,WH_DELHI,shadowfax,Delivered,10.0,354.93,LARGE,2,30,2024-03-30 22:05:00,323
ORD-000184,CUST-2178,Meesho,2024-02-18 18:11:00,Pune,411061,18.4769,73.8129,SKU-47249,Sports,5,11.79,45211.79,WH_BANGALORE,blue_dart,Delivered,3.0,388.69,EXTRA_LARGE,1,18,2024-02-19 18:11:00,386
ORD-000185,CUST-1025,Shopify,2024-03-24 20:01:00,Jaipur,302039,26.9548,75.75,SKU-92464,Health,5,12.29,39058.74,WH_CHENNAI,blue_dart,Delivered,8.0,361.83,EXTRA_LARGE,3,46,2024-03-24 20:01:00,262
ORD-000186,CUST-6712,Meesho,2025-05-29 19:43:00,Kolkata,700010,22.5796,88.3352,SKU-24092,Beauty,2,1.99,18821.37,WH_CHENNAI,xpressbees,Delivered,4.0,282.22,SMALL,2,52,2025-06-20 19:43:00,158
ORD-000187,CUST-3311,Website,2024-12-31 07:38:00,Jaipur,302044,26.9015,75.7672,SKU-71364,Clothing,2,4.33,46942.21,WH_DELHI,xpressbees,Delivered,6.0,255.59,MEDIUM,1,24,2024-12-31 07:38:00,11
ORD-000188,CUST-5134,Meesho,2025-03-24 15:13:00,Jaipur,302021,26.8802,75.8,SKU-93886,Automotive,5,14.93,544.49,WH_DELHI,shadowfax,Delivered,6.0,98.0,EXTRA_LARGE,1,43,2025-04-22 15:13:00,184
ORD-000189,CUST-7773,Flipkart,2024-07-29 18:56:00,Pune,411008,18.5314,73.8898,SKU-97920,Sports,2,14.24,43741.5,WH_MUMBAI,blue_dart,Returned,,405.28,EXTRA_LARGE,1,27,2024-08-27 18:56:00,493
ORD-000190,CUST-2638,Shopify,2025-02-22 19:26:00,Bangalore,560089,12.9209,77.623,SKU-93856,Clothing,1,10.68,16534.64,WH_DELHI,delhivery,Delivered,8.0,32.42,EXTRA_LARGE,1,17,2025-03-21 19:26:00,233
ORD-000191,CUST-2884,Shopify,2025-04-01 05:51:00,Chennai,600011,13.034,80.2759,SKU-53321,Sports,2,2.79,31469.71,WH_DELHI,blue_dart,Delivered,1.0,183.16,MEDIUM,3,27,2025-04-21 05:51:00,20
ORD-000192,CUST-8395,Amazon,2024-11-16 05:15:00,Hyderabad,500006,17.428,78.4644,SKU-59933,Books,5,9.61,34269.79,WH_MUMBAI,xpressbees,In Transit,,32.95,LARGE,2,17,2024-11-29 05:15:00,157
ORD-000193,CUST-6502,Shopify,2024-04-13 16:05:00,Delhi,110084,28.5879,77.1929,SKU-50586,Toys,5,6.3,44369.85,WH_MUMBAI,blue_dart,Delivered,3.0,81.59,LARGE,1,33,2024-04-29 16:05:00,406
ORD-000194,CUST-3670,Amazon,2024-01-06 07:14:00,Lucknow,226008,26.8815,80.9037,SKU-29920,Groceries,2,4.5,43483.79,WH_MUMBAI,blue_dart,Delivered,1.0,168.4,MEDIUM,3,51,2024-01-06 07:14:00,388
ORD-000195,CUST-8148,Meesho,2025-05-31 16:59:00,Lucknow,226053,26.8615,80.9102,SKU-27573,Automotive,1,12.2,4399.21,WH_CHENNAI,delhivery,Delivered,4.0,321.12,EXTRA_LARGE,1,42,2025-06-18 16:59:00,108
ORD-000196,CUST-2040,Meesho,2025-04-25 10:31:00,Lucknow,226082,26.8053,80.9638,SKU-27753,Sports,1,8.96,34324.83,WH_DELHI,xpressbees,Cancelled,,372.62,LARGE,1,20,2025-05-12 10:31:00,75
ORD-000197,CUST-2114,Meesho,2024-06-24 09:43:00,Kolkata,700068,22.5871,88.3902,SKU-66936,Groceries,4,14.53,43620.39,WH_BANGALORE,shadowfax,Delivered,6.0,20.39,EXTRA_LARGE,2,50,2024-07-13 09:43:00,382
ORD-000198,CUST-6362,Shopify,2024-03-25 20:30:00,Delhi,110015,28.5907,77.2152,SKU-72456,Books,3,4.68,38839.9,WH_CHENNAI,delhivery,Delivered,9.0,330.26,MEDIUM,1,25,2024-04-16 20:30:00,76
ORD-000199,CUST-5270,Shopify,2024-02-02 18:36:00,Hyderabad,500021,17.4034,78.466,SKU-49641,Automotive,5,8.62,29476.15,WH_CHENNAI,shadowfax,Delivered,7.0,122.4,LARGE,3,48,2024-02-25 18:36:00,325
ORD-000200,CUST-7224,Shopify,2024-12-23 21:31:00,Pune,411014,18.5267,73.9027,SKU-21544,Health,3,1.05,44590.08,WH_CHENNAI,xpressbees,Delivered,7.0,239.85,SMALL,1,48,2024-12-20 21:31:00,65
ORD-000201,CUST-1965,Flipkart,2025-03-13 04:07:00,Ahmedabad,380029,22.9908,72.569,SKU-21345,Sports,1,7.43,12148.05,WH_DELHI,delhivery,Delivered,9.0,159.59,LARGE,2,5,2025-04-03 04:07:00,132
ORD-000202,CUST-1969,Flipkart,2024-01-25 18:35:00,Hyderabad,500023,17.4124,78.4569,SKU-49938,Beauty,4,14.14,43474.78,WH_CHENNAI,delhivery,Returned,,464.87,EXTRA_LARGE,2,37,2024-02-21 18:35:00,133
ORD-000203,CUST-6504,Website,2025-06-12 16:10:00,Jaipur,302057,26.9519,75.8204,SKU-69392,Electronics,1,14.18,10589.34,WH_BANGALORE,shadowfax,Delivered,3.0,147.15,EXTRA_LARGE,2,44,2025-06-13 16:10:00,164
ORD-000204,CUST-3066,Amazon,2025-06-10 01:56:00,Pune,411070,18.4811,73.829,SKU-28144,Beauty,3,2.84,31162.89,WH_BANGALORE,xpressbees,Cancelled,,411.75,MEDIUM,3,18,2025-06-12 01:56:00,268
ORD-000205,CUST-2991,Flipkart,2025-03-15 17:09:00,Chennai,600029,13.1069,80.2436,SKU-93701,Home & Kitchen,5,2.78,24134.42,WH_DELHI,ecom_express,Cancelled,,202.88,MEDIUM,3,45,2025-03-31 17:09:00,302
ORD-000206,CUST-8196,Meesho,2024-02-12 10:11:00,Chennai,600055,13.0383,80.2995,SKU-54083,Books,5,13.88,26724.18,WH_MUMBAI,shadowfax,Delivered,9.0,217.03,EXTRA_LARGE,2,53,2024-02-13 10:11:00,209
ORD-000207,CUST-2078,Shopify,2024-01-18 13:05:00,Hyderabad,500075,17.3893,78.427,SKU-40273,Books,5,14.94,26557.59,WH_BANGALORE,delhivery,Delivered,7.0,236.22,EXTRA_LARGE,2,41,2024-01-23 13:05:00,41
ORD-000208,CUST-7994,Meesho,2024-05-27 03:32:00,Ahmedabad,380092,23.0413,72.5523,SKU-43116,Health,4,10.64,19983.22,WH_DELHI,ecom_express,Delivered,9.0,33.24,EXTRA_LARGE,3,49,2024-05-28 03:32:00,84
ORD-000209,CUST-6691,Website,2025-05-31 22:16:00,Kolkata,700003,22.6178,88.3254,SKU-91177,Toys,1,8.41,5161.62,WH_MUMBAI,ecom_express,In Transit,,124.61,LARGE,2,26,2025-06-14 22:16:00,270
ORD-000210,CUST-9018,Meesho,2024-08-10 20:58:00,Lucknow,226024,26.8584,80.968,SKU-71459,Electronics,5,14.76,3003.8,WH_BANGALORE,ecom_express,Returned,,197.13,EXTRA_LARGE,2,9,2024-08-26 20:58:00,467
ORD-000211,CUST-4766,Flipkart,2024-06-09 19:17:00,Mumbai,400065,19.0797,72.8656,SKU-83352,Sports,5,11.66,40421.51,WH_BANGALORE,shadowfax,Delivered,8.0,234.7,EXTRA_LARGE,3,6,2024-06-06 19:17:00,425
ORD-000212,CUST-1174,Website,2024-06-10 09:46:00,Kolkata,700060,22.5569,88.3956,SKU-11604,Clothing,2,11.74,41029.28,WH_CHENNAI,blue_dart,Delivered,4.0,295.68,EXTRA_LARGE,1,22,2024-06-07 09:46:00,204
ORD-000213,CUST-7611,Amazon,2024-10-16 06:44:00,Chennai,600053,13.054,80.3141,SKU-81019,Sports,5,10.12,1506.83,WH_CHENNAI,blue_dart,Returned,,298.95,EXTRA_LARGE,3,47,2024-10-31 06:44:00,113
ORD-000214,CUST-5634,Amazon,2025-02-24 10:32:00,Mumbai,400051,19.0527,72.9184,SKU-66300,Clothing,2,13.81,37886.97,WH_BANGALORE,xpressbees,Delivered,4.0,462.81,EXTRA_LARGE,2,58,2025-02-17 10:32:00,255
ORD-000215,CUST-5044,Shopify,2024-06-08 18:02:00,Lucknow,226078,26.8936,80.9807,SKU-87894,Electronics,2,13.14,19533.44,WH_CHENNAI,ecom_express,Cancelled,,99.39,EXTRA_LARGE,3,24,2024-06-18 18:02:00,382
ORD-000216,CUST-3412,Flipkart,2024-05-25 23:25:00,Delhi,110037,28.5612,77.2491,SKU-92132,Groceries,4,13.62,21209.99,WH_DELHI,delhivery,Delivered,3.0,246.02,EXTRA_LARGE,1,36,2024-05-23 23:25:00,311
ORD-000217,CUST-4547,Website,2024-11-02 23:58:00,Mumbai,400040,19.0912,72.8996,SKU-43019,Home & Kitchen,4,3.01,37331.4,WH_BANGALORE,blue_dart,Delivered,8.0,67.37,MEDIUM,3,21,2024-11-11 23:58:00,266
ORD-000218,CUST-8089,Amazon,2025-05-19 03:35:00,Jaipur,302012,26.8821,75.8288,SKU-44030,Health,5,3.95,14125.8,WH_CHENNAI,blue_dart,Delivered,9.0,277.69,MEDIUM,1,7,2025-05-13 03:35:00,197
ORD-000219,CUST-4879,Shopify,2024-10-01 21:09:00,Hyderabad,500091,17.3308,78.4452,SKU-24878,Home & Kitchen,3,8.3,20722.02,WH_DELHI,shadowfax,Delivered,5.0,395.98,LARGE,3,14,2024-10-19 21:09:00,224
ORD-000220,CUST-3618,Website,2025-06-21 21:42:00,Bangalore,560036,12.9344,77.5612,SKU-36089,Clothing,2,14.51,17939.95,WH_CHENNAI,shadowfax,Delivered,10.0,241.01,EXTRA_LARGE,3,58,2025-07-21 21:42:00,362
ORD-000221,CUST-2442,Amazon,2024-06-29 21:07:00,Mumbai,400065,19.0727,72.879,SKU-57937,Automotive,2,14.02,36179.42,WH_DELHI,xpressbees,Returned,,75.72,EXTRA_LARGE,2,59,2024-06-24 21:07:00,400
ORD-000222,CUST-6128,Website,2024-11-25 10:32:00,Mumbai,400063,19.1199,72.9267,SKU-71795,Groceries,5,6.05,17892.95,WH_BANGALORE,delhivery,Delivered,3.0,140.16,LARGE,1,40,2024-12-11 10:32:00,13
ORD-000223,CUST-3601,Amazon,2024-10-30 14:13:00,Delhi,110008,28.6178,77.2662,SKU-86388,Toys,2,5.64,31773.1,WH_MUMBAI,blue_dart,In Transit,,438.78,LARGE,3,40,2024-11-22 14:13:00,162
ORD-000224,CUST-3362,Amazon,2025-01-19 04:46:00,Lucknow,226025,26.8689,80.9319,SKU-75235,Clothing,3,13.47,39819.63,WH_DELHI,ecom_express,Delivered,10.0,340.09,EXTRA_LARGE,1,37,2025-01-14 04:46:00,230
ORD-000225,CUST-2464,Flipkart,2024-06-18 04:48:00,Ahmedabad,380062,23.0561,72.5787,SKU-22328,Toys,1,9.53,28132.59,WH_CHENNAI,ecom_express,Delivered,4.0,262.49,LARGE,2,31,2024-06-30 04:48:00,311
ORD-000226,CUST-8897,Meesho,2024-06-27 16:31:00,Chennai,600008,13.0304,80.224,SKU-33143,Beauty,1,14.63,42514.1,WH_MUMBAI,shadowfax,Delivered,1.0,429.82,EXTRA_LARGE,1,23,2024-06-30 16:31:00,14
ORD-000227,CUST-4994,Shopify,2025-04-30 18:31:00,Pune,411012,18.5085,73.8519,SKU-53681,Groceries,5,4.78,49440.03,WH_MUMBAI,ecom_express,Delivered,4.0,327.77,MEDIUM,1,9,2025-05-20 18:31:00,73
ORD-000228,CUST-9546,Shopify,2024-07-13 23:29:00,Chennai,600038,13.1217,80.2351,SKU-69182,Sports,1,8.17,5730.17,WH_MUMBAI,xpressbees,In Transit,,368.1,LARGE,3,41,2024-07-07 23:29:00,21
ORD-000229,CUST-7658,Flipkart,2024-11-14 07:26:00,Bangalore,560056,12.9282,77.5938,SKU-15815,Sports,4,9.85,21427.0,WH_MUMBAI,shadowfax,Returned,,380.77,LARGE,3,58,2024-11-12 07:26:00,136
ORD-000230,CUST-6607,Website,2024-03-14 19:09:00,Mumbai,400037,19.0892,72.9013,SKU-88960,Health,5,0.79,1096.58,WH_BANGALORE,shadowfax,Delivered,2.0,126.2,SMALL,1,10,2024-03-27 19:09:00,416
ORD-000231,CUST-9799,Amazon,2024-11-04 00:27:00,Mumbai,400030,19.0981,72.907,SKU-88586,Groceries,2,5.71,10597.4,WH_CHENNAI,shadowfax,Returned,,428.19,LARGE,1,9,2024-11-12 00:27:00,315
ORD-000232,CUST-6836,Flipkart,2025-06-11 03:58:00,Delhi,110072,28.622,77.2778,SKU-31421,Home & Kitchen,2,10.83,18348.18,WH_BANGALORE,ecom_express,Delivered,10.0,359.88,EXTRA_LARGE,2,58,2025-06-27 03:58:00,265
ORD-000233,CUST-7292,Meesho,2024-01-02 13:00:00,Lucknow,226041,26.8307,80.9717,SKU-66040,Home & Kitchen,2,5.51,41048.24,WH_MUMBAI,delhivery,Delivered,4.0,252.58,LARGE,1,55,2023-12-31 13:00:00,431
ORD-000234,CUST-9969,Website,2024-06-14 18:48:00,Delhi,110063,28.5772,77.2603,SKU-19718,Automotive,1,1.38,49829.23,WH_MUMBAI,delhivery,Delivered,3.0,300.47,SMALL,3,44,2024-06-26 18:48:00,409
ORD-000235,CUST-5738,Shopify,2024-10-23 00:49:00,Delhi,110098,28.5789,77.233,SKU-47022,Automotive,1,14.23,26102.95,WH_MUMBAI,delhivery,Delivered,5.0,62.57,EXTRA_LARGE,3,42,2024-10-20 00:49:00,258
ORD-000236,CUST-1472,Shopify,2024-03-31 16:22:00,Delhi,110050,28.5909,77.2129,SKU-78622,Toys,2,10.39,38436.43,WH_BANGALORE,shadowfax,In Transit,,272.46,EXTRA_LARGE,1,35,2024-03-26 16:22:00,452
ORD-000237,CUST-5749,Shopify,2024-09-15 15:15:00,Lucknow,226079,26.8036,80.9036,SKU-83898,Toys,3,0.55,35257.37,WH_DELHI,xpressbees,Delivered,6.0,93.45,SMALL,3,19,2024-09-16 15:15:00,259
ORD-000238,CUST-2479,Flipkart,2025-03-25 19:29:00,Lucknow,226021,26.8094,80.9555,SKU-80967,Electronics,3,9.13,48267.25,WH_MUMBAI,ecom_express,Cancelled,,24.11,LARGE,3,28,2025-03-19 19:29:00,266
ORD-000239,CUST-9119,Meesho,2025-02-09 17:54:00,Delhi,110023,28.6509,77.2482,SKU-37308,Toys,5,4.24,14725.32,WH_BANGALORE,blue_dart,Delivered,3.0,163.25,MEDIUM,3,18,2025-02-15 17:54:00,173
ORD-000240,CUST-6591,Website,2025-05-28 15:56:00,Ahmedabad,380092,23.0221,72.5277,SKU-88294,Electronics,2,2.18,16363.32,WH_MUMBAI,xpressbees,Delivered,6.0,393.03,MEDIUM,1,19,2025-06-24 15:56:00,286
ORD-000241,CUST-8476,Amazon,2024-04-28 03:51:00,Mumbai,400059,19.0607,72.9269,SKU-21214,Automotive,1,2.11,39768.33,WH_BANGALORE,ecom_express,In Transit,,232.46,MEDIUM,1,46,2024-05-22 03:51:00,474
ORD-000242,CUST-3318,Meesho,2024-02-28 16:31:00,Hyderabad,500032,17.3438,78.4173,SKU-90959,Toys,2,3.84,42266.47,WH_CHENNAI,delhivery,Delivered,10.0,442.41,MEDIUM,2,18,2024-03-15 16:31:00,108
ORD-000243,CUST-8518,Shopify,2025-02-26 06:32:00,Mumbai,400080,19.0673,72.8818,SKU-27858,Sports,1,5.64,26990.86,WH_MUMBAI,delhivery,Returned,,229.68,LARGE,1,31,2025-03-11 06:32:00,106
ORD-000244,CUST-4524,Website,2024-05-16 18:21:00,Pune,411035,18.5675,73.8494,SKU-22204,Clothing,2,9.91,45883.47,WH_DELHI,shadowfax,Returned,,444.0,LARGE,1,47,2024-05-09 18:21:00,237
ORD-000245,CUST-7185,Meesho,2024-07-27 18:30:00,Hyderabad,500020,17.3866,78.4609,SKU-76224,Beauty,4,5.83,13390.58,WH_CHENNAI,xpressbees,Delivered,8.0,144.18,LARGE,3,42,2024-07-20 18:30:00,398
ORD-000246,CUST-8180,Flipkart,2024-06-06 23:53:00,Jaipur,302087,26.8949,75.8138,SKU-64169,Groceries,3,13.16,34807.92,WH_BANGALORE,ecom_express,Delivered,8.0,310.91,EXTRA_LARGE,1,19,2024-06-14 23:53:00,256
ORD-000247,CUST-6537,Meesho,2025-06-05 22:26:00,Mumbai,400010,19.0878,72.9281,SKU-51426,Beauty,5,10.03,26845.45,WH_CHENNAI,shadowfax,In Transit,,351.75,EXTRA_LARGE,1,26,2025-05-30 22:26:00,164
ORD-000248,CUST-7375,Shopify,2025-05-10 23:05:00,Delhi,110055,28.6165,77.2443,SKU-13294,Books,5,12.71,31179.31,WH_CHENNAI,shadowfax,Returned,,63.0,EXTRA_LARGE,1,8,2025-05-11 23:05:00,71
ORD-000249,CUST-6530,Amazon,2024-02-02 23:22:00,Jaipur,302092,26.9073,75.7857,SKU-24873,Home & Kitchen,4,3.74,5193.9,WH_MUMBAI,ecom_express,Delivered,10.0,395.95,MEDIUM,1,49,2024-02-29 23:22:00,169
ORD-000250,CUST-4823,Shopify,2024-03-10 16:39:00,Pune,411013,18.5597,73.87,SKU-14621,Home & Kitchen,3,14.12,43071.66,WH_CHENNAI,delhivery,Delivered,8.0,209.94,EXTRA_LARGE,2,50,2024-04-05 16:39:00,281
ORD-000251,CUST-6106,Flipkart,2024-08-29 00:28:00,Hyderabad,500017,17.3948,78.4674,SKU-63800,Health,1,9.81,5962.38,WH_MUMBAI,shadowfax,Delivered,1.0,371.91,LARGE,2,30,2024-09-06 00:28:00,478
ORD-000252,CUST-9767,Meesho,2024-11-28 20:41:00,Ahmedabad,380092,22.9701,72.6044,SKU-36807,Electronics,5,1.32,38141.1,WH_DELHI,shadowfax,Delivered,10.0,275.78,SMALL,1,55,2024-12-02 20:41:00,84
ORD-000253,CUST-5625,Amazon,2024-03-06 11:36:00,Mumbai,400076,19.0644,72.9273,SKU-73986,Toys,2,13.98,46182.91,WH_DELHI,xpressbees,Cancelled,,173.31,EXTRA_LARGE,3,29,2024-03-23 11:36:00,439
ORD-000254,CUST-2673,Shopify,2025-01-06 11:42:00,Bangalore,560023,12.9569,77.6252,SKU-30004,Automotive,1,13.85,37629.9,WH_DELHI,xpressbees,Returned,,247.11,EXTRA_LARGE,3,51,2025-01-18 11:42:00,28
ORD-000255,CUST-6603,Meesho,2024-11-01 09:12:00,Mumbai,400038,19.0469,72.8364,SKU-63144,Home & Kitchen,5,6.04,30170.51,WH_DELHI,delhivery,Cancelled,,277.9,LARGE,2,5,2024-10-26 09:12:00,54
ORD-000256,CUST-5776,Shopify,2025-06-27 14:52:00,Lucknow,226095,26.8569,80.9258,SKU-85042,Groceries,4,3.3,5728.27,WH_CHENNAI,delhivery,Returned,,71.44,MEDIUM,1,18,2025-06-23 14:52:00,167
ORD-000257,CUST-7501,Flipkart,2024-07-28 23:46:00,Mumbai,400029,19.0912,72.8533,SKU-80941,Groceries,3,2.51,36121.62,WH_CHENNAI,blue_dart,Delivered,1.0,459.73,MEDIUM,1,52,2024-08-06 23:46:00,83
ORD-000258,CUST-5396,Amazon,2025-05-30 18:39:00,Kolkata,700086,22.6171,88.3123,SKU-52960,Toys,4,13.82,16966.85,WH_DELHI,shadowfax,Delivered,10.0,102.45,EXTRA_LARGE,3,26,2025-06-29 18:39:00,357
ORD-000259,CUST-1484,Meesho,2024-08-28 09:02:00,Delhi,110047,28.6477,77.2764,SKU-21310,Toys,2,8.99,34961.64,WH_CHENNAI,blue_dart,Returned,,413.16,LARGE,2,32,2024-08-21 09:02:00,214
ORD-000260,CUST-2699,Amazon,2025-05-30 23:27:00,Ahmedabad,380048,23.0478,72.5331,SKU-40766,Toys,4,12.17,30208.02,WH_CHENNAI,delhivery,Delivered,4.0,142.03,EXTRA_LARGE,1,26,2025-06-04 23:27:00,486
ORD-000261,CUST-3244,Website,2024-03-20 08:29:00,Kolkata,700023,22.5453,88.3804,SKU-87438,Automotive,5,5.74,32132.33,WH_MUMBAI,xpressbees,Cancelled,,154.81,LARGE,3,53,2024-04-14 08:29:00,273
ORD-000262,CUST-8037,Amazon,2024-11-02 10:50:00,Chennai,600009,13.0933,80.2639,SKU-20391,Clothing,4,3.68,23594.26,WH_CHENNAI,delhivery,Cancelled,,47.79,MEDIUM,2,16,2024-11-29 10:50:00,358
ORD-000263,CUST-7133,Shopify,2024-05-03 11:32:00,Bangalore,560071,12.9376,77.6397,SKU-15918,Clothing,3,8.54,34618.68,WH_BANGALORE,shadowfax,Delivered,9.0,198.16,LARGE,1,56,2024-05-23 11:32:00,240
ORD-000264,CUST-1780,Meesho,2024-04-28 10:47:00,Hyderabad,500018,17.3486,78.4837,SKU-27306,Health,1,4.78,38346.71,WH_MUMBAI,delhivery,Delivered,2.0,475.42,MEDIUM,3,12,2024-05-27 10:47:00,288
ORD-000265,CUST-5194,Flipkart,2024-10-01 21:25:00,Lucknow,226016,26.8149,80.9108,SKU-16722,Toys,3,0.18,279.21,WH_DELHI,delhivery,Delivered,6.0,381.53,SMALL,1,12,2024-10-07 21:25:00,243
ORD-000266,CUST-5867,Website,2024-10-11 14:11:00,Jaipur,302026,26.9341,75.819,SKU-15438,Clothing,4,13.33,29485.82,WH_CHENNAI,xpressbees,Delivered,5.0,81.01,EXTRA_LARGE,1,25,2024-10-24 14:11:00,152
ORD-000267,CUST-3432,Website,2024-11-07 01:10:00,Delhi,110024,28.5944,77.2303,SKU-40338,Books,2,14.13,4532.23,WH_DELHI,xpressbees,In Transit,,292.38,EXTRA_LARGE,1,46,2024-12-03 01:10:00,417
ORD-000268,CUST-3293,Meesho,2024-03-14 14:55:00,Delhi,110066,28.5796,77.2003,SKU-63692,Sports,5,13.12,24129.77,WH_BANGALORE,shadowfax,Cancelled,,407.49,EXTRA_LARGE,3,21,2024-03-29 14:55:00,302
ORD-000269,CUST-7923,Meesho,2024-11-30 08:36:00,Jaipur,302030,26.9067,75.7472,SKU-56764,Toys,1,8.51,23204.07,WH_CHENNAI,xpressbees,Delivered,8.0,176.63,LARGE,2,24,2024-12-13 08:36:00,336
ORD-000270,CUST-5495,Amazon,2025-06-23 21:56:00,Delhi,110025,28.6416,77.1957,SKU-26797,Sports,5,3.79,7676.87,WH_DELHI,xpressbees,Delivered,10.0,230.73,MEDIUM,1,8,2025-06-28 21:56:00,137
ORD-000271,CUST-9128,Meesho,2024-04-02 22:50:00,Chennai,600036,13.0437,80.2821,SKU-31296,Sports,4,11.27,18619.49,WH_MUMBAI,blue_dart,Delivered,4.0,339.92,EXTRA_LARGE,3,10,2024-04-08 22:50:00,198
ORD-000272,CUST-3922,Flipkart,2024-10-20 21:59:00,Lucknow,226014,26.8306,80.9952,SKU-18758,Health,5,4.03,39775.56,WH_MUMBAI,shadowfax,Delivered,7.0,130.95,MEDIUM,3,45,2024-10-22 21:59:00,172
ORD-000273,CUST-5060,Website,2024-01-25 13:08:00,Delhi,110087,28.6033,77.1842,SKU-74036,Beauty,4,13.85,47416.19,WH_BANGALORE,shadowfax,Returned,,227.66,EXTRA_LARGE,1,14,2024-01-23 13:08:00,206
ORD-000274,CUST-7143,Flipkart,2025-01-26 18:22:00,Lucknow,226097,26.8209,80.9776,SKU-91549,Books,2,11.21,13265.23,WH_MUMBAI,ecom_express,In Transit,,32.43,EXTRA_LARGE,1,8,2025-02-25 18:22:00,200
ORD-000275,CUST-8509,Shopify,2024-09-16 11:25:00,Jaipur,302086,26.8701,75.8261,SKU-87106,Health,2,5.07,30187.16,WH_BANGALORE,blue_dart,In Transit,,460.13,LARGE,2,32,2024-10-07 11:25:00,128
ORD-000276,CUST-2222,Amazon,2024-09-21 08:15:00,Hyderabad,500054,17.3352,78.4265,SKU-15387,Groceries,4,11.16,12478.9,WH_CHENNAI,blue_dart,In Transit,,452.25,EXTRA_LARGE,3,46,2024-09-26 08:15:00,67
ORD-000277,CUST-5787,Meesho,2024-06-24 10:08:00,Jaipur,302048,26.9096,75.8109,SKU-55046,Sports,3,13.12,49265.29,WH_BANGALORE,delhivery,Delivered,2.0,458.98,EXTRA_LARGE,3,8,2024-07-01 10:08:00,423
ORD-000278,CUST-9852,Amazon,2024-01-23 07:20:00,Bangalore,560092,12.9841,77.5974,SKU-71458,Electronics,5,13.05,47499.14,WH_CHENNAI,delhivery,Delivered,6.0,67.93,EXTRA_LARGE,1,14,2024-01-28 07:20:00,466
ORD-000279,CUST-1712,Shopify,2024-10-12 03:49:00,Mumbai,400034,19.0421,72.8436,SKU-20813,Electronics,4,3.86,17435.77,WH_CHENNAI,ecom_express,Delivered,10.0,323.25,MEDIUM,1,24,2024-10-19 03:49:00,188
ORD-000280,CUST-9493,Shopify,2025-06-24 21:19:00,Mumbai,400082,19.0662,72.8432,SKU-25168,Toys,4,4.48,40179.51,WH_CHENNAI,ecom_express,Cancelled,,268.52,MEDIUM,2,58,2025-07-22 21:19:00,484
ORD-000281,CUST-2488,Flipkart,2024-08-30 13:42:00,Kolkata,700039,22.5435,88.3494,SKU-23316,Toys,2,9.38,18590.4,WH_DELHI,ecom_express,Delivered,1.0,71.51,LARGE,2,43,2024-08-30 13:42:00,450
ORD-000282,CUST-7859,Shopify,2025-06-20 01:29:00,Ahmedabad,380021,23.03,72.541,SKU-26529,Beauty,3,11.36,46868.36,WH_DELHI,shadowfax,Delivered,6.0,449.66,EXTRA_LARGE,1,52,2025-07-20 01:29:00,115
ORD-000283,CUST-2548,Website,2025-06-07 20:08:00,Kolkata,700043,22.5585,88.3339,SKU-68414,Books,2,14.88,46621.32,WH_DELHI,blue_dart,Delivered,10.0,459.57,EXTRA_LARGE,2,45,2025-06-22 20:08:00,80
ORD-000284,CUST-3255,Amazon,2024-07-30 11:02:00,Ahmedabad,380073,23.0369,72.5893,SKU-54838,Health,3,14.59,4291.19,WH_DELHI,blue_dart,Delivered,8.0,321.78,EXTRA_LARGE,3,44,2024-08-07 11:02:00,148
ORD-000285,CUST-6297,Shopify,2024-04-14 06:56:00,Pune,411024,18.5586,73.8187,SKU-11802,Beauty,3,9.81,46165.76,WH_CHENNAI,shadowfax,Delivered,4.0,203.76,LARGE,1,60,2024-04-23 06:56:00,186
ORD-000286,CUST-1141,Shopify,2025-03-16 10:43:00,Mumbai,400076,19.1139,72.8668,SKU-57644,Automotive,2,0.61,41001.76,WH_DELHI,delhivery,Returned,,187.37,SMALL,3,38,2025-04-14 10:43:00,233
ORD-000287,CUST-1644,Amazon,2024-11-08 11:59:00,Kolkata,700053,22.5592,88.3748,SKU-44250,Home & Kitchen,5,4.61,6901.99,WH_BANGALORE,xpressbees,Returned,,481.41,MEDIUM,1,43,2024-12-08 11:59:00,476
ORD-000288,CUST-3257,Meesho,2025-05-14 14:40:00,Kolkata,700092,22.6118,88.4031,SKU-48652,Groceries,3,3.11,49628.75,WH_BANGALORE,shadowfax,Delivered,2.0,98.33,MEDIUM,2,50,2025-05-07 14:40:00,492
ORD-000289,CUST-2304,Shopify,2024-06-24 00:29:00,Mumbai,400081,19.0654,72.9212,SKU-82053,Automotive,5,3.46,10822.22,WH_BANGALORE,blue_dart,Delivered,8.0,244.9,MEDIUM,1,22,2024-07-06 00:29:00,344
ORD-000290,CUST-1810,Website,2024-08-27 23:29:00,Hyderabad,500086,17.4015,78.4464,SKU-57022,Health,5,10.18,25278.03,WH_DELHI,delhivery,In Transit,,74.65,EXTRA_LARGE,3,35,2024-09-02 23:29:00,386
ORD-000291,CUST-6905,Website,2024-04-13 07:39:00,Jaipur,302058,26.8811,75.7472,SKU-12545,Electronics,5,11.76,23474.46,WH_BANGALORE,xpressbees,Returned,,392.51,EXTRA_LARGE,1,47,2024-04-06 07:39:00,51
ORD-000292,CUST-2295,Amazon,2025-05-06 20:55:00,Chennai,600066,13.1106,80.3133,SKU-57373,Health,3,5.61,4651.4,WH_BANGALORE,ecom_express,Delivered,10.0,335.1,LARGE,3,27,2025-05-10 20:55:00,12
ORD-000293,CUST-4179,Flipkart,2024-04-07 06:47:00,Hyderabad,500084,17.3701,78.4514,SKU-77491,Toys,5,0.44,33147.54,WH_DELHI,xpressbees,Cancelled,,159.63,SMALL,2,15,2024-04-23 06:47:00,420
ORD-000294,CUST-3822,Flipkart,2025-05-25 06:07:00,Lucknow,226034,26.8015,80.938,SKU-43722,Clothing,2,1.2,8099.83,WH_DELHI,blue_dart,Delivered,9.0,67.27,SMALL,2,27,2025-06-10 06:07:00,399
ORD-000295,CUST-2884,Shopify,2025-02-05 03:03:00,Kolkata,700064,22.5534,88.3112,SKU-31939,Books,1,6.04,46333.05,WH_CHENNAI,shadowfax,Delivered,2.0,71.04,LARGE,1,50,2025-02-04 03:03:00,182
ORD-000296,CUST-9606,Shopify,2024-05-12 08:32:00,Jaipur,302063,26.8886,75.7593,SKU-61125,Home & Kitchen,1,6.15,20443.01,WH_BANGALORE,blue_dart,Delivered,5.0,472.49,LARGE,3,25,2024-05-06 08:32:00,167
ORD-000297,CUST-5627,Shopify,2025-06-12 05:04:00,Ahmedabad,380052,22.9912,72.6108,SKU-56504,Clothing,3,0.81,38307.16,WH_DELHI,delhivery,Delivered,7.0,496.44,SMALL,3,41,2025-07-06 05:04:00,61
ORD-000298,CUST-8759,Flipkart,2024-03-05 08:41:00,Kolkata,700033,22.604,88.3283,SKU-11552,Clothing,3,14.24,36835.36,WH_BANGALORE,xpressbees,In Transit,,454.88,EXTRA_LARGE,1,16,2024-03-23 08:41:00,142
ORD-000299,CUST-4109,Amazon,2024-01-08 06:42:00,Bangalore,560076,12.9987,77.6206,SKU-46681,Clothing,3,14.58,40717.56,WH_MUMBAI,shadowfax,Returned,,195.28,EXTRA_LARGE,2,58,2024-01-12 06:42:00,80
ORD-000300,CUST-3846,Website,2024-11-08 03:11:00,Jaipur,302004,26.9566,75.7414,SKU-78505,Electronics,4,10.63,7269.67,WH_CHENNAI,ecom_express,Delivered,4.0,270.4,EXTRA_LARGE,1,34,2024-12-04 03:11:00,304
ORD-000301,CUST-3429,Amazon,2024-07-20 02:05:00,Delhi,110035,28.6498,77.2145,SKU-66078,Health,4,10.77,11501.5,WH_MUMBAI,shadowfax,Delivered,3.0,302.18,EXTRA_LARGE,1,28,2024-08-15 02:05:00,167
ORD-000302,CUST-7540,Website,2024-11-28 02:05:00,Delhi,110017,28.5786,77.1809,SKU-43362,Clothing,4,9.28,12266.29,WH_MUMBAI,delhivery,In Transit,,399.92,LARGE,3,37,2024-11-27 02:05:00,473
ORD-000303,CUST-4010,Website,2024-11-13 15:42:00,Bangalore,560048,12.9251,77.6148,SKU-32815,Electronics,4,10.28,12656.47,WH_CHENNAI,xpressbees,Delivered,8.0,83.11,EXTRA_LARGE,1,20,2024-11-23 15:42:00,186
ORD-000304,CUST-2164,Website,2024-09-20 02:04:00,Pune,411009,18.5385,73.8139,SKU-32380,Automotive,3,9.3,32182.65,WH_DELHI,delhivery,In Transit,,35.79,LARGE,3,21,2024-09-13 02:04:00,167
ORD-000305,CUST-3594,Shopify,2025-05-30 20:15:00,Chennai,600066,13.0894,80.2676,SKU-75711,Groceries,1,8.62,3470.79,WH_DELHI,shadowfax,In Transit,,496.63,LARGE,2,32,2025-05-23 20:15:00,489
ORD-000306,CUST-1147,Amazon,2024-04-07 04:08:00,Lucknow,226010,26.8802,80.9462,SKU-94859,Sports,5,1.49,49847.55,WH_MUMBAI,shadowfax,Delivered,2.0,478.8,SMALL,3,8,2024-04-24 04:08:00,198
ORD-000307,CUST-5692,Website,2024-05-08 09:45:00,Pune,411010,18.5107,73.8889,SKU-66919,Groceries,5,14.92,39227.71,WH_DELHI,delhivery,Delivered,4.0,58.46,EXTRA_LARGE,1,43,2024-06-07 09:45:00,422
ORD-000308,CUST-1381,Flipkart,2024-01-11 11:13:00,Hyderabad,500052,17.3366,78.4975,SKU-65199,Home & Kitchen,5,10.16,15282.87,WH_DELHI,xpressbees,Returned,,55.83,EXTRA_LARGE,2,14,2024-01-06 11:13:00,177
ORD-000309,CUST-9487,Amazon,2025-02-11 14:36:00,Mumbai,400093,19.0542,72.9153,SKU-27953,Electronics,2,3.29,24062.53,WH_MUMBAI,ecom_express,Delivered,4.0,486.08,MEDIUM,3,12,2025-02-25 14:36:00,223
ORD-000310,CUST-6275,Amazon,2024-12-31 04:23:00,Chennai,600063,13.0598,80.3038,SKU-27034,Electronics,1,11.46,4459.48,WH_DELHI,ecom_express,Returned,,199.09,EXTRA_LARGE,2,7,2024-12-27 04:23:00,104
ORD-000311,CUST-4232,Meesho,2024-01-11 12:12:00,Ahmedabad,380057,23.0545,72.603,SKU-14296,Clothing,1,5.11,12999.24,WH_BANGALORE,xpressbees,In Transit,,111.09,LARGE,1,22,2024-01-13 12:12:00,376
ORD-000312,CUST-2053,Shopify,2024-01-24 13:08:00,Mumbai,400037,19.1242,72.8961,SKU-54646,Automotive,5,1.31,8299.98,WH_MUMBAI,shadowfax,In Transit,,442.08,SMALL,1,6,2024-02-13 13:08:00,381
ORD-000313,CUST-5886,Amazon,2025-03-28 10:37:00,Pune,411050,18.4978,73.8565,SKU-83886,Books,4,0.6,5732.06,WH_DELHI,blue_dart,Delivered,5.0,390.56,SMALL,3,51,2025-04-14 10:37:00,263
ORD-000314,CUST-8868,Website,2025-01-08 01:58:00,Pune,411056,18.5585,73.8505,SKU-49740,Clothing,4,14.95,11500.72,WH_MUMBAI,delhivery,Cancelled,,425.01,EXTRA_LARGE,3,27,2025-02-07 01:58:00,445
ORD-000315,CUST-7475,Amazon,2024-10-15 17:30:00,Pune,411016,18.5438,73.8747,SKU-64116,Home & Kitchen,2,10.01,35061.93,WH_DELHI,shadowfax,Cancelled,,488.02,EXTRA_LARGE,1,48,2024-10-11 17:30:00,265
ORD-000316,CUST-9844,Flipkart,2024-06-05 19:15:00,Lucknow,226088,26.8136,80.9426,SKU-35594,Books,2,0.87,43456.4,WH_MUMBAI,blue_dart,In Transit,,143.51,SMALL,3,57,2024-06-14 19:15:00,439
ORD-000317,CUST-7427,Flipkart,2024-08-10 15:25:00,Ahmedabad,380032,23.0253,72.6144,SKU-98230,Books,3,10.7,2582.97,WH_BANGALORE,xpressbees,In Transit,,342.59,EXTRA_LARGE,1,11,2024-09-04 15:25:00,449
ORD-000318,CUST-7972,Meesho,2024-07-18 19:01:00,Bangalore,560047,13.0172,77.5475,SKU-37316,Beauty,1,13.52,9177.11,WH_DELHI,blue_dart,Returned,,261.4,EXTRA_LARGE,2,16,2024-07-26 19:01:00,93
ORD-000319,CUST-1766,Flipkart,2025-03-21 12:36:00,Ahmedabad,380028,22.98,72.5572,SKU-20747,Toys,4,11.69,31526.26,WH_BANGALORE,xpressbees,Delivered,7.0,451.47,EXTRA_LARGE,2,42,2025-03-18 12:36:00,369
ORD-000320,CUST-7670,Website,2024-06-05 05:56:00,Jaipur,302026,26.92,75.7813,SKU-93185,Groceries,4,7.4,17858.33,WH_BANGALORE,ecom_express,Returned,,84.81,LARGE,2,60,2024-06-30 05:56:00,253
ORD-000321,CUST-2142,Amazon,2024-10-24 12:42:00,Kolkata,700054,22.5739,88.4071,SKU-36784,Health,5,11.99,4354.69,WH_MUMBAI,xpressbees,Cancelled,,183.29,EXTRA_LARGE,2,48,2024-11-02 12:42:00,267
ORD-000322,CUST-6351,Amazon,2024-06-22 13:05:00,Pune,411047,18.4805,73.8517,SKU-71110,Automotive,5,9.43,5866.02,WH_CHENNAI,ecom_express,Returned,,378.36,LARGE,3,41,2024-07-21 13:05:00,260
ORD-000323,CUST-1567,Amazon,2025-04-09 23:21:00,Ahmedabad,380084,23.0601,72.6091,SKU-37169,Toys,5,0.51,8007.19,WH_DELHI,shadowfax,Returned,,291.82,SMALL,2,26,2025-04-23 23:21:00,131
ORD-000324,CUST-8561,Shopify,2024-06-22 12:19:00,Delhi,110055,28.5706,77.1995,SKU-62130,Books,1,9.2,38937.14,WH_DELHI,ecom_express,Delivered,7.0,405.41,LARGE,2,12,2024-07-21 12:19:00,477
ORD-000325,CUST-5418,Shopify,2024-05-07 03:00:00,Bangalore,560027,12.9611,77.5697,SKU-40763,Sports,3,2.39,10810.79,WH_DELHI,shadowfax,Delivered,2.0,379.47,MEDIUM,1,59,2024-06-03 03:00:00,376
ORD-000326,CUST-3820,Amazon,2024-07-18 11:52:00,Delhi,110061,28.5861,77.2022,SKU-35763,Books,1,6.09,44209.63,WH_DELHI,delhivery,In Transit,,346.94,LARGE,1,50,2024-07-18 11:52:00,118
ORD-000327,CUST-8335,Amazon,2025-04-10 08:10:00,Jaipur,302053,26.9456,75.7595,SKU-73020,Health,5,10.78,49717.96,WH_MUMBAI,ecom_express,Returned,,343.84,EXTRA_LARGE,1,27,2025-05-08 08:10:00,369
ORD-000328,CUST-4136,Amazon,2024-09-26 23:12:00,Delhi,110015,28.6002,77.2418,SKU-49276,Electronics,4,11.65,42750.56,WH_BANGALORE,delhivery,Cancelled,,400.11,EXTRA_LARGE,2,45,2024-09-19 23:12:00,269
ORD-000329,CUST-5660,Amazon,2024-01-03 21:45:00,Kolkata,700093,22.5239,88.3182,SKU-22987,Sports,3,8.04,9344.67,WH_MUMBAI,blue_dart,Delivered,10.0,203.27,LARGE,1,46,2024-01-27 21:45:00,278
ORD-000330,CUST-5177,Shopify,2025-02-23 19:14:00,Jaipur,302073,26.8747,75.7975,SKU-64833,Books,4,12.29,25533.27,WH_DELHI,shadowfax,Cancelled,,144.87,EXTRA_LARGE,2,60,2025-03-11 19:14:00,298
ORD-000331,CUST-7285,Flipkart,2024-05-07 01:20:00,Lucknow,226064,26.8205,80.9541,SKU-93030,Books,3,11.7,47520.28,WH_MUMBAI,shadowfax,Delivered,1.0,24.6,EXTRA_LARGE,3,59,2024-05-11 01:20:00,14
ORD-000332,CUST-9376,Website,2024-08-07 02:44:00,Bangalore,560001,12.926,77.5749,SKU-42357,Sports,2,11.15,17484.41,WH_BANGALORE,shadowfax,Delivered,3.0,97.67,EXTRA_LARGE,2,40,2024-08-11 02:44:00,33
ORD-000333,CUST-8871,Shopify,2024-12-16 10:40:00,Jaipur,302061,26.884,75.7438,SKU-85609,Sports,4,7.67,23482.51,WH_CHENNAI,delhivery,Cancelled,,194.4,LARGE,3,15,2024-12-09 10:40:00,54
ORD-000334,CUST-6458,Meesho,2025-01-12 14:08:00,Mumbai,400010,19.0857,72.9061,SKU-45792,Books,1,4.32,9842.03,WH_CHENNAI,shadowfax,Delivered,7.0,215.22,MEDIUM,2,54,2025-02-03 14:08:00,194
ORD-000335,CUST-9341,Shopify,2024-08-25 13:11:00,Mumbai,400035,19.075,72.8484,SKU-68457,Clothing,4,9.99,11630.59,WH_DELHI,shadowfax,Returned,,403.51,LARGE,3,38,2024-09-02 13:11:00,20
ORD-000336,CUST-8583,Shopify,2024-10-04 03:26:00,Ahmedabad,380045,23.0234,72.5638,SKU-85834,Groceries,2,11.83,38664.94,WH_MUMBAI,blue_dart,Delivered,6.0,139.4,EXTRA_LARGE,1,9,2024-11-02 03:26:00,151
ORD-000337,CUST-7365,Flipkart,2025-05-27 13:52:00,Lucknow,226069,26.8359,80.9499,SKU-86527,Health,3,3.98,11496.83,WH_DELHI,shadowfax,Delivered,1.0,366.25,MEDIUM,1,21,2025-05-29 13:52:00,376
ORD-000338,CUST-8295,Amazon,2025-03-04 17:20:00,Lucknow,226070,26.8288,80.9007,SKU-73866,Home & Kitchen,3,2.57,5419.38,WH_MUMBAI,xpressbees,In Transit,,208.54,MEDIUM,1,35,2025-03-04 17:20:00,83
ORD-000339,CUST-9127,Meesho,2025-04-30 21:16:00,Mumbai,400040,19.0978,72.8809,SKU-88607,Toys,2,7.69,10404.02,WH_BANGALORE,shadowfax,In Transit,,101.89,LARGE,1,53,2025-05-24 21:16:00,335
ORD-000340,CUST-2857,Website,2025-02-15 01:58:00,Mumbai,400087,19.0693,72.8669,SKU-55570,Health,4,0.16,45589.46,WH_MUMBAI,ecom_express,Delivered,3.0,20.7,SMALL,1,59,2025-02-19 01:58:00,12
ORD-000341,CUST-4231,Meesho,2024-07-22 06:31:00,Hyderabad,500060,17.4155,78.4949,SKU-56599,Clothing,1,5.61,3766.85,WH_MUMBAI,shadowfax,In Transit,,422.89,LARGE,3,59,2024-07-18 06:31:00,24
ORD-000342,CUST-5543,Amazon,2024-06-23 16:27:00,Mumbai,400022,19.0341,72.8822,SKU-35474,Beauty,5,13.59,1828.59,WH_BANGALORE,ecom_express,Returned,,208.09,EXTRA_LARGE,3,8,2024-07-17 16:27:00,137
ORD-000343,CUST-7626,Shopify,2024-02-10 23:34:00,Lucknow,226003,26.8674,80.9981,SKU-86242,Books,5,4.81,43479.19,WH_MUMBAI,ecom_express,Returned,,132.11,MEDIUM,1,58,2024-02-28 23:34:00,383
ORD-000344,CUST-8002,Website,2024-12-07 23:09:00,Pune,411007,18.5536,73.8272,SKU-85217,Automotive,2,7.74,16913.43,WH_DELHI,delhivery,Cancelled,,291.81,LARGE,3,43,2024-11-30 23:09:00,371
ORD-000345,CUST-3133,Website,2024-11-27 20:48:00,Jaipur,302073,26.9432,75.8232,SKU-94912,Sports,1,5.79,37696.61,WH_CHENNAI,ecom_express,Returned,,423.53,LARGE,1,52,2024-12-25 20:48:00,53
ORD-000346,CUST-9595,Amazon,2024-04-26 16:06:00,Jaipur,302053,26.874,75.7365,SKU-94379,Health,4,3.54,24772.0,WH_BANGALORE,shadowfax,Delivered,4.0,36.97,MEDIUM,3,47,2024-04-27 16:06:00,500
ORD-000347,CUST-1860,Amazon,2025-02-04 03:21:00,Lucknow,226018,26.8135,80.9205,SKU-43204,Books,2,14.44,34934.96,WH_BANGALORE,blue_dart,Delivered,3.0,237.26,EXTRA_LARGE,1,42,2025-03-03 03:21:00,97
ORD-000348,CUST-4153,Website,2024-09-18 22:06:00,Lucknow,226066,26.872,80.9531,SKU-85414,Home & Kitchen,4,12.32,32516.37,WH_BANGALORE,blue_dart,Delivered,1.0,301.39,EXTRA_LARGE,2,15,2024-10-01 22:06:00,377
ORD-000349,CUST-6153,Amazon,2024-03-29 14:03:00,Bangalore,560003,12.9681,77.5626,SKU-72933,Groceries,2,2.21,45885.71,WH_DELHI,ecom_express,Delivered,8.0,190.41,MEDIUM,2,35,2024-03-23 14:03:00,275
ORD-000350,CUST-1449,Shopify,2025-05-27 10:22:00,Chennai,600079,13.1245,80.2902,SKU-90389,Home & Kitchen,4,13.28,32936.27,WH_CHENNAI,xpressbees,In Transit,,431.19,EXTRA_LARGE,2,50,2025-06-22 10:22:00,433
ORD-000351,CUST-1627,Meesho,2024-12-31 07:21:00,Hyderabad,500015,17.4125,78.5079,SKU-41987,Clothing,2,0.52,45913.46,WH_DELHI,blue_dart,Returned,,346.69,SMALL,1,37,2025-01-23 07:21:00,484
ORD-000352,CUST-7995,Flipkart,2024-07-09 15:04:00,Delhi,110085,28.5604,77.2119,SKU-21301,Groceries,2,13.65,40209.45,WH_CHENNAI,shadowfax,Delivered,7.0,53.05,EXTRA_LARGE,2,33,2024-07-28 15:04:00,393
ORD-000353,CUST-9335,Meesho,2025-05-08 06:49:00,Ahmedabad,380062,23.0052,72.5499,SKU-51340,Sports,2,2.0,9868.99,WH_DELHI,delhivery,Delivered,4.0,173.43,SMALL,3,24,2025-05-10 06:49:00,53
ORD-000354,CUST-3730,Meesho,2024-06-25 13:22:00,Jaipur,302004,26.9097,75.7677,SKU-51961,Home & Kitchen,5,5.52,28821.9,WH_CHENNAI,ecom_express,Delivered,4.0,310.83,LARGE,3,50,2024-07-10 13:22:00,88
ORD-000355,CUST-6996,Meesho,2024-05-28 19:03:00,Ahmedabad,380051,22.9864,72.5724,SKU-95543,Home & Kitchen,4,0.92,41922.99,WH_DELHI,shadowfax,Delivered,9.0,194.31,SMALL,3,60,2024-05-25 19:03:00,173
ORD-000356,CUST-9126,Flipkart,2025-03-11 16:05:00,Kolkata,700079,22.5583,88.3253,SKU-63867,Clothing,3,11.61,28368.01,WH_DELHI,xpressbees,Delivered,8.0,273.98,EXTRA_LARGE,3,15,2025-03-19 16:05:00,158
ORD-000357,CUST-8628,Meesho,2024-12-22 09:58:00,Delhi,110032,28.5801,77.2095,SKU-72341,Groceries,2,0.1,25789.48,WH_DELHI,xpressbees,Delivered,7.0,72.4,SMALL,3,52,2025-01-03 09:58:00,223
ORD-000358,CUST-2358,Website,2024-06-27 22:43:00,Chennai,600094,13.1138,80.2614,SKU-51709,Groceries,3,13.87,24390.29,WH_BANGALORE,ecom_express,Delivered,6.0,425.22,EXTRA_LARGE,1,45,2024-07-03 22:43:00,98
ORD-000359,CUST-9103,Shopify,2025-03-22 07:15:00,Hyderabad,500017,17.4028,78.4295,SKU-42286,Books,5,4.91,35034.58,WH_CHENNAI,xpressbees,Cancelled,,169.12,MEDIUM,3,53,2025-04-06 07:15:00,283
ORD-000360,CUST-5571,Shopify,2024-08-03 19:55:00,Mumbai,400024,19.0528,72.8443,SKU-73581,Health,4,9.49,9249.0,WH_MUMBAI,delhivery,Delivered,7.0,341.51,LARGE,3,32,2024-08-15 19:55:00,199
ORD-000361,CUST-1417,Meesho,2024-12-08 08:16:00,Jaipur,302080,26.917,75.8031,SKU-69861,Toys,2,13.11,33555.26,WH_DELHI,ecom_express,Delivered,5.0,98.6,EXTRA_LARGE,2,6,2024-12-21 08:16:00,370
ORD-000362,CUST-2276,Flipkart,2024-04-15 18:43:00,Bangalore,560091,12.9365,77.6155,SKU-53750,Electronics,4,12.35,8728.71,WH_DELHI,xpressbees,In Transit,,160.96,EXTRA_LARGE,3,6,2024-05-07 18:43:00,76
ORD-000363,CUST-6877,Meesho,2024-01-29 11:53:00,Mumbai,400096,19.094,72.886,SKU-44427,Home & Kitchen,4,9.28,23663.89,WH_CHENNAI,shadowfax,Delivered,6.0,277.38,LARGE,3,14,2024-02-16 11:53:00,428
ORD-000364,CUST-9752,Shopify,2024-09-27 22:53:00,Delhi,110006,28.5936,77.256,SKU-28870,Groceries,3,14.86,7932.78,WH_MUMBAI,blue_dart,Delivered,8.0,263.05,EXTRA_LARGE,2,12,2024-10-06 22:53:00,331
ORD-000365,CUST-5753,Flipkart,2025-06-01 09:24:00,Lucknow,226075,26.8745,80.9337,SKU-24310,Toys,4,5.4,25431.73,WH_BANGALORE,shadowfax,Cancelled,,228.78,LARGE,2,51,2025-06-01 09:24:00,326
ORD-000366,CUST-6608,Amazon,2025-02-11 00:16:00,Pune,411025,18.5612,73.8314,SKU-46165,Sports,1,0.41,27237.94,WH_DELHI,blue_dart,Cancelled,,436.99,SMALL,1,28,2025-02-25 00:16:00,124
ORD-000367,CUST-8267,Meesho,2024-12-16 05:50:00,Mumbai,400039,19.0944,72.8778,SKU-36637,Automotive,4,8.32,22001.22,WH_DELHI,ecom_express,Returned,,38.96,LARGE,3,21,2025-01-05 05:50:00,303
ORD-000368,CUST-5212,Amazon,2024-06-23 18:52:00,Bangalore,560077,12.9296,77.5559,SKU-83568,Clothing,3,14.55,23281.26,WH_CHENNAI,blue_dart,Cancelled,,458.1,EXTRA_LARGE,2,17,2024-07-14 18:52:00,411
ORD-000369,CUST-4511,Shopify,2025-04-22 01:40:00,Hyderabad,500070,17.4195,78.486,SKU-12452,Toys,5,3.06,46246.7,WH_CHENNAI,blue_dart,Delivered,1.0,21.89,MEDIUM,3,32,2025-05-10 01:40:00,200
ORD-000370,CUST-2890,Meesho,2024-01-23 14:53:00,Chennai,600024,13.1184,80.2448,SKU-97691,Home & Kitchen,4,1.55,32238.0,WH_BANGALORE,delhivery,Delivered,8.0,72.29,SMALL,3,58,2024-01-25 14:53:00,417
ORD-000371,CUST-9876,Flipkart,2024-05-10 21:22:00,Hyderabad,500062,17.3857,78.4226,SKU-49306,Groceries,4,1.61,25208.04,WH_CHENNAI,ecom_express,Delivered,1.0,20.48,SMALL,2,54,2024-05-15 21:22:00,148
ORD-000372,CUST-1181,Amazon,2024-09-22 22:27:00,Pune,411096,18.5507,73.8313,SKU-35575,Groceries,1,13.06,12834.54,WH_MUMBAI,ecom_express,Delivered,6.0,487.17,EXTRA_LARGE,3,32,2024-09-29 22:27:00,316
ORD-000373,CUST-6199,Meesho,2024-05-26 22:32:00,Delhi,110041,28.6306,77.238,SKU-40223,Toys,3,0.57,30956.66,WH_CHENNAI,xpressbees,Returned,,123.4,SMALL,1,45,2024-06-12 22:32:00,252
ORD-000374,CUST-1670,Meesho,2025-04-15 21:45:00,Chennai,600040,13.1074,80.2851,SKU-11031,Clothing,5,2.84,13908.98,WH_MUMBAI,xpressbees,Delivered,10.0,450.92,MEDIUM,1,17,2025-04-19 21:45:00,293
ORD-000375,CUST-4234,Meesho,2025-03-16 11:42:00,Kolkata,700022,22.6163,88.3819,SKU-19761,Groceries,5,11.35,24649.69,WH_DELHI,ecom_express,Returned,,430.86,EXTRA_LARGE,1,34,2025-04-05 11:42:00,315
ORD-000376,CUST-8121,Meesho,2024-05-15 20:19:00,Jaipur,302091,26.9584,75.7685,SKU-82612,Beauty,5,5.41,43857.72,WH_DELHI,shadowfax,Delivered,6.0,21.29,LARGE,3,13,2024-05-08 20:19:00,178
ORD-000377,CUST-4330,Shopify,2024-11-17 20:47:00,Mumbai,400013,19.1203,72.906,SKU-62731,Electronics,5,3.52,30413.15,WH_MUMBAI,xpressbees,In Transit,,53.46,MEDIUM,2,11,2024-11-30 20:47:00,274
ORD-000378,CUST-8460,Website,2024-07-04 04:55:00,Hyderabad,500020,17.3709,78.4784,SKU-50821,Health,4,6.97,45783.02,WH_CHENNAI,xpressbees,In Transit,,66.72,LARGE,1,16,2024-07-22 04:55:00,193
ORD-000379,CUST-1677,Flipkart,2025-04-18 19:10:00,Delhi,110026,28.6444,77.2054,SKU-62150,Groceries,5,11.37,687.8,WH_MUMBAI,ecom_express,In Transit,,20.47,EXTRA_LARGE,1,57,2025-05-07 19:10:00,439
ORD-000380,CUST-4043,Shopify,2024-04-14 02:57:00,Pune,411049,18.4967,73.8887,SKU-47029,Books,1,7.74,139.65,WH_BANGALORE,xpressbees,Delivered,3.0,336.25,LARGE,1,52,2024-04-26 02:57:00,420
ORD-000381,CUST-7150,Flipkart,2024-07-01 13:37:00,Delhi,110071,28.6037,77.2592,SKU-70698,Clothing,2,0.38,30246.56,WH_DELHI,xpressbees,Delivered,3.0,72.06,SMALL,3,26,2024-07-11 13:37:00,421
ORD-000382,CUST-2289,Meesho,2024-08-21 23:44:00,Hyderabad,500006,17.3325,78.4481,SKU-31281,Beauty,4,11.36,30068.82,WH_DELHI,ecom_express,In Transit,,123.07,EXTRA_LARGE,2,23,2024-09-15 23:44:00,395
ORD-000383,CUST-8200,Flipkart,2025-05-26 16:23:00,Mumbai,400071,19.1278,72.9243,SKU-54097,Beauty,2,12.9,23845.72,WH_MUMBAI,xpressbees,Delivered,7.0,313.78,EXTRA_LARGE,1,46,2025-05-29 16:23:00,388
ORD-000384,CUST-8848,Website,2024-06-23 20:58:00,Pune,411047,18.5012,73.8373,SKU-83124,Sports,4,2.13,32553.09,WH_DELHI,ecom_express,Cancelled,,221.11,MEDIUM,2,6,2024-07-19 20:58:00,220
ORD-000385,CUST-5769,Meesho,2025-05-13 13:39:00,Ahmedabad,380037,23.0679,72.5547,SKU-83783,Beauty,1,8.59,3375.75,WH_DELHI,delhivery,Cancelled,,440.74,LARGE,3,32,2025-05-23 13:39:00,454
ORD-000386,CUST-8377,Website,2025-05-24 07:42:00,Mumbai,400093,19.0662,72.9165,SKU-10296,Sports,4,8.65,40348.72,WH_DELHI,shadowfax,Cancelled,,65.7,LARGE,3,52,2025-06-16 07:42:00,304
ORD-000387,CUST-8777,Meesho,2025-06-06 02:16:00,Chennai,600094,13.0449,80.2495,SKU-10988,Electronics,5,7.9,20001.41,WH_MUMBAI,delhivery,Delivered,10.0,200.87,LARGE,1,52,2025-06-22 02:16:00,463
ORD-000388,CUST-8376,Meesho,2024-03-26 21:04:00,Lucknow,226049,26.8121,80.9069,SKU-88594,Electronics,3,7.55,12858.42,WH_MUMBAI,delhivery,In Transit,,67.78,LARGE,1,40,2024-03-21 21:04:00,102
ORD-000389,CUST-9488,Amazon,2024-03-10 15:16:00,Lucknow,226045,26.8909,80.9368,SKU-75178,Toys,5,5.91,31272.94,WH_MUMBAI,delhivery,Delivered,5.0,35.29,LARGE,3,20,2024-04-02 15:16:00,466
ORD-000390,CUST-6723,Shopify,2024-01-28 14:30:00,Kolkata,700048,22.6024,88.4003,SKU-69950,Books,2,11.94,38232.4,WH_DELHI,shadowfax,Delivered,1.0,119.05,EXTRA_LARGE,1,59,2024-01-29 14:30:00,171
ORD-000391,CUST-3423,Shopify,2024-09-08 03:20:00,Jaipur,302092,26.8914,75.7947,SKU-91640,Sports,4,4.3,14568.69,WH_BANGALORE,xpressbees,Delivered,8.0,334.19,MEDIUM,3,13,2024-09-21 03:20:00,315
ORD-000392,CUST-4124,Shopify,2025-05-18 18:19:00,Bangalore,560086,12.963,77.638,SKU-67124,Sports,5,8.55,38794.6,WH_CHENNAI,ecom_express,Delivered,6.0,286.83,LARGE,1,10,2025-06-16 18:19:00,164
ORD-000393,CUST-2303,Shopify,2025-03-25 11:41:00,Kolkata,700064,22.5262,88.3194,SKU-11168,Home & Kitchen,2,10.32,46147.55,WH_DELHI,xpressbees,Delivered,1.0,287.21,EXTRA_LARGE,3,56,2025-04-06 11:41:00,32
ORD-000394,CUST-9012,Shopify,2025-06-02 06:40:00,Ahmedabad,380042,23.063,72.533,SKU-71407,Groceries,5,14.86,29385.41,WH_BANGALORE,delhivery,Delivered,5.0,133.01,EXTRA_LARGE,2,45,2025-06-17 06:40:00,96
ORD-000395,CUST-5045,Meesho,2024-09-13 08:33:00,Jaipur,302081,26.9304,75.8264,SKU-51129,Electronics,2,10.24,6547.01,WH_BANGALORE,delhivery,Returned,,24.33,EXTRA_LARGE,1,31,2024-10-09 08:33:00,466
ORD-000396,CUST-9068,Amazon,2024-07-03 09:37:00,Delhi,110069,28.6336,77.1979,SKU-41388,Home & Kitchen,2,4.66,24787.37,WH_DELHI,delhivery,Delivered,10.0,453.32,MEDIUM,2,44,2024-07-07 09:37:00,380
ORD-000397,CUST-2415,Meesho,2024-05-28 14:02:00,Ahmedabad,380082,23.0567,72.5452,SKU-41924,Beauty,1,8.9,38690.92,WH_MUMBAI,delhivery,Cancelled,,124.19,LARGE,1,7,2024-06-03 14:02:00,334
ORD-000398,CUST-9988,Website,2024-04-02 23:50:00,Pune,411071,18.4972,73.8121,SKU-18978,Clothing,4,4.87,14763.4,WH_BANGALORE,delhivery,Delivered,4.0,310.12,MEDIUM,1,35,2024-04-01 23:50:00,83
ORD-000399,CUST-5982,Amazon,2025-06-04 09:31:00,Hyderabad,500022,17.3869,78.462,SKU-32273,Sports,3,1.99,47929.19,WH_DELHI,shadowfax,Delivered,4.0,350.33,SMALL,2,47,2025-06-16 09:31:00,470
ORD-000400,CUST-3893,Meesho,2025-04-18 22:42:00,Chennai,600051,13.1245,80.3121,SKU-91116,Groceries,4,5.19,42018.81,WH_CHENNAI,blue_dart,Returned,,111.98,LARGE,3,21,2025-05-03 22:42:00,200
ORD-000401,CUST-3947,Meesho,2024-08-21 18:46:00,Mumbai,400072,19.0871,72.8894,SKU-28593,Beauty,1,1.18,38301.08,WH_DELHI,shadowfax,Delivered,6.0,422.11,SMALL,2,56,2024-09-14 18:46:00,100
ORD-000402,CUST-7755,Shopify,2025-06-10 09:42:00,Bangalore,560004,12.9415,77.5499,SKU-99865,Toys,5,6.95,40592.84,WH_MUMBAI,xpressbees,Delivered,2.0,336.88,LARGE,3,58,2025-06-11 09:42:00,151
ORD-000403,CUST-2097,Amazon,2025-01-30 14:23:00,Lucknow,226041,26.8514,80.9294,SKU-61008,Electronics,3,10.96,40174.91,WH_DELHI,ecom_express,Delivered,3.0,428.98,EXTRA_LARGE,3,43,2025-02-23 14:23:00,88
ORD-000404,CUST-6430,Shopify,2024-04-03 21:21:00,Mumbai,400070,19.0685,72.8588,SKU-37466,Groceries,5,5.69,26972.17,WH_BANGALORE,blue_dart,Delivered,3.0,165.84,LARGE,3,44,2024-03-31 21:21:00,242
ORD-000405,CUST-9782,Website,2025-01-07 20:59:00,Jaipur,302074,26.915,75.8237,SKU-30409,Home & Kitchen,1,6.34,40998.26,WH_DELHI,delhivery,Delivered,9.0,381.49,LARGE,1,44,2025-01-09 20:59:00,265
ORD-000406,CUST-5130,Website,2024-03-04 13:20:00,Delhi,110053,28.6235,77.2434,SKU-10316,Toys,2,13.09,29052.1,WH_MUMBAI,xpressbees,Delivered,1.0,341.79,EXTRA_LARGE,2,17,2024-03-31 13:20:00,463
ORD-000407,CUST-8554,Shopify,2024-06-30 12:08:00,Kolkata,700078,22.5582,88.3269,SKU-92994,Groceries,4,6.97,32248.0,WH_DELHI,ecom_express,Delivered,5.0,234.65,LARGE,1,44,2024-07-13 12:08:00,262
ORD-000408,CUST-6937,Meesho,2024-02-06 17:42:00,Kolkata,700086,22.5276,88.3889,SKU-71832,Home & Kitchen,5,13.75,22833.83,WH_CHENNAI,blue_dart,Delivered,9.0,35.22,EXTRA_LARGE,1,57,2024-02-06 17:42:00,100
ORD-000409,CUST-6325,Shopify,2024-03-02 20:47:00,Bangalore,560096,12.9471,77.5783,SKU-72604,Clothing,1,7.88,38704.44,WH_DELHI,delhivery,Cancelled,,320.1,LARGE,2,22,2024-03-14 20:47:00,274
ORD-000410,CUST-7013,Meesho,2024-07-01 22:22:00,Ahmedabad,380013,23.0188,72.5426,SKU-35909,Groceries,3,12.63,38363.02,WH_DELHI,ecom_express,Delivered,10.0,44.2,EXTRA_LARGE,1,20,2024-06-29 22:22:00,111
ORD-000411,CUST-2098,Website,2024-01-02 20:46:00,Lucknow,226004,26.8368,80.9726,SKU-89189,Books,4,2.44,46353.27,WH_MUMBAI,xpressbees,Returned,,498.62,MEDIUM,3,44,2024-01-10 20:46:00,330
ORD-000412,CUST-1322,Website,2025-05-21 12:25:00,Kolkata,700080,22.5715,88.3634,SKU-50037,Health,2,10.61,16879.96,WH_CHENNAI,xpressbees,Delivered,6.0,122.67,EXTRA_LARGE,2,26,2025-06-10 12:25:00,443
ORD-000413,CUST-3806,Website,2024-10-25 02:21:00,Ahmedabad,380048,23.0299,72.5677,SKU-99969,Automotive,4,13.08,30780.22,WH_MUMBAI,xpressbees,Cancelled,,149.85,EXTRA_LARGE,1,37,2024-11-08 02:21:00,22
ORD-000414,CUST-8154,Website,2025-04-03 15:23:00,Delhi,110032,28.648,77.2599,SKU-27286,Health,1,13.15,7297.67,WH_CHENNAI,delhivery,Delivered,5.0,32.34,EXTRA_LARGE,2,25,2025-05-03 15:23:00,291
ORD-000415,CUST-4947,Shopify,2024-10-01 10:30:00,Delhi,110071,28.6297,77.2345,SKU-55750,Health,2,12.48,47160.81,WH_CHENNAI,ecom_express,Delivered,10.0,453.8,EXTRA_LARGE,2,49,2024-10-28 10:30:00,259
ORD-000416,CUST-6989,Shopify,2025-05-02 04:15:00,Chennai,600037,13.0555,80.3168,SKU-31325,Sports,2,1.99,18644.33,WH_CHENNAI,blue_dart,Returned,,178.97,SMALL,2,22,2025-05-25 04:15:00,397
ORD-000417,CUST-4023,Meesho,2024-09-04 06:33:00,Hyderabad,500058,17.3577,78.4272,SKU-27760,Automotive,4,12.49,3232.63,WH_CHENNAI,xpressbees,Cancelled,,89.27,EXTRA_LARGE,2,15,2024-09-07 06:33:00,136
ORD-000418,CUST-9630,Meesho,2024-01-10 11:14:00,Delhi,110047,28.6302,77.2162,SKU-40716,Groceries,4,7.72,45094.34,WH_BANGALORE,xpressbees,Delivered,7.0,277.38,LARGE,2,19,2024-01-22 11:14:00,113
ORD-000419,CUST-3300,Flipkart,2024-04-08 21:14:00,Hyderabad,500035,17.372,78.495,SKU-64010,Sports,5,8.96,39879.97,WH_BANGALORE,shadowfax,Delivered,8.0,167.02,LARGE,2,32,2024-05-01 21:14:00,80
ORD-000420,CUST-1944,Amazon,2024-06-02 22:13:00,Chennai,600056,13.0774,80.2358,SKU-53555,Automotive,1,4.94,9667.84,WH_DELHI,ecom_express,Delivered,3.0,293.08,MEDIUM,2,13,2024-07-02 22:13:00,470
ORD-000421,CUST-3853,Website,2024-03-18 09:02:00,Kolkata,700046,22.6041,88.3399,SKU-71038,Books,2,7.5,5341.14,WH_CHENNAI,delhivery,Delivered,8.0,54.9,LARGE,1,51,2024-04-17 09:02:00,334
ORD-000422,CUST-1275,Website,2024-05-19 18:07:00,Kolkata,700044,22.5557,88.3791,SKU-32635,Sports,5,8.5,3653.59,WH_MUMBAI,shadowfax,Delivered,3.0,315.93,LARGE,3,50,2024-06-10 18:07:00,229
ORD-000423,CUST-1143,Meesho,2024-11-12 23:58:00,Kolkata,700004,22.6135,88.3939,SKU-27469,Health,3,12.9,37801.68,WH_BANGALORE,ecom_express,Cancelled,,97.14,EXTRA_LARGE,3,18,2024-11-16 23:58:00,489
ORD-000424,CUST-4989,Meesho,2025-02-03 10:40:00,Lucknow,226027,26.8596,80.9581,SKU-55401,Automotive,1,10.67,10117.34,WH_CHENNAI,delhivery,Delivered,6.0,209.83,EXTRA_LARGE,3,23,2025-01-31 10:40:00,308
ORD-000425,CUST-3953,Meesho,2024-07-30 03:41:00,Lucknow,226060,26.8243,80.9997,SKU-23685,Toys,5,3.56,14308.87,WH_MUMBAI,ecom_express,Delivered,9.0,177.91,MEDIUM,2,10,2024-08-02 03:41:00,291
ORD-000426,CUST-8014,Amazon,2024-12-14 02:36:00,Chennai,600038,13.087,80.2852,SKU-12939,Books,2,11.43,19287.05,WH_BANGALORE,xpressbees,Returned,,311.4,EXTRA_LARGE,2,13,2024-12-08 02:36:00,205
ORD-000427,CUST-4460,Meesho,2025-05-15 20:30:00,Kolkata,700095,22.6173,88.3942,SKU-12491,Sports,4,2.03,44661.63,WH_BANGALORE,blue_dart,Cancelled,,475.09,MEDIUM,3,47,2025-06-01 20:30:00,182
ORD-000428,CUST-3156,Amazon,2025-02-13 03:23:00,Hyderabad,500094,17.3873,78.4966,SKU-90279,Home & Kitchen,2,13.26,24571.14,WH_CHENNAI,shadowfax,Delivered,6.0,472.54,EXTRA_LARGE,2,11,2025-03-13 03:23:00,294
ORD-000429,CUST-8733,Meesho,2024-03-11 14:11:00,Pune,411096,18.5303,73.814,SKU-75964,Books,3,7.6,36435.28,WH_CHENNAI,delhivery,Delivered,8.0,380.93,LARGE,2,52,2024-03-07 14:11:00,372
ORD-000430,CUST-7432,Amazon,2025-06-21 09:15:00,Bangalore,560043,12.9559,77.6215,SKU-13843,Groceries,2,2.92,15588.4,WH_CHENNAI,ecom_express,Returned,,353.56,MEDIUM,3,23,2025-07-10 09:15:00,180
ORD-000431,CUST-7160,Website,2024-02-10 18:27:00,Hyderabad,500043,17.4129,78.5088,SKU-44031,Health,1,1.11,24727.46,WH_CHENNAI,blue_dart,In Transit,,58.59,SMALL,2,6,2024-03-01 18:27:00,437
ORD-000432,CUST-6961,Shopify,2024-09-08 11:47:00,Hyderabad,500015,17.3909,78.4578,SKU-28987,Home & Kitchen,2,3.38,7167.02,WH_DELHI,ecom_express,Delivered,9.0,400.76,MEDIUM,2,57,2024-09-08 11:47:00,153
ORD-000433,CUST-2748,Meesho,2024-10-22 09:47:00,Hyderabad,500064,17.3829,78.4671,SKU-59480,Beauty,4,1.54,19354.66,WH_MUMBAI,ecom_express,Cancelled,,35.33,SMALL,2,7,2024-10-25 09:47:00,451
ORD-000434,CUST-8855,Website,2024-03-22 06:35:00,Chennai,600002,13.0786,80.3165,SKU-55441,Beauty,1,5.99,20394.44,WH_CHENNAI,delhivery,Delivered,8.0,495.98,LARGE,1,21,2024-03-19 06:35:00,485
ORD-000435,CUST-4164,Amazon,2025-05-02 10:18:00,Mumbai,400097,19.083,72.8621,SKU-69281,Health,1,11.04,29271.69,WH_MUMBAI,blue_dart,Returned,,292.7,EXTRA_LARGE,3,11,2025-04-27 10:18:00,43
ORD-000436,CUST-2058,Flipkart,2025-05-24 08:46:00,Kolkata,700070,22.5706,88.3815,SKU-84378,Beauty,3,12.32,28886.31,WH_BANGALORE,xpressbees,Delivered,2.0,202.71,EXTRA_LARGE,1,29,2025-05-24 08:46:00,401
ORD-000437,CUST-7366,Website,2024-06-10 13:40:00,Bangalore,560026,12.9801,77.5471,SKU-82532,Toys,2,6.82,571.16,WH_DELHI,xpressbees,Delivered,5.0,165.03,LARGE,1,49,2024-06-06 13:40:00,467
ORD-000438,CUST-2148,Website,2024-05-27 20:06:00,Pune,411057,18.4775,73.8394,SKU-62056,Health,3,7.53,47425.06,WH_BANGALORE,blue_dart,In Transit,,387.99,LARGE,1,15,2024-06-14 20:06:00,300
ORD-000439,CUST-6473,Website,2024-11-15 01:23:00,Bangalore,560095,12.9648,77.5845,SKU-71295,Books,5,11.31,35434.51,WH_CHENNAI,delhivery,Delivered,7.0,247.47,EXTRA_LARGE,2,20,2024-12-12 01:23:00,131
ORD-000440,CUST-1558,Shopify,2024-05-09 12:56:00,Kolkata,700064,22.5725,88.3638,SKU-47752,Groceries,3,13.56,19306.01,WH_DELHI,xpressbees,Returned,,475.03,EXTRA_LARGE,3,45,2024-05-14 12:56:00,110
ORD-000441,CUST-2017,Amazon,2025-01-10 22:10:00,Chennai,600093,13.1166,80.2889,SKU-93782,Toys,4,7.41,30711.99,WH_BANGALORE,xpressbees,Delivered,8.0,480.57,LARGE,2,42,2025-01-10 22:10:00,402
ORD-000442,CUST-3099,Flipkart,2024-09-22 11:42:00,Mumbai,400071,19.0394,72.9159,SKU-79686,Groceries,5,7.23,26735.84,WH_DELHI,ecom_express,In Transit,,410.58,LARGE,1,24,2024-09-20 11:42:00,14
ORD-000443,CUST-7449,Website,2024-07-01 16:52:00,Kolkata,700087,22.5641,88.363,SKU-45718,Sports,1,10.26,19258.01,WH_MUMBAI,shadowfax,Delivered,1.0,194.84,EXTRA_LARGE,1,22,2024-07-31 16:52:00,144
ORD-000444,CUST-1003,Website,2025-01-04 13:39:00,Ahmedabad,380015,22.9857,72.6041,SKU-35003,Groceries,1,7.61,824.13,WH_BANGALORE,ecom_express,Delivered,10.0,328.01,LARGE,2,47,2025-01-22 13:39:00,458
ORD-000445,CUST-6970,Amazon,2024-02-25 03:18:00,Delhi,110097,28.6507,77.1938,SKU-37332,Automotive,5,11.73,28016.1,WH_BANGALORE,blue_dart,Delivered,6.0,247.83,EXTRA_LARGE,2,12,2024-03-11 03:18:00,493
ORD-000446,CUST-6135,Flipkart,2025-01-28 14:03:00,Hyderabad,500012,17.3401,78.4554,SKU-50820,Toys,4,2.37,11329.63,WH_BANGALORE,ecom_express,Delivered,5.0,169.7,MEDIUM,3,57,2025-02-05 14:03:00,444
ORD-000447,CUST-5338,Website,2024-01-29 16:28:00,Pune,411036,18.5639,73.8709,SKU-50970,Automotive,5,9.85,15445.57,WH_CHENNAI,xpressbees,Delivered,4.0,219.86,LARGE,3,22,2024-02-26 16:28:00,166
ORD-000448,CUST-8884,Website,2024-12-24 17:04:00,Mumbai,400008,19.0781,72.8426,SKU-61521,Books,4,13.99,34014.84,WH_DELHI,shadowfax,Returned,,415.7,EXTRA_LARGE,1,20,2025-01-03 17:04:00,215
ORD-000449,CUST-8362,Shopify,2025-06-14 20:12:00,Delhi,110057,28.6547,77.2586,SKU-28576,Toys,3,10.51,22457.36,WH_BANGALORE,ecom_express,Delivered,10.0,425.54,EXTRA_LARGE,3,44,2025-07-06 20:12:00,222
ORD-000450,CUST-2659,Amazon,2024-03-28 02:51:00,Hyderabad,500082,17.3906,78.4267,SKU-44042,Home & Kitchen,3,11.06,8617.8,WH_MUMBAI,shadowfax,Cancelled,,263.53,EXTRA_LARGE,3,32,2024-04-03 02:51:00,29
ORD-000451,CUST-1728,Flipkart,2024-12-25 02:35:00,Kolkata,700081,22.5323,88.3772,SKU-15098,Sports,5,7.7,10452.25,WH_DELHI,xpressbees,Cancelled,,340.04,LARGE,3,11,2024-12-22 02:35:00,452
ORD-000452,CUST-9233,Flipkart,2025-03-13 11:31:00,Hyderabad,500029,17.3871,78.4656,SKU-34629,Groceries,3,10.44,39372.62,WH_CHENNAI,xpressbees,Delivered,4.0,166.62,EXTRA_LARGE,2,56,2025-03-13 11:31:00,249
ORD-000453,CUST-4161,Amazon,2025-02-10 09:15:00,Mumbai,400074,19.0703,72.847,SKU-92366,Toys,4,2.81,20128.74,WH_CHENNAI,delhivery,Delivered,5.0,482.72,MEDIUM,2,6,2025-02-09 09:15:00,371
ORD-000454,CUST-1802,Flipkart,2024-09-09 11:37:00,Bangalore,560068,12.9497,77.6121,SKU-36930,Home & Kitchen,4,3.11,11993.51,WH_CHENNAI,xpressbees,Delivered,2.0,204.65,MEDIUM,1,14,2024-09-26 11:37:00,223
ORD-000455,CUST-4119,Website,2025-04-10 21:46:00,Pune,411064,18.5621,73.8507,SKU-69781,Health,4,8.73,1368.82,WH_CHENNAI,ecom_express,Returned,,81.25,LARGE,1,51,2025-04-09 21:46:00,214
ORD-000456,CUST-8407,Website,2024-06-06 00:56:00,Chennai,600042,13.0786,80.3095,SKU-19435,Books,5,4.19,47852.52,WH_BANGALORE,ecom_express,Delivered,9.0,495.22,MEDIUM,3,9,2024-06-30 00:56:00,177
ORD-000457,CUST-8774,Flipkart,2025-06-11 01:39:00,Mumbai,400027,19.1012,72.8431,SKU-98558,Beauty,3,6.8,30286.95,WH_MUMBAI,blue_dart,Returned,,84.9,LARGE,3,11,2025-06-24 01:39:00,129
ORD-000458,CUST-9522,Flipkart,2024-06-08 01:30:00,Jaipur,302079,26.8766,75.8202,SKU-40349,Beauty,2,9.67,567.43,WH_MUMBAI,xpressbees,Returned,,83.7,LARGE,3,57,2024-06-28 01:30:00,299
ORD-000459,CUST-4211,Shopify,2024-12-05 18:55:00,Delhi,110054,28.6214,77.2653,SKU-50379,Groceries,1,8.31,19204.94,WH_MUMBAI,blue_dart,Delivered,10.0,277.43,LARGE,3,30,2025-01-03 18:55:00,101
ORD-000460,CUST-2959,Shopify,2024-10-04 09:00:00,Kolkata,700033,22.6135,88.3193,SKU-73127,Groceries,2,1.66,30468.5,WH_DELHI,delhivery,In Transit,,391.72,SMALL,3,48,2024-10-24 09:00:00,162
ORD-000461,CUST-5655,Amazon,2024-03-01 20:31:00,Bangalore,560061,12.9522,77.6329,SKU-78292,Home & Kitchen,4,1.99,25062.29,WH_DELHI,ecom_express,Delivered,3.0,366.96,SMALL,2,36,2024-02-24 20:31:00,308
ORD-000462,CUST-4985,Website,2024-12-27 16:42:00,Hyderabad,500061,17.4203,78.4814,SKU-24886,Home & Kitchen,3,12.57,11564.56,WH_MUMBAI,delhivery,Delivered,9.0,307.95,EXTRA_LARGE,2,50,2025-01-01 16:42:00,450
ORD-000463,CUST-5383,Shopify,2024-04-16 04:10:00,Hyderabad,500010,17.3854,78.4316,SKU-49679,Groceries,1,5.95,21065.18,WH_MUMBAI,delhivery,Cancelled,,166.11,LARGE,1,32,2024-05-04 04:10:00,81
ORD-000464,CUST-8394,Shopify,2025-05-14 15:40:00,Mumbai,400094,19.1195,72.9012,SKU-28207,Home & Kitchen,3,1.13,46612.55,WH_BANGALORE,ecom_express,In Transit,,451.81,SMALL,2,25,2025-06-07 15:40:00,486
ORD-000465,CUST-6383,Shopify,2025-05-06 01:03:00,Hyderabad,500067,17.3651,78.4412,SKU-11823,Health,4,12.96,49665.56,WH_BANGALORE,delhivery,Returned,,325.75,EXTRA_LARGE,3,6,2025-05-29 01:03:00,18
ORD-000466,CUST-5277,Website,2024-03-08 09:36:00,Lucknow,226030,26.8838,80.9634,SKU-50755,Sports,5,9.5,38522.94,WH_DELHI,delhivery,Delivered,1.0,247.45,LARGE,1,24,2024-03-21 09:36:00,34
ORD-000467,CUST-1230,Website,2024-09-20 23:24:00,Hyderabad,500074,17.3611,78.4465,SKU-44086,Sports,1,1.76,27072.1,WH_CHENNAI,delhivery,Returned,,228.52,SMALL,3,15,2024-10-18 23:24:00,354
ORD-000468,CUST-6281,Flipkart,2025-04-19 05:30:00,Jaipur,302029,26.8752,75.7632,SKU-19503,Beauty,2,1.23,320.17,WH_BANGALORE,shadowfax,Delivered,8.0,126.45,SMALL,1,13,2025-04-19 05:30:00,12
ORD-000469,CUST-1918,Flipkart,2024-01-24 08:45:00,Lucknow,226042,26.8146,80.964,SKU-83195,Toys,1,14.85,39368.35,WH_BANGALORE,blue_dart,In Transit,,234.72,EXTRA_LARGE,2,27,2024-01-21 08:45:00,465
ORD-000470,CUST-2867,Amazon,2024-12-18 05:25:00,Pune,411068,18.5323,73.8489,SKU-69718,Books,4,0.68,13465.53,WH_DELHI,shadowfax,Delivered,7.0,466.4,SMALL,1,9,2024-12-23 05:25:00,423
ORD-000471,CUST-6434,Website,2024-02-08 15:16:00,Kolkata,700071,22.5531,88.3425,SKU-43135,Beauty,3,8.15,32151.74,WH_DELHI,shadowfax,In Transit,,338.2,LARGE,2,51,2024-02-11 15:16:00,93
ORD-000472,CUST-8010,Shopify,2024-04-22 04:27:00,Delhi,110029,28.6017,77.2399,SKU-29520,Clothing,4,3.7,4844.33,WH_MUMBAI,blue_dart,Delivered,6.0,429.39,MEDIUM,1,37,2024-05-04 04:27:00,444
ORD-000473,CUST-4756,Amazon,2025-06-20 00:59:00,Mumbai,400001,19.1122,72.8641,SKU-80178,Clothing,4,3.85,46975.83,WH_DELHI,blue_dart,In Transit,,64.25,MEDIUM,2,21,2025-07-10 00:59:00,55
ORD-000474,CUST-6678,Amazon,2024-01-24 04:19:00,Chennai,600027,13.0491,80.2675,SKU-54215,Electronics,4,0.84,3212.97,WH_CHENNAI,xpressbees,Delivered,3.0,324.31,SMALL,1,34,2024-01-19 04:19:00,146
ORD-000475,CUST-4050,Flipkart,2024-05-28 17:32:00,Bangalore,560062,12.9916,77.6123,SKU-15472,Electronics,3,7.86,11806.43,WH_MUMBAI,blue_dart,Delivered,2.0,219.18,LARGE,3,29,2024-05-29 17:32:00,379
ORD-000476,CUST-5825,Website,2024-03-16 06:26:00,Kolkata,700022,22.5604,88.3768,SKU-30246,Automotive,3,3.25,16803.34,WH_CHENNAI,xpressbees,Delivered,7.0,338.16,MEDIUM,1,35,2024-03-19 06:26:00,53
ORD-000477,CUST-3822,Shopify,2024-05-05 19:05:00,Chennai,600023,13.0978,80.2374,SKU-62124,Toys,5,8.23,13272.89,WH_MUMBAI,ecom_express,In Transit,,360.31,LARGE,2,46,2024-05-28 19:05:00,65
ORD-000478,CUST-5777,Website,2025-01-30 02:05:00,Ahmedabad,380033,23.0181,72.5973,SKU-62109,Toys,3,9.95,22624.77,WH_BANGALORE,shadowfax,Returned,,243.48,LARGE,1,58,2025-02-07 02:05:00,217
ORD-000479,CUST-3596,Website,2024-12-07 20:43:00,Jaipur,302057,26.8699,75.7525,SKU-14857,Groceries,5,12.34,44381.08,WH_DELHI,shadowfax,Delivered,9.0,26.45,EXTRA_LARGE,2,10,2025-01-04 20:43:00,291
ORD-000480,CUST-4815,Shopify,2024-12-25 03:26:00,Delhi,110087,28.6111,77.2699,SKU-48994,Home & Kitchen,5,9.03,19346.89,WH_MUMBAI,xpressbees,Returned,,291.57,LARGE,3,31,2025-01-16 03:26:00,384
ORD-000481,CUST-4631,Shopify,2025-05-29 09:05:00,Lucknow,226042,26.8858,80.9083,SKU-70355,Electronics,2,5.46,45506.26,WH_BANGALORE,blue_dart,In Transit,,57.14,LARGE,1,37,2025-05-28 09:05:00,363
ORD-000482,CUST-2339,Shopify,2025-01-12 21:02:00,Hyderabad,500064,17.4049,78.4672,SKU-70566,Beauty,2,7.55,7454.43,WH_BANGALORE,xpressbees,Delivered,7.0,412.29,LARGE,1,33,2025-01-08 21:02:00,478
ORD-000483,CUST-7109,Meesho,2024-04-15 12:20:00,Delhi,110069,28.5957,77.2396,SKU-33055,Automotive,2,13.15,30027.81,WH_MUMBAI,blue_dart,In Transit,,377.99,EXTRA_LARGE,2,55,2024-05-08 12:20:00,64
ORD-000484,CUST-5556,Website,2024-09-06 21:24:00,Mumbai,400017,19.1133,72.8451,SKU-56871,Beauty,1,1.83,27885.97,WH_MUMBAI,shadowfax,Delivered,10.0,148.29,SMALL,3,46,2024-09-28 21:24:00,456
ORD-000485,CUST-1694,Website,2024-11-15 17:53:00,Kolkata,700043,22.5666,88.3351,SKU-51744,Beauty,1,9.84,45568.99,WH_MUMBAI,ecom_express,Delivered,1.0,257.73,LARGE,2,29,2024-12-03 17:53:00,341
ORD-000486,CUST-8739,Flipkart,2025-04-20 14:18:00,Kolkata,700093,22.6046,88.3851,SKU-69581,Beauty,3,13.8,13820.45,WH_MUMBAI,delhivery,Delivered,1.0,216.28,EXTRA_LARGE,2,41,2025-05-05 14:18:00,42
ORD-000487,CUST-6142,Shopify,2024-12-13 22:56:00,Jaipur,302038,26.9274,75.7904,SKU-44154,Beauty,1,5.15,17285.86,WH_CHENNAI,ecom_express,Delivered,3.0,487.88,LARGE,3,45,2025-01-09 22:56:00,320
ORD-000488,CUST-5139,Amazon,2024-02-29 12:53:00,Hyderabad,500016,17.3306,78.4887,SKU-91107,Electronics,2,10.79,43377.2,WH_DELHI,shadowfax,Delivered,10.0,178.7,EXTRA_LARGE,3,56,2024-03-08 12:53:00,235
ORD-000489,CUST-1082,Flipkart,2024-10-19 09:33:00,Pune,411051,18.4944,73.8307,SKU-72281,Groceries,5,12.42,46954.22,WH_MUMBAI,ecom_express,Returned,,222.9,EXTRA_LARGE,2,58,2024-11-06 09:33:00,470
ORD-000490,CUST-8851,Flipkart,2024-11-07 20:58:00,Bangalore,560084,12.9507,77.6199,SKU-58399,Clothing,5,7.37,27004.38,WH_CHENNAI,delhivery,Delivered,9.0,385.87,LARGE,2,24,2024-11-05 20:58:00,82
ORD-000491,CUST-1333,Website,2024-06-27 04:17:00,Delhi,110083,28.5936,77.2345,SKU-74229,Beauty,3,1.55,22342.41,WH_MUMBAI,ecom_express,In Transit,,120.79,SMALL,1,34,2024-07-10 04:17:00,48
ORD-000492,CUST-6632,Shopify,2024-11-03 00:21:00,Hyderabad,500016,17.3837,78.509,SKU-24096,Automotive,3,13.68,33123.65,WH_BANGALORE,xpressbees,Delivered,9.0,339.42,EXTRA_LARGE,2,57,2024-11-08 00:21:00,285
ORD-000493,CUST-7834,Meesho,2025-06-04 22:03:00,Lucknow,226097,26.8803,80.9644,SKU-40090,Toys,3,2.5,11388.44,WH_MUMBAI,blue_dart,Delivered,5.0,227.22,MEDIUM,1,39,2025-06-13 22:03:00,44
ORD-000494,CUST-6636,Website,2025-04-26 20:15:00,Pune,411021,18.5218,73.8236,SKU-76949,Electronics,1,11.88,26134.85,WH_CHENNAI,blue_dart,Delivered,1.0,205.0,EXTRA_LARGE,1,49,2025-05-26 20:15:00,323
ORD-000495,CUST-6693,Flipkart,2024-07-01 16:14:00,Pune,411037,18.5316,73.879,SKU-24175,Health,2,1.05,1344.92,WH_BANGALORE,shadowfax,Cancelled,,408.31,SMALL,3,15,2024-07-01 16:14:00,100
ORD-000496,CUST-4669,Website,2024-02-08 02:12:00,Pune,411063,18.501,73.8892,SKU-73833,Clothing,4,6.07,48345.19,WH_BANGALORE,delhivery,In Transit,,148.35,LARGE,3,41,2024-02-21 02:12:00,252
ORD-000497,CUST-5715,Amazon,2024-06-16 10:25:00,Pune,411040,18.5261,73.8266,SKU-77237,Toys,2,5.53,15576.83,WH_CHENNAI,blue_dart,Delivered,6.0,22.89,LARGE,1,38,2024-07-10 10:25:00,487
ORD-000498,CUST-6745,Flipkart,2024-02-24 18:34:00,Hyderabad,500030,17.3934,78.4175,SKU-41534,Beauty,3,2.82,1681.7,WH_DELHI,shadowfax,Returned,,262.48,MEDIUM,1,39,2024-02-23 18:34:00,345
ORD-000499,CUST-6987,Flipkart,2025-03-13 17:35:00,Kolkata,700019,22.5358,88.3636,SKU-99345,Groceries,5,14.19,10355.47,WH_DELHI,delhivery,Delivered,8.0,72.44,EXTRA_LARGE,1,11,2025-03-31 17:35:00,179
ORD-000500,CUST-5596,Flipkart,2024-02-13 02:03:00,Chennai,600071,13.0624,80.2329,SKU-21895,Toys,3,7.9,12627.43,WH_DELHI,shadowfax,Cancelled,,36.22,LARGE,1,51,2024-03-14 02:03:00,311
